{
    "parameters": {
        "grow_mode": "single_sided",
        "wave_angle": -1.0471975803375244,
        "start_uv": [
            0.2561578154563904,
            -0.0004057515470776707
        ],
        "end_uv": [
            0.15378254652023315,
            -0.0004552707832772285
        ],
        "start_dir": [
            -0.2356308102607727
        ],
        "end_dir": [
            -1.0554933547973633
        ],
        "init_height": 0.2,
        "sil_spline": {
            "parameters": {
                "key_xs": [
                    0.0,
                    0.05263157933950424,
                    0.10526315867900848,
                    0.15789473056793213,
                    0.21052631735801697,
                    0.2631579041481018,
                    0.31578946113586426,
                    0.3684210479259491,
                    0.42105263471603394,
                    0.4736842215061188,
                    0.5263158082962036,
                    0.5789473652839661,
                    0.6315789222717285,
                    0.6842105388641357,
                    0.7368420958518982,
                    0.7894736528396606,
                    0.8421052694320679,
                    0.8947368264198303,
                    0.9473684430122375,
                    1.0
                ],
                "key_ys": [
                    0.08870705962181091,
                    0.17503400146961212,
                    0.23854510486125946,
                    0.29229849576950073,
                    0.35581788420677185,
                    0.3883727788925171,
                    0.39375999569892883,
                    0.40833020210266113,
                    0.3963509798049927,
                    0.36293238401412964,
                    0.32128995656967163,
                    0.27861499786376953,
                    0.24525877833366394,
                    0.2109857201576233,
                    0.18408331274986267,
                    0.15528513491153717,
                    0.08373034745454788,
                    0.06203566491603851,
                    0.050079863518476486,
                    0.031768523156642914
                ],
                "key_ts": [
                    0.0012755566276609898,
                    0.00025413415278308094,
                    0.0007699804264120758,
                    -0.001224467996507883,
                    0.0031445289496332407,
                    0.0015055006369948387,
                    0.0010625212453305721,
                    0.002612956566736102,
                    -0.0011024965206161141,
                    0.00032113734050653875,
                    0.0020323521457612514,
                    -0.0030230979900807142,
                    -0.0031049244571477175,
                    -0.003058249596506357,
                    -0.00577035266906023,
                    -0.0023970180191099644,
                    -0.002524973126128316,
                    -0.001292159897275269,
                    9.254272299585864e-05,
                    4.006028757430613e-05
                ]
            },
            "optimizer_parameters": {
                "y_lr": 0.05,
                "t_lr": 0.05,
                "scheduler_step_size": 10,
                "scheduler_gamma": 0.99
            }
        },
        "thickness_spline": {
            "parameters": {
                "key_xs": [
                    0.0,
                    0.30000001192092896,
                    0.5,
                    0.699999988079071,
                    1.0
                ],
                "key_ys": [
                    0.0,
                    0.029999999329447746,
                    0.03999999910593033,
                    0.029999999329447746,
                    0.0
                ],
                "key_ts": [
                    0.05000000074505806,
                    0.009999999776482582,
                    0.0,
                    -0.009999999776482582,
                    -0.05000000074505806
                ]
            },
            "optimizer_parameters": {
                "y_lr": 0.05,
                "t_lr": 0.05,
                "scheduler_step_size": 10,
                "scheduler_gamma": 0.99
            }
        },
        "uv_reshape_bb": {
            "uv": [
                0.001953125,
                0.3352864583333333
            ],
            "size": [
                0.3138020833333333,
                0.3138020833333333
            ]
        }
    },
    "optimizer_parameters": {
        "uv_lr": 0.005,
        "dir_lr": 0.05,
        "scheduler_step_size": 10,
        "scheduler_gamma": 0.99
    }
}