{
    "parameters": {
        "grow_mode": "single_sided",
        "wave_angle": -1.0471975803375244,
        "start_uv": [
            -0.008101306855678558,
            -0.0008168208878487349
        ],
        "end_uv": [
            -0.009682904928922653,
            1.004719614982605
        ],
        "start_dir": [
            0.3801508843898773
        ],
        "end_dir": [
            -0.2956273853778839
        ],
        "init_height": 0.2,
        "sil_spline": {
            "parameters": {
                "key_xs": [
                    0.0,
                    0.05263157933950424,
                    0.10526315867900848,
                    0.15789473056793213,
                    0.21052631735801697,
                    0.2631579041481018,
                    0.31578946113586426,
                    0.3684210479259491,
                    0.42105263471603394,
                    0.4736842215061188,
                    0.5263158082962036,
                    0.5789473652839661,
                    0.6315789222717285,
                    0.6842105388641357,
                    0.7368420958518982,
                    0.7894736528396606,
                    0.8421052694320679,
                    0.8947368264198303,
                    0.9473684430122375,
                    1.0
                ],
                "key_ys": [
                    0.2950995862483978,
                    0.5973617434501648,
                    0.6664345860481262,
                    0.558958888053894,
                    0.516588032245636,
                    0.46434202790260315,
                    0.4304896891117096,
                    0.4016900360584259,
                    0.38868266344070435,
                    0.37252017855644226,
                    0.3648451566696167,
                    0.40100088715553284,
                    0.41816994547843933,
                    0.4513414204120636,
                    0.5039634108543396,
                    0.5476588606834412,
                    0.6337010264396667,
                    0.7027486562728882,
                    0.5778402090072632,
                    0.26036375761032104
                ],
                "key_ts": [
                    0.0010533962631598115,
                    0.005495215766131878,
                    -0.007736165542155504,
                    0.0021672951988875866,
                    -0.0060931118205189705,
                    -0.000139719937578775,
                    -0.007962536998093128,
                    -0.0011240144958719611,
                    0.0033456645905971527,
                    -0.006167623680084944,
                    -0.005144752562046051,
                    0.009477117098867893,
                    -0.00037180568324401975,
                    0.005283651407808065,
                    0.0030586638022214174,
                    0.004082856234163046,
                    0.005282038357108831,
                    -0.0014133264776319265,
                    0.0003842129954136908,
                    -0.0017289258539676666
                ]
            },
            "optimizer_parameters": {
                "y_lr": 0.05,
                "t_lr": 0.05,
                "scheduler_step_size": 10,
                "scheduler_gamma": 0.99
            }
        },
        "thickness_spline": {
            "parameters": {
                "key_xs": [
                    0.0,
                    0.30000001192092896,
                    0.5,
                    0.699999988079071,
                    1.0
                ],
                "key_ys": [
                    0.0,
                    0.009999999776482582,
                    0.012000000104308128,
                    0.009999999776482582,
                    0.0
                ],
                "key_ts": [
                    0.009999999776482582,
                    0.0020000000949949026,
                    0.0,
                    -0.0020000000949949026,
                    -0.009999999776482582
                ]
            },
            "optimizer_parameters": {
                "y_lr": 0.05,
                "t_lr": 0.05,
                "scheduler_step_size": 10,
                "scheduler_gamma": 0.99
            }
        },
        "uv_reshape_bb": {
            "uv": [
                0.001953125,
                0.6686197916666666
            ],
            "size": [
                0.3138020833333333,
                0.3138020833333333
            ]
        }
    },
    "optimizer_parameters": {
        "uv_lr": 0.005,
        "dir_lr": 0.05,
        "scheduler_step_size": 10,
        "scheduler_gamma": 0.99
    }
}