{
    "parameters": {
        "grow_mode": "single_sided",
        "wave_angle": -1.0471975803375244,
        "start_uv": [
            0.12881550192832947,
            1.0011638402938843
        ],
        "end_uv": [
            0.19452565908432007,
            1.00001060962677
        ],
        "start_dir": [
            0.8565059304237366
        ],
        "end_dir": [
            -0.6645613312721252
        ],
        "init_height": 0.2,
        "sil_spline": {
            "parameters": {
                "key_xs": [
                    0.0,
                    0.05263157933950424,
                    0.10526315867900848,
                    0.15789473056793213,
                    0.21052631735801697,
                    0.2631579041481018,
                    0.31578946113586426,
                    0.3684210479259491,
                    0.42105263471603394,
                    0.4736842215061188,
                    0.5263158082962036,
                    0.5789473652839661,
                    0.6315789222717285,
                    0.6842105388641357,
                    0.7368420958518982,
                    0.7894736528396606,
                    0.8421052694320679,
                    0.8947368264198303,
                    0.9473684430122375,
                    1.0
                ],
                "key_ys": [
                    0.009458409622311592,
                    0.14133252203464508,
                    0.23375234007835388,
                    0.2884383797645569,
                    0.3178509473800659,
                    0.3473159670829773,
                    0.3804478943347931,
                    0.5766825675964355,
                    0.48000675439834595,
                    0.39970311522483826,
                    0.3177439272403717,
                    0.255522757768631,
                    0.20902995765209198,
                    0.16062411665916443,
                    0.11236763745546341,
                    0.0838351771235466,
                    0.06903000921010971,
                    0.05873024836182594,
                    0.04975862056016922,
                    0.03829697519540787
                ],
                "key_ts": [
                    3.930688035325147e-05,
                    -0.0004536054329946637,
                    0.0004368392110336572,
                    0.004191773943603039,
                    -0.0019420412136241794,
                    -0.00012107942893635482,
                    0.0052963425405323505,
                    -0.011130014434456825,
                    0.0008843222167342901,
                    -0.008214852772653103,
                    -0.0024929321371018887,
                    -0.004182713571935892,
                    -0.0019235482905060053,
                    -0.0007294501992873847,
                    -0.00019285877351649106,
                    -0.00017890444723889232,
                    -0.0006821223651058972,
                    -0.0006402322323992848,
                    -0.00039511159411631525,
                    0.00034642970422282815
                ]
            },
            "optimizer_parameters": {
                "y_lr": 0.05,
                "t_lr": 0.05,
                "scheduler_step_size": 10,
                "scheduler_gamma": 0.99
            }
        },
        "thickness_spline": {
            "parameters": {
                "key_xs": [
                    0.0,
                    0.10000000149011612,
                    0.5,
                    0.8999999761581421,
                    1.0
                ],
                "key_ys": [
                    0.0,
                    0.03999999910593033,
                    0.05000000074505806,
                    0.03999999910593033,
                    0.0
                ],
                "key_ts": [
                    0.07999999821186066,
                    0.019999999552965164,
                    0.0,
                    -0.019999999552965164,
                    -0.07999999821186066
                ]
            },
            "optimizer_parameters": {
                "y_lr": 0.05,
                "t_lr": 0.05,
                "scheduler_step_size": 10,
                "scheduler_gamma": 0.99
            }
        },
        "uv_reshape_bb": {
            "uv": [
                0.3352864583333333,
                0.001953125
            ],
            "size": [
                0.3138020833333333,
                0.3138020833333333
            ]
        }
    },
    "optimizer_parameters": {
        "uv_lr": 0.005,
        "dir_lr": 0.05,
        "scheduler_step_size": 10,
        "scheduler_gamma": 0.99
    }
}