{
    "parameters": {
        "grow_mode": "single_sided",
        "wave_angle": -1.0471975803375244,
        "start_uv": [
            0.24098357558250427,
            1.0008634328842163
        ],
        "end_uv": [
            0.639642596244812,
            1.0020726919174194
        ],
        "start_dir": [
            0.05389904975891113
        ],
        "end_dir": [
            -0.04553145542740822
        ],
        "init_height": 0.2,
        "sil_spline": {
            "parameters": {
                "key_xs": [
                    0.0,
                    0.05263157933950424,
                    0.10526315867900848,
                    0.15789473056793213,
                    0.21052631735801697,
                    0.2631579041481018,
                    0.31578946113586426,
                    0.3684210479259491,
                    0.42105263471603394,
                    0.4736842215061188,
                    0.5263158082962036,
                    0.5789473652839661,
                    0.6315789222717285,
                    0.6842105388641357,
                    0.7368420958518982,
                    0.7894736528396606,
                    0.8421052694320679,
                    0.8947368264198303,
                    0.9473684430122375,
                    1.0
                ],
                "key_ys": [
                    0.09458027780056,
                    0.10497668385505676,
                    0.13875047862529755,
                    0.13121479749679565,
                    0.16020962595939636,
                    0.1615530103445053,
                    0.17512564361095428,
                    0.20318329334259033,
                    0.18296633660793304,
                    0.22061963379383087,
                    0.21094496548175812,
                    0.20873065292835236,
                    0.24299156665802002,
                    0.21080487966537476,
                    0.22509892284870148,
                    0.18138307332992554,
                    0.23639073967933655,
                    0.19652478396892548,
                    0.10774706304073334,
                    0.16347794234752655
                ],
                "key_ts": [
                    -0.0026287485379725695,
                    0.009699163027107716,
                    -0.008443128317594528,
                    0.006934536620974541,
                    -0.0025721932761371136,
                    0.001879884279333055,
                    0.003241914324462414,
                    -0.005875882692635059,
                    0.005375018808990717,
                    0.0036988977808505297,
                    -0.008008182048797607,
                    0.008117587305605412,
                    -0.011489363387227058,
                    0.010265703313052654,
                    -0.003798963036388159,
                    0.0036681301426142454,
                    -0.005632407497614622,
                    -0.00026481683016754687,
                    -0.00953243114054203,
                    0.00585548859089613
                ]
            },
            "optimizer_parameters": {
                "y_lr": 0.05,
                "t_lr": 0.05,
                "scheduler_step_size": 10,
                "scheduler_gamma": 0.99
            }
        },
        "thickness_spline": {
            "parameters": {
                "key_xs": [
                    0.0,
                    0.10000000149011612,
                    0.5,
                    0.8999999761581421,
                    1.0
                ],
                "key_ys": [
                    0.0,
                    0.03999999910593033,
                    0.05000000074505806,
                    0.03999999910593033,
                    0.0
                ],
                "key_ts": [
                    0.07999999821186066,
                    0.019999999552965164,
                    0.0,
                    -0.019999999552965164,
                    -0.07999999821186066
                ]
            },
            "optimizer_parameters": {
                "y_lr": 0.05,
                "t_lr": 0.05,
                "scheduler_step_size": 10,
                "scheduler_gamma": 0.99
            }
        },
        "uv_reshape_bb": {
            "uv": [
                0.3352864583333333,
                0.3352864583333333
            ],
            "size": [
                0.3138020833333333,
                0.3138020833333333
            ]
        }
    },
    "optimizer_parameters": {
        "uv_lr": 0.005,
        "dir_lr": 0.05,
        "scheduler_step_size": 10,
        "scheduler_gamma": 0.99
    }
}