{
    "parameters": {
        "origin_xy": [
            -1.2113616466522217,
            0.005120313726365566
        ],
        "origin_z": 0.0,
        "length_x": 3.1465675830841064,
        "length_y": 0.0,
        "length_z": 0.0,
        "uv_reshape_bb": {
            "uv": [
                0.001953125,
                0.001953125
            ],
            "size": [
                0.3138020833333333,
                0.3138020833333333
            ]
        },
        "top_spline": {
            "parameters": {
                "key_xs": [
                    0.0,
                    0.05263157933950424,
                    0.10526315867900848,
                    0.15789473056793213,
                    0.21052631735801697,
                    0.2631579041481018,
                    0.31578946113586426,
                    0.3684210479259491,
                    0.42105263471603394,
                    0.4736842215061188,
                    0.5263158082962036,
                    0.5789473652839661,
                    0.6315789222717285,
                    0.6842105388641357,
                    0.7368420958518982,
                    0.7894736528396606,
                    0.8421052694320679,
                    0.8947368264198303,
                    0.9473684430122375,
                    1.0
                ],
                "key_ys": [
                    0.015729324892163277,
                    0.0056829326786100864,
                    0.03886626288294792,
                    0.23970456421375275,
                    0.2958046793937683,
                    0.4167653024196625,
                    0.5225785970687866,
                    0.5931851267814636,
                    0.6569792032241821,
                    0.7094133496284485,
                    0.7380428910255432,
                    0.7475458979606628,
                    0.723702073097229,
                    0.6864506006240845,
                    0.627689003944397,
                    0.5410869717597961,
                    0.43194687366485596,
                    0.3191314935684204,
                    0.198212131857872,
                    0.142225444316864
                ],
                "key_ts": [
                    -0.13803713023662567,
                    0.08043887466192245,
                    0.2951525151729584,
                    0.160788431763649,
                    -0.09420997649431229,
                    0.32868003845214844,
                    -0.00020003192184958607,
                    0.2169552594423294,
                    0.157434344291687,
                    0.09234215319156647,
                    -0.0639348179101944,
                    0.04678929224610329,
                    -0.05758487060666084,
                    -0.017369844019412994,
                    -0.20646299421787262,
                    -0.13070593774318695,
                    -0.1714656502008438,
                    -0.07343082875013351,
                    -0.30541422963142395,
                    0.21032336354255676
                ]
            },
            "optimizer_parameters": {
                "y_lr": 0.05,
                "t_lr": 0.05,
                "scheduler_step_size": 10,
                "scheduler_gamma": 0.99
            }
        },
        "bottom_spline": {
            "parameters": {
                "key_xs": [
                    0.0,
                    0.05263157933950424,
                    0.10526315867900848,
                    0.15789473056793213,
                    0.21052631735801697,
                    0.2631579041481018,
                    0.31578946113586426,
                    0.3684210479259491,
                    0.42105263471603394,
                    0.4736842215061188,
                    0.5263158082962036,
                    0.5789473652839661,
                    0.6315789222717285,
                    0.6842105388641357,
                    0.7368420958518982,
                    0.7894736528396606,
                    0.8421052694320679,
                    0.8947368264198303,
                    0.9473684430122375,
                    1.0
                ],
                "key_ys": [
                    0.3082920014858246,
                    0.290057510137558,
                    0.2958794832229614,
                    0.34715536236763,
                    0.43392708897590637,
                    0.5197564959526062,
                    0.5621640682220459,
                    0.5955415964126587,
                    0.6149770617485046,
                    0.6295116543769836,
                    0.6316378116607666,
                    0.6324159502983093,
                    0.6165183186531067,
                    0.6043037176132202,
                    0.5741395354270935,
                    0.5273932814598083,
                    0.4170195758342743,
                    0.24724537134170532,
                    0.02154664508998394,
                    -0.16767242550849915
                ],
                "key_ts": [
                    -0.06780148297548294,
                    0.21409133076667786,
                    -0.1274269074201584,
                    0.20190101861953735,
                    0.2407073825597763,
                    -0.04351222515106201,
                    0.2257169932126999,
                    0.0872889831662178,
                    0.17401975393295288,
                    0.22549422085285187,
                    -0.031591132283210754,
                    0.0208477433770895,
                    -0.12224696576595306,
                    -0.039124585688114166,
                    -0.12115088105201721,
                    -0.08157955855131149,
                    -0.22368203103542328,
                    -0.17232777178287506,
                    -0.3120145797729492,
                    0.20649531483650208
                ]
            },
            "optimizer_parameters": {
                "y_lr": 0.05,
                "t_lr": 0.05,
                "scheduler_step_size": 10,
                "scheduler_gamma": 0.99
            }
        },
        "thickness_spline": {
            "parameters": {
                "key_xs": [
                    0.0,
                    0.10000000149011612,
                    0.20000000298023224,
                    0.30000001192092896,
                    0.4000000059604645,
                    0.6000000238418579,
                    0.699999988079071,
                    0.800000011920929,
                    0.8999999761581421,
                    1.0
                ],
                "key_ys": [
                    0.0,
                    0.6000000238418579,
                    0.75,
                    0.8299999833106995,
                    0.8999999761581421,
                    0.8500000238418579,
                    0.75,
                    0.6000000238418579,
                    0.4000000059604645,
                    0.0
                ],
                "key_ts": [
                    5.0,
                    4.0,
                    2.0,
                    1.0,
                    0.10000000149011612,
                    -0.10000000149011612,
                    -0.5,
                    -0.699999988079071,
                    -1.0,
                    -4.0
                ]
            },
            "optimizer_parameters": {
                "y_lr": 0.05,
                "t_lr": 0.05,
                "scheduler_step_size": 10,
                "scheduler_gamma": 0.99
            }
        },