{
    "parameters": {
        "grow_mode": "single_sided",
        "wave_angle": -1.0471975803375244,
        "start_uv": [
            0.6931860446929932,
            0.038539137691259384
        ],
        "end_uv": [
            0.651807963848114,
            0.006077426951378584
        ],
        "start_dir": [
            -0.9459863305091858
        ],
        "end_dir": [
            -1.2096540927886963
        ],
        "init_height": 0.2,
        "sil_spline": {
            "parameters": {
                "key_xs": [
                    0.0,
                    0.05263157933950424,
                    0.10526315867900848,
                    0.15789473056793213,
                    0.21052631735801697,
                    0.2631579041481018,
                    0.31578946113586426,
                    0.3684210479259491,
                    0.42105263471603394,
                    0.4736842215061188,
                    0.5263158082962036,
                    0.5789473652839661,
                    0.6315789222717285,
                    0.6842105388641357,
                    0.7368420958518982,
                    0.7894736528396606,
                    0.8421052694320679,
                    0.8947368264198303,
                    0.9473684430122375,
                    1.0
                ],
                "key_ys": [
                    0.1740484982728958,
                    0.1709483414888382,
                    0.1882796436548233,
                    0.20695754885673523,
                    0.2110460251569748,
                    0.22681166231632233,
                    0.236101433634758,
                    0.2454705387353897,
                    0.2541050910949707,
                    0.2657015025615692,
                    0.27534353733062744,
                    0.28775835037231445,
                    0.29133346676826477,
                    0.3296836018562317,
                    0.20916780829429626,
                    0.2167133390903473,
                    0.20589110255241394,
                    0.19277723133563995,
                    0.17701877653598785,
                    0.17269881069660187
                ],
                "key_ts": [
                    -0.00032139464747160673,
                    -0.00041304100886918604,
                    0.0009714603656902909,
                    -0.0003056015120819211,
                    -0.0003156514430884272,
                    0.0003071680839639157,
                    0.0008768028346821666,
                    -0.0003478279977571219,
                    -0.0005429738666862249,
                    0.00012585164222400635,
                    0.0004211948544252664,
                    0.001810020417906344,
                    -0.0049214959144592285,
                    0.007438237778842449,
                    0.00017763671348802745,
                    -0.00042397197103127837,
                    9.158096509054303e-05,
                    -0.0003503194311633706,
                    -0.0004161461256444454,
                    -5.115660314913839e-05
                ]
            },
            "optimizer_parameters": {
                "y_lr": 0.05,
                "t_lr": 0.05,
                "scheduler_step_size": 10,
                "scheduler_gamma": 0.99
            }
        },
        "thickness_spline": {
            "parameters": {
                "key_xs": [
                    0.0,
                    1.0
                ],
                "key_ys": [
                    0.0,
                    0.0
                ],
                "key_ts": [
                    0.0,
                    0.0
                ]
            },
            "optimizer_parameters": {
                "y_lr": 0,
                "t_lr": 0,
                "scheduler_step_size": 0,
                "scheduler_gamma": 0
            }
        },
        "uv_reshape_bb": {
            "uv": [
                0.3352864583333333,
                0.6686197916666666
            ],
            "size": [
                0.3138020833333333,
                0.3138020833333333
            ]
        }
    },
    "optimizer_parameters": {
        "uv_lr": 0.005,
        "dir_lr": 0.05,
        "scheduler_step_size": 10,
        "scheduler_gamma": 0.99
    }
}