{
    "parameters": {
        "start_uv": [
            0.022837098687887192,
            0.0
        ],
        "end_uv": [
            0.31661567091941833,
            0.0
        ],
        "start_dir": [
            -0.004074090626090765
        ],
        "end_dir": [
            -0.8874543309211731
        ],
        "init_height": 0.2,
        "sil_spline": {
            "parameters": {
                "key_xs": [
                    0.0,
                    0.05263157933950424,
                    0.10526315867900848,
                    0.15789473056793213,
                    0.21052631735801697,
                    0.2631579041481018,
                    0.31578946113586426,
                    0.3684210479259491,
                    0.42105263471603394,
                    0.4736842215061188,
                    0.5263158082962036,
                    0.5789473652839661,
                    0.6315789222717285,
                    0.6842105388641357,
                    0.7368420958518982,
                    0.7894736528396606,
                    0.8421052694320679,
                    0.8947368264198303,
                    0.9473684430122375,
                    1.0
                ],
                "key_ys": [
                    0.2676493227481842,
                    0.7018309831619263,
                    0.7358309030532837,
                    0.7139264345169067,
                    0.7246039509773254,
                    0.7038619518280029,
                    0.6873244047164917,
                    0.6818071603775024,
                    0.6586306095123291,
                    0.5709463357925415,
                    0.5256249308586121,
                    0.45674261450767517,
                    0.6099883913993835,
                    0.5552772879600525,
                    0.5342499613761902,
                    0.513362467288971,
                    0.4886062443256378,
                    0.5078749060630798,
                    0.5009447336196899,
                    0.5019130110740662
                ],
                "key_ts": [
                    -2.141214370727539,
                    3.462318181991577,
                    -0.7254601716995239,
                    -0.5049682855606079,
                    -0.13495193421840668,
                    -0.19004777073860168,
                    1.0545592308044434,
                    -0.46747463941574097,
                    -0.16013506054878235,
                    -1.639386534690857,
                    0.2687414288520813,
                    2.309948205947876,
                    -2.7654848098754883,
                    -0.886734664440155,
                    1.2420581579208374,
                    -0.3050955533981323,
                    0.16030223667621613,
                    -0.9677950739860535,
                    -0.47938284277915955,
                    -0.1545378714799881
                ]
            },
            "optimizer_parameters": {
                "y_lr": 0.05,
                "t_lr": 0.05,
                "scheduler_step_size": 20,
                "scheduler_gamma": 0.99
            }
        }
    },
    "optimizer_parameters": {
        "uv_lr": 0.005,
        "dir_lr": 0.05,
        "scheduler_step_size": 20,
        "scheduler_gamma": 0.99
    }
}