{
    "parameters": {
        "start_uv": [
            0.19480490684509277,
            -0.0002839936933014542
        ],
        "end_uv": [
            0.09922724217176437,
            -8.745698141865432e-05
        ],
        "start_dir": [
            -0.38294854760169983
        ],
        "end_dir": [
            -0.7661493420600891
        ],
        "init_height": 0.2,
        "sil_spline": {
            "parameters": {
                "key_xs": [
                    0.0,
                    0.05263157933950424,
                    0.10526315867900848,
                    0.15789473056793213,
                    0.21052631735801697,
                    0.2631579041481018,
                    0.31578946113586426,
                    0.3684210479259491,
                    0.42105263471603394,
                    0.4736842215061188,
                    0.5263158082962036,
                    0.5789473652839661,
                    0.6315789222717285,
                    0.6842105388641357,
                    0.7368420958518982,
                    0.7894736528396606,
                    0.8421052694320679,
                    0.8947368264198303,
                    0.9473684430122375,
                    1.0
                ],
                "key_ys": [
                    0.35587066411972046,
                    0.38009312748908997,
                    0.4536482095718384,
                    0.5014026761054993,
                    0.5539643168449402,
                    0.5863332748413086,
                    0.6175576448440552,
                    0.6781744360923767,
                    0.7322165369987488,
                    0.7076031565666199,
                    0.6761003732681274,
                    0.6442754864692688,
                    0.6143227219581604,
                    0.5858736634254456,
                    0.54947429895401,
                    0.5068802237510681,
                    0.4573599696159363,
                    0.4212085008621216,
                    0.3859492838382721,
                    0.35100364685058594
                ],
                "key_ts": [
                    -0.018876226618885994,
                    0.0317455530166626,
                    -0.016474081203341484,
                    0.02862495183944702,
                    -0.003979563247412443,
                    0.010081121698021889,
                    -0.0005780557403340936,
                    0.004212724976241589,
                    0.007610763423144817,
                    -0.027370786294341087,
                    -0.005588282365351915,
                    -0.015286712907254696,
                    -0.01457193959504366,
                    -0.012608842924237251,
                    -0.007525603752583265,
                    -0.02379787340760231,
                    -0.005271025467664003,
                    0.00627851253375411,
                    -0.016041956841945648,
                    0.00041734357364475727
                ]
            },
            "optimizer_parameters": {
                "y_lr": 0.05,
                "t_lr": 0.05,
                "scheduler_step_size": 10,
                "scheduler_gamma": 0.99
            }
        },
        "uv_reshape_bb": null
    },
    "optimizer_parameters": {
        "uv_lr": 0.005,
        "dir_lr": 0.05,
        "scheduler_step_size": 10,
        "scheduler_gamma": 0.99
    }
}