{
    "parameters": {
        "start_uv": [
            -0.002138823037967086,
            -0.0001401238259859383
        ],
        "end_uv": [
            -0.0012014913372695446,
            1.001315951347351
        ],
        "start_dir": [
            1.0032116174697876
        ],
        "end_dir": [
            -0.748276948928833
        ],
        "init_height": 0.2,
        "sil_spline": {
            "parameters": {
                "key_xs": [
                    0.0,
                    0.05263157933950424,
                    0.10526315867900848,
                    0.15789473056793213,
                    0.21052631735801697,
                    0.2631579041481018,
                    0.31578946113586426,
                    0.3684210479259491,
                    0.42105263471603394,
                    0.4736842215061188,
                    0.5263158082962036,
                    0.5789473652839661,
                    0.6315789222717285,
                    0.6842105388641357,
                    0.7368420958518982,
                    0.7894736528396606,
                    0.8421052694320679,
                    0.8947368264198303,
                    0.9473684430122375,
                    1.0
                ],
                "key_ys": [
                    0.0005897940136492252,
                    0.03537990525364876,
                    0.007949580438435078,
                    1.1270499229431152,
                    1.4074302911758423,
                    1.6335222721099854,
                    1.8697965145111084,
                    1.561119556427002,
                    1.1144686937332153,
                    0.7722692489624023,
                    0.602413535118103,
                    0.5662537217140198,
                    1.388647437095642,
                    1.6067055463790894,
                    1.9025967121124268,
                    1.6478967666625977,
                    1.2128233909606934,
                    0.3770366907119751,
                    0.03617530316114426,
                    0.07175379991531372
                ],
                "key_ts": [
                    -0.012875629588961601,
                    0.0010958999628201127,
                    -0.008086690679192543,
                    -0.004979945253580809,
                    0.006870174780488014,
                    -0.0018084814073517919,
                    -0.018560195341706276,
                    -0.03241649270057678,
                    -0.025122305378317833,
                    -0.03061029501259327,
                    0.017606491222977638,
                    -0.01709560677409172,
                    0.034675389528274536,
                    -0.010429256595671177,
                    0.028547950088977814,
                    0.003891316708177328,
                    0.007328096777200699,
                    -0.01271116267889738,
                    0.01794852688908577,
                    -0.005419927649199963
                ]
            },
            "optimizer_parameters": {
                "y_lr": 0.05,
                "t_lr": 0.05,
                "scheduler_step_size": 10,
                "scheduler_gamma": 0.99
            }
        },
        "uv_reshape_bb": null
    },
    "optimizer_parameters": {
        "uv_lr": 0.005,
        "dir_lr": 0.05,
        "scheduler_step_size": 10,
        "scheduler_gamma": 0.99
    }
}