{
    "parameters": {
        "start_uv": [
            0.0976080596446991,
            1.0007638931274414
        ],
        "end_uv": [
            0.47582682967185974,
            1.000915765762329
        ],
        "start_dir": [
            1.470279574394226
        ],
        "end_dir": [
            -0.09602238237857819
        ],
        "init_height": 0.2,
        "sil_spline": {
            "parameters": {
                "key_xs": [
                    0.0,
                    0.05263157933950424,
                    0.10526315867900848,
                    0.15789473056793213,
                    0.21052631735801697,
                    0.2631579041481018,
                    0.31578946113586426,
                    0.3684210479259491,
                    0.42105263471603394,
                    0.4736842215061188,
                    0.5263158082962036,
                    0.5789473652839661,
                    0.6315789222717285,
                    0.6842105388641357,
                    0.7368420958518982,
                    0.7894736528396606,
                    0.8421052694320679,
                    0.8947368264198303,
                    0.9473684430122375,
                    1.0
                ],
                "key_ys": [
                    5.0458831537980586e-05,
                    0.04856643080711365,
                    0.09976305812597275,
                    0.22507697343826294,
                    0.35651034116744995,
                    0.41397592425346375,
                    0.453128844499588,
                    0.46773576736450195,
                    0.4805528223514557,
                    0.4857954680919647,
                    0.47914788126945496,
                    0.4629456102848053,
                    0.7490271925926208,
                    0.6604117751121521,
                    0.5683228373527527,
                    0.48232129216194153,
                    0.4242686331272125,
                    0.37004292011260986,
                    0.15411868691444397,
                    0.013048101216554642
                ],
                "key_ts": [
                    -0.023876752704381943,
                    0.02659028209745884,
                    0.005370441358536482,
                    0.020146820694208145,
                    0.011576876044273376,
                    0.03134407848119736,
                    0.001586242811754346,
                    -0.003901564283296466,
                    0.0012966517824679613,
                    0.006280841771513224,
                    0.016528524458408356,
                    -0.02886335924267769,
                    -0.01221298985183239,
                    -0.01014708448201418,
                    0.0030037760734558105,
                    -0.03878533095121384,
                    0.023398810997605324,
                    -0.02299509383738041,
                    -0.008119628764688969,
                    0.004542321432381868
                ]
            },
            "optimizer_parameters": {
                "y_lr": 0.05,
                "t_lr": 0.05,
                "scheduler_step_size": 10,
                "scheduler_gamma": 0.99
            }
        },
        "uv_reshape_bb": null
    },
    "optimizer_parameters": {
        "uv_lr": 0.005,
        "dir_lr": 0.05,
        "scheduler_step_size": 10,
        "scheduler_gamma": 0.99
    }
}