{
    "parameters": {
        "origin_xy": [
            -0.28472182154655457,
            0.04940437525510788
        ],
        "origin_z": 0.0,
        "length_x": 2.273775100708008,
        "length_y": 0.0,
        "length_z": 0.0,
        "uv_reshape_bb": null,
        "top_spline": {
            "parameters": {
                "key_xs": [
                    0.0,
                    0.05263157933950424,
                    0.10526315867900848,
                    0.15789473056793213,
                    0.21052631735801697,
                    0.2631579041481018,
                    0.31578946113586426,
                    0.3684210479259491,
                    0.42105263471603394,
                    0.4736842215061188,
                    0.5263158082962036,
                    0.5789473652839661,
                    0.6315789222717285,
                    0.6842105388641357,
                    0.7368420958518982,
                    0.7894736528396606,
                    0.8421052694320679,
                    0.8947368264198303,
                    0.9473684430122375,
                    1.0
                ],
                "key_ys": [
                    0.09442143142223358,
                    0.11145128309726715,
                    0.15998458862304688,
                    0.2042006254196167,
                    0.24008749425411224,
                    0.2843332290649414,
                    0.32259541749954224,
                    0.36004140973091125,
                    0.37683144211769104,
                    0.38704970479011536,
                    0.376875638961792,
                    0.36256709694862366,
                    0.34031063318252563,
                    0.3006431758403778,
                    0.26005375385284424,
                    0.2029985785484314,
                    0.14652322232723236,
                    0.0864204689860344,
                    0.028815224766731262,
                    -0.01366114430129528
                ],
                "key_ts": [
                    -0.4722745418548584,
                    0.44581538438796997,
                    0.6959356069564819,
                    0.31901782751083374,
                    0.4317208230495453,
                    0.3725380599498749,
                    0.39549437165260315,
                    0.5244678258895874,
                    0.761981189250946,
                    0.20874346792697906,
                    0.30219459533691406,
                    -0.03220955282449722,
                    -0.1849704086780548,
                    -0.7582054138183594,
                    -0.6662431359291077,
                    -0.7855085730552673,
                    -0.7764475345611572,
                    -0.6583784222602844,
                    -0.4281221926212311,
                    0.733690083026886
                ]
            },
            "optimizer_parameters": {
                "y_lr": 0.05,
                "t_lr": 0.05,
                "scheduler_step_size": 10,
                "scheduler_gamma": 0.99
            }
        },
        "bottom_spline": {
            "parameters": {
                "key_xs": [
                    0.0,
                    0.05263157933950424,
                    0.10526315867900848,
                    0.15789473056793213,
                    0.21052631735801697,
                    0.2631579041481018,
                    0.31578946113586426,
                    0.3684210479259491,
                    0.42105263471603394,
                    0.4736842215061188,
                    0.5263158082962036,
                    0.5789473652839661,
                    0.6315789222717285,
                    0.6842105388641357,
                    0.7368420958518982,
                    0.7894736528396606,
                    0.8421052694320679,
                    0.8947368264198303,
                    0.9473684430122375,
                    1.0
                ],
                "key_ys": [
                    0.17517408728599548,
                    0.1926117241382599,
                    0.25020742416381836,
                    0.3163841962814331,
                    0.38104256987571716,
                    0.4253278970718384,
                    0.4630633592605591,
                    0.49765172600746155,
                    0.5310134887695312,
                    0.5505580306053162,
                    0.557289719581604,
                    0.5569297671318054,
                    0.5568139553070068,
                    0.542271077632904,
                    0.5183850526809692,
                    0.48649170994758606,
                    0.4416673183441162,
                    0.38542258739471436,
                    0.3044382929801941,
                    0.025955690070986748
                ],
                "key_ts": [
                    -0.3999590277671814,
                    0.5307002067565918,
                    1.4705690145492554,
                    1.5840873718261719,
                    0.45396026968955994,
                    0.5595024824142456,
                    0.5480369329452515,
                    0.5831543207168579,
                    0.496332049369812,
                    0.1972714066505432,
                    -0.16174615919589996,
                    -0.08495352417230606,
                    -0.09222349524497986,
                    -0.17040663957595825,
                    -0.48266488313674927,
                    -0.6420214772224426,
                    -0.7558779716491699,
                    -1.0755493640899658,
                    -1.934422492980957,
                    1.144779086112976
                ]
            },
            "optimizer_parameters": {
                "y_lr": 0.05,
                "t_lr": 0.05,
                "scheduler_step_size": 10,
                "scheduler_gamma": 0.99
            }
        },
        "thickness_spline": {
            "parameters": {
                "key_xs": [
                    0.0,
                    0.10000000149011612,
                    0.20000000298023224,
                    0.30000001192092896,
                    0.4000000059604645,
                    0.6000000238418579,
                    0.699999988079071,
                    0.800000011920929,
                    0.8999999761581421,
                    1.0
                ],
                "key_ys": [
                    0.0,
                    0.6000000238418579,
                    0.75,
                    0.8299999833106995,
                    0.8999999761581421,
                    0.8500000238418579,
                    0.75,
                    0.6000000238418579,
                    0.4000000059604645,
                    0.0
                ],
                "key_ts": [
                    5.0,
                    4.0,
                    2.0,
                    1.0,
                    0.10000000149011612,
                    -0.10000000149011612,
                    -0.5,
                    -0.699999988079071,
                    -1.0,
                    -4.0
                ]
            },
            "optimizer_parameters": {
                "y_lr": 0.05,
                "t_lr": 0.05,
                "scheduler_step_size": 10,
                "scheduler_gamma": 0.99
            }
        },
        "stream_spline": {
            "parameters": {
                "key_xs": [
                    0.0,
                    0.10000000149011612,
                    0.20000000298023224,
                    0.30000001192092896,
                    0.4000000059604645,
                    0.6000000238418579,
                    0.699999988079071,
                    0.800000011920929,
                    0.8999999761581421,
                    1.0
                ],