{
    "parameters": {
        "start_uv": [
            0.5157591104507446,
            0.35335075855255127
        ],
        "end_uv": [
            0.5121384859085083,
            0.46471619606018066
        ],
        "start_dir": [
            -0.04048406705260277
        ],
        "end_dir": [
            -0.23544977605342865
        ],
        "init_height": 0.2,
        "sil_spline": {
            "parameters": {
                "key_xs": [
                    0.0,
                    0.05263157933950424,
                    0.10526315867900848,
                    0.15789473056793213,
                    0.21052631735801697,
                    0.2631579041481018,
                    0.31578946113586426,
                    0.3684210479259491,
                    0.42105263471603394,
                    0.4736842215061188,
                    0.5263158082962036,
                    0.5789473652839661,
                    0.6315789222717285,
                    0.6842105388641357,
                    0.7368420958518982,
                    0.7894736528396606,
                    0.8421052694320679,
                    0.8947368264198303,
                    0.9473684430122375,
                    1.0
                ],
                "key_ys": [
                    0.2653735280036926,
                    0.22655990719795227,
                    0.2656616270542145,
                    0.2804810106754303,
                    0.30056437849998474,
                    0.3128857910633087,
                    0.33223167061805725,
                    0.35377398133277893,
                    0.369814932346344,
                    0.37944266200065613,
                    0.3885042667388916,
                    0.40465787053108215,
                    0.42931872606277466,
                    0.4383416771888733,
                    0.45407170057296753,
                    0.4657173752784729,
                    0.4268512725830078,
                    0.3264489769935608,
                    0.23887868225574493,
                    0.2289830446243286
                ],
                "key_ts": [
                    -0.018950842320919037,
                    0.026566727086901665,
                    -0.0057633062824606895,
                    0.01976635865867138,
                    0.006323876790702343,
                    0.016475263983011246,
                    0.022524088621139526,
                    0.008746011182665825,
                    0.015088537707924843,
                    0.012800725176930428,
                    0.018251534551382065,
                    -0.006311650853604078,
                    -0.007157422602176666,
                    0.0032713953405618668,
                    -0.010195406153798103,
                    -0.009817254729568958,
                    -0.0029981667175889015,
                    -0.002497680252417922,
                    -0.014156089164316654,
                    -0.004595297388732433
                ]
            },
            "optimizer_parameters": {
                "y_lr": 0.05,
                "t_lr": 0.05,
                "scheduler_step_size": 10,
                "scheduler_gamma": 0.99
            }
        },
        "uv_reshape_bb": null
    },
    "optimizer_parameters": {
        "uv_lr": 0.005,
        "dir_lr": 0.05,
        "scheduler_step_size": 10,
        "scheduler_gamma": 0.99
    }
}