{
    "parameters": {
        "start_uv": [
            0.5072491765022278,
            0.052753254771232605
        ],
        "end_uv": [
            0.48826494812965393,
            0.07674754410982132
        ],
        "start_dir": [
            0.2088685929775238
        ],
        "end_dir": [
            -1.158029317855835
        ],
        "init_height": 0.2,
        "sil_spline": {
            "parameters": {
                "key_xs": [
                    0.0,
                    0.05263157933950424,
                    0.10526315867900848,
                    0.15789473056793213,
                    0.21052631735801697,
                    0.2631579041481018,
                    0.31578946113586426,
                    0.3684210479259491,
                    0.42105263471603394,
                    0.4736842215061188,
                    0.5263158082962036,
                    0.5789473652839661,
                    0.6315789222717285,
                    0.6842105388641357,
                    0.7368420958518982,
                    0.7894736528396606,
                    0.8421052694320679,
                    0.8947368264198303,
                    0.9473684430122375,
                    1.0
                ],
                "key_ys": [
                    0.08587360382080078,
                    0.06890961527824402,
                    0.02908610738813877,
                    0.10318567603826523,
                    0.2744223177433014,
                    0.36326202750205994,
                    0.47811654210090637,
                    0.5992570519447327,
                    0.71501225233078,
                    1.074603796005249,
                    1.0506991147994995,
                    1.022015929222107,
                    0.9734205603599548,
                    0.8774175047874451,
                    0.7755377888679504,
                    0.695540726184845,
                    0.2354910522699356,
                    0.18427583575248718,
                    0.15690116584300995,
                    0.14339765906333923
                ],
                "key_ts": [
                    -0.020149510353803635,
                    0.025941211730241776,
                    -0.011201465502381325,
                    -0.002895655343309045,
                    0.023442132398486137,
                    -0.013332687318325043,
                    -0.007243022322654724,
                    0.00385827524587512,
                    -0.00592513382434845,
                    -0.01980794034898281,
                    0.001217445358633995,
                    -0.0071584489196538925,
                    -0.01659368723630905,
                    -0.012212923727929592,
                    -0.004685077350586653,
                    -0.01961863785982132,
                    -0.01599598117172718,
                    0.0005447022849693894,
                    -0.019814152270555496,
                    0.0009369290200993419
                ]
            },
            "optimizer_parameters": {
                "y_lr": 0.05,
                "t_lr": 0.05,
                "scheduler_step_size": 10,
                "scheduler_gamma": 0.99
            }
        },
        "uv_reshape_bb": null
    },
    "optimizer_parameters": {
        "uv_lr": 0.005,
        "dir_lr": 0.05,
        "scheduler_step_size": 10,
        "scheduler_gamma": 0.99
    }
}