{
    "parameters": {
        "grow_mode": "single_sided",
        "wave_angle": -1.0471975803375244,
        "start_uv": [
            0.5320401787757874,
            -0.0022719919215887785
        ],
        "end_uv": [
            0.40732574462890625,
            -0.0006944679189473391
        ],
        "start_dir": [
            -0.5957094430923462
        ],
        "end_dir": [
            -1.2362149953842163
        ],
        "init_height": 0.2,
        "sil_spline": {
            "parameters": {
                "key_xs": [
                    0.0,
                    0.05263157933950424,
                    0.10526315867900848,
                    0.15789473056793213,
                    0.21052631735801697,
                    0.2631579041481018,
                    0.31578946113586426,
                    0.3684210479259491,
                    0.42105263471603394,
                    0.4736842215061188,
                    0.5263158082962036,
                    0.5789473652839661,
                    0.6315789222717285,
                    0.6842105388641357,
                    0.7368420958518982,
                    0.7894736528396606,
                    0.8421052694320679,
                    0.8947368264198303,
                    0.9473684430122375,
                    1.0
                ],
                "key_ys": [
                    0.03134836256504059,
                    0.07729906588792801,
                    0.1749342828989029,
                    0.29549258947372437,
                    0.3767031729221344,
                    0.45733287930488586,
                    0.520647406578064,
                    0.5842804312705994,
                    0.6309430599212646,
                    0.679646372795105,
                    0.7029610276222229,
                    0.7340187430381775,
                    0.7348175048828125,
                    0.7201061844825745,
                    0.7035137414932251,
                    0.6914896368980408,
                    0.589503288269043,
                    0.5127394795417786,
                    0.44528552889823914,
                    0.4042069911956787
                ],
                "key_ts": [
                    -0.004111342132091522,
                    0.0020140944980084896,
                    0.00462390435859561,
                    0.0005047852173447609,
                    0.0007018378819338977,
                    0.0065280175767838955,
                    -0.0003379357513040304,
                    0.007224545814096928,
                    0.007284681312739849,
                    0.006905336864292622,
                    -0.0047333077527582645,
                    0.007890753448009491,
                    0.0032394605223089457,
                    -0.0024265151005238295,
                    0.0002807882847264409,
                    0.007257041055709124,
                    -0.004981718026101589,
                    0.002227251883596182,
                    1.775071541487705e-05,
                    -0.000713394780177623
                ]
            },
            "optimizer_parameters": {
                "y_lr": 0.05,
                "t_lr": 0.05,
                "scheduler_step_size": 10,
                "scheduler_gamma": 0.99
            }
        },
        "thickness_spline": {
            "parameters": {
                "key_xs": [
                    0.0,
                    0.30000001192092896,
                    0.5,
                    0.699999988079071,
                    1.0
                ],
                "key_ys": [
                    0.0,
                    0.029999999329447746,
                    0.03999999910593033,
                    0.029999999329447746,
                    0.0
                ],
                "key_ts": [
                    0.05000000074505806,
                    0.009999999776482582,
                    0.0,
                    -0.009999999776482582,
                    -0.05000000074505806
                ]
            },
            "optimizer_parameters": {
                "y_lr": 0.05,
                "t_lr": 0.05,
                "scheduler_step_size": 10,
                "scheduler_gamma": 0.99
            }
        },
        "uv_reshape_bb": {
            "uv": [
                0.001953125,
                0.3352864583333333
            ],
            "size": [
                0.3138020833333333,
                0.3138020833333333
            ]
        }
    },
    "optimizer_parameters": {
        "uv_lr": 0.005,
        "dir_lr": 0.05,
        "scheduler_step_size": 10,
        "scheduler_gamma": 0.99
    }
}