{
    "parameters": {
        "grow_mode": "single_sided",
        "wave_angle": -1.0471975803375244,
        "start_uv": [
            0.24823354184627533,
            -0.001882718876004219
        ],
        "end_uv": [
            0.2044689953327179,
            0.0001379031891701743
        ],
        "start_dir": [
            -0.080439992249012
        ],
        "end_dir": [
            -1.2840797901153564
        ],
        "init_height": 0.2,
        "sil_spline": {
            "parameters": {
                "key_xs": [
                    0.0,
                    0.05263157933950424,
                    0.10526315867900848,
                    0.15789473056793213,
                    0.21052631735801697,
                    0.2631579041481018,
                    0.31578946113586426,
                    0.3684210479259491,
                    0.42105263471603394,
                    0.4736842215061188,
                    0.5263158082962036,
                    0.5789473652839661,
                    0.6315789222717285,
                    0.6842105388641357,
                    0.7368420958518982,
                    0.7894736528396606,
                    0.8421052694320679,
                    0.8947368264198303,
                    0.9473684430122375,
                    1.0
                ],
                "key_ys": [
                    0.34765923023223877,
                    0.32856038212776184,
                    0.29777634143829346,
                    0.2684866189956665,
                    0.25026506185531616,
                    0.224447563290596,
                    0.2234170138835907,
                    0.19910606741905212,
                    0.14662319421768188,
                    0.1924736350774765,
                    0.18122044205665588,
                    0.17417128384113312,
                    0.14615511894226074,
                    0.04599091783165932,
                    0.08375000208616257,
                    0.05663253366947174,
                    0.06243445351719856,
                    0.056886184960603714,
                    0.05233805999159813,
                    0.047896258533000946
                ],
                "key_ts": [
                    0.00237294752150774,
                    -0.005394624546170235,
                    0.0013874003197997808,
                    0.0006530488026328385,
                    -0.0036267677787691355,
                    0.005581088829785585,
                    -0.003940779250115156,
                    0.0015923631144687533,
                    -0.0002589177747722715,
                    -0.003012170782312751,
                    -0.0013063328806310892,
                    -0.0010734456591308117,
                    -0.00046605055104009807,
                    0.0014786426909267902,
                    -0.00019644643180072308,
                    0.0012947546783834696,
                    -0.0005095867672935128,
                    0.0006971435504965484,
                    -5.41779154445976e-05,
                    -0.0005312652210704982
                ]
            },
            "optimizer_parameters": {
                "y_lr": 0.05,
                "t_lr": 0.05,
                "scheduler_step_size": 10,
                "scheduler_gamma": 0.99
            }
        },
        "thickness_spline": {
            "parameters": {
                "key_xs": [
                    0.0,
                    0.30000001192092896,
                    0.5,
                    0.699999988079071,
                    1.0
                ],
                "key_ys": [
                    0.0,
                    0.029999999329447746,
                    0.03999999910593033,
                    0.029999999329447746,
                    0.0
                ],
                "key_ts": [
                    0.05000000074505806,
                    0.009999999776482582,
                    0.0,
                    -0.009999999776482582,
                    -0.05000000074505806
                ]
            },
            "optimizer_parameters": {
                "y_lr": 0.05,
                "t_lr": 0.05,
                "scheduler_step_size": 10,
                "scheduler_gamma": 0.99
            }
        },
        "uv_reshape_bb": {
            "uv": [
                0.001953125,
                0.6686197916666666
            ],
            "size": [
                0.3138020833333333,
                0.3138020833333333
            ]
        }
    },
    "optimizer_parameters": {
        "uv_lr": 0.005,
        "dir_lr": 0.05,
        "scheduler_step_size": 10,
        "scheduler_gamma": 0.99
    }
}