{
    "parameters": {
        "grow_mode": "single_sided",
        "wave_angle": -1.0471975803375244,
        "start_uv": [
            0.09023309499025345,
            -0.0006086318171583116
        ],
        "end_uv": [
            0.02640950307250023,
            1.002191424369812
        ],
        "start_dir": [
            0.8939749598503113
        ],
        "end_dir": [
            -0.9790985584259033
        ],
        "init_height": 0.2,
        "sil_spline": {
            "parameters": {
                "key_xs": [
                    0.0,
                    0.05263157933950424,
                    0.10526315867900848,
                    0.15789473056793213,
                    0.21052631735801697,
                    0.2631579041481018,
                    0.31578946113586426,
                    0.3684210479259491,
                    0.42105263471603394,
                    0.4736842215061188,
                    0.5263158082962036,
                    0.5789473652839661,
                    0.6315789222717285,
                    0.6842105388641357,
                    0.7368420958518982,
                    0.7894736528396606,
                    0.8421052694320679,
                    0.8947368264198303,
                    0.9473684430122375,
                    1.0
                ],
                "key_ys": [
                    0.6068006753921509,
                    0.6963534951210022,
                    0.7680094242095947,
                    0.8004216551780701,
                    0.8103899359703064,
                    0.8011784553527832,
                    0.7870052456855774,
                    0.755698561668396,
                    0.7229099273681641,
                    0.6972008347511292,
                    0.6806390881538391,
                    0.6725770831108093,
                    0.6747186183929443,
                    0.6831465363502502,
                    0.6921033263206482,
                    0.7079340815544128,
                    0.7176043391227722,
                    0.7265463471412659,
                    0.7223119735717773,
                    0.24045945703983307
                ],
                "key_ts": [
                    0.0018953041872009635,
                    0.006020228378474712,
                    6.70672015985474e-05,
                    0.002117931842803955,
                    -0.0008427026914432645,
                    -0.008325829170644283,
                    -0.006037222221493721,
                    -0.006053802091628313,
                    -0.005664976313710213,
                    -0.002575220772996545,
                    -0.0049869525246322155,
                    0.007486362941563129,
                    0.0033279790077358484,
                    0.0072890701703727245,
                    0.010565606877207756,
                    -0.008632723242044449,
                    0.010207578539848328,
                    0.0003922976611647755,
                    -0.005130220670253038,
                    0.0003406334144528955
                ]
            },
            "optimizer_parameters": {
                "y_lr": 0.05,
                "t_lr": 0.05,
                "scheduler_step_size": 10,
                "scheduler_gamma": 0.99
            }
        },
        "thickness_spline": {
            "parameters": {
                "key_xs": [
                    0.0,
                    0.30000001192092896,
                    0.5,
                    0.699999988079071,
                    1.0
                ],
                "key_ys": [
                    0.0,
                    0.009999999776482582,
                    0.012000000104308128,
                    0.009999999776482582,
                    0.0
                ],
                "key_ts": [
                    0.009999999776482582,
                    0.0020000000949949026,
                    0.0,
                    -0.0020000000949949026,
                    -0.009999999776482582
                ]
            },
            "optimizer_parameters": {
                "y_lr": 0.05,
                "t_lr": 0.05,
                "scheduler_step_size": 10,
                "scheduler_gamma": 0.99
            }
        },
        "uv_reshape_bb": {
            "uv": [
                0.3352864583333333,
                0.001953125
            ],
            "size": [
                0.3138020833333333,
                0.3138020833333333
            ]
        }
    },
    "optimizer_parameters": {
        "uv_lr": 0.005,
        "dir_lr": 0.05,
        "scheduler_step_size": 10,
        "scheduler_gamma": 0.99
    }
}