{
    "parameters": {
        "grow_mode": "single_sided",
        "wave_angle": -1.0471975803375244,
        "start_uv": [
            0.12014833092689514,
            1.0008723735809326
        ],
        "end_uv": [
            0.6901639699935913,
            1.0020148754119873
        ],
        "start_dir": [
            1.0486019849777222
        ],
        "end_dir": [
            -0.3439057767391205
        ],
        "init_height": 0.2,
        "sil_spline": {
            "parameters": {
                "key_xs": [
                    0.0,
                    0.05263157933950424,
                    0.10526315867900848,
                    0.15789473056793213,
                    0.21052631735801697,
                    0.2631579041481018,
                    0.31578946113586426,
                    0.3684210479259491,
                    0.42105263471603394,
                    0.4736842215061188,
                    0.5263158082962036,
                    0.5789473652839661,
                    0.6315789222717285,
                    0.6842105388641357,
                    0.7368420958518982,
                    0.7894736528396606,
                    0.8421052694320679,
                    0.8947368264198303,
                    0.9473684430122375,
                    1.0
                ],
                "key_ys": [
                    0.2842898964881897,
                    0.4079385995864868,
                    0.43708792328834534,
                    0.4618593156337738,
                    0.45846569538116455,
                    0.4726678729057312,
                    0.5044756531715393,
                    0.49499234557151794,
                    0.48749345541000366,
                    0.45391935110092163,
                    0.45726221799850464,
                    0.4104576110839844,
                    0.3842347264289856,
                    0.35967060923576355,
                    0.2949071526527405,
                    0.24227049946784973,
                    0.201117604970932,
                    0.1283406764268875,
                    0.06825833767652512,
                    0.0177924744784832
                ],
                "key_ts": [
                    0.002759199123829603,
                    -0.006921887397766113,
                    0.00667037395760417,
                    0.0011436078930273652,
                    -0.007702730130404234,
                    0.006937655620276928,
                    -0.007936090230941772,
                    0.003195159835740924,
                    0.0042469860054552555,
                    0.003832749091088772,
                    -0.009182368405163288,
                    0.0020423538517206907,
                    0.008947714231908321,
                    0.003252084832638502,
                    0.007419847417622805,
                    -0.008813129737973213,
                    0.009303480386734009,
                    -0.006801202427595854,
                    0.004116076044738293,
                    -0.0006968102534301579
                ]
            },
            "optimizer_parameters": {
                "y_lr": 0.05,
                "t_lr": 0.05,
                "scheduler_step_size": 10,
                "scheduler_gamma": 0.99
            }
        },
        "thickness_spline": {
            "parameters": {
                "key_xs": [
                    0.0,
                    0.10000000149011612,
                    0.5,
                    0.8999999761581421,
                    1.0
                ],
                "key_ys": [
                    0.0,
                    0.03999999910593033,
                    0.05000000074505806,
                    0.03999999910593033,
                    0.0
                ],
                "key_ts": [
                    0.07999999821186066,
                    0.019999999552965164,
                    0.0,
                    -0.019999999552965164,
                    -0.07999999821186066
                ]
            },
            "optimizer_parameters": {
                "y_lr": 0.05,
                "t_lr": 0.05,
                "scheduler_step_size": 10,
                "scheduler_gamma": 0.99
            }
        },
        "uv_reshape_bb": {
            "uv": [
                0.3352864583333333,
                0.3352864583333333
            ],
            "size": [
                0.3138020833333333,
                0.3138020833333333
            ]
        }
    },
    "optimizer_parameters": {
        "uv_lr": 0.005,
        "dir_lr": 0.05,
        "scheduler_step_size": 10,
        "scheduler_gamma": 0.99
    }
}