{
    "parameters": {
        "origin_xy": [
            -1.2837616205215454,
            -0.005031073931604624
        ],
        "origin_z": 0.0,
        "length_x": 2.91070818901062,
        "length_y": 0.0,
        "length_z": 0.0,
        "uv_reshape_bb": {
            "uv": [
                0.001953125,
                0.001953125
            ],
            "size": [
                0.3138020833333333,
                0.3138020833333333
            ]
        },
        "top_spline": {
            "parameters": {
                "key_xs": [
                    0.0,
                    0.05263157933950424,
                    0.10526315867900848,
                    0.15789473056793213,
                    0.21052631735801697,
                    0.2631579041481018,
                    0.31578946113586426,
                    0.3684210479259491,
                    0.42105263471603394,
                    0.4736842215061188,
                    0.5263158082962036,
                    0.5789473652839661,
                    0.6315789222717285,
                    0.6842105388641357,
                    0.7368420958518982,
                    0.7894736528396606,
                    0.8421052694320679,
                    0.8947368264198303,
                    0.9473684430122375,
                    1.0
                ],
                "key_ys": [
                    -0.05127433314919472,
                    -0.0006061305175535381,
                    0.07627182453870773,
                    0.18949362635612488,
                    0.2917974591255188,
                    0.38543975353240967,
                    0.4643688499927521,
                    0.5431556701660156,
                    0.5947023630142212,
                    0.6489062905311584,
                    0.6816956996917725,
                    0.7099570035934448,
                    0.7177435159683228,
                    0.7364294528961182,
                    0.6646265387535095,
                    0.5375275015830994,
                    0.4061727225780487,
                    0.26163068413734436,
                    0.1383799910545349,
                    0.17064157128334045
                ],
                "key_ts": [
                    0.028895588591694832,
                    -0.10890507698059082,
                    0.3166266679763794,
                    0.05566159635782242,
                    0.2771355211734772,
                    0.0606631338596344,
                    0.21649639308452606,
                    0.19557365775108337,
                    0.1182846650481224,
                    0.1846090704202652,
                    0.024777570739388466,
                    0.020935628563165665,
                    0.05716142803430557,
                    0.12114454060792923,
                    -0.19058765470981598,
                    -0.15854042768478394,
                    -0.2223200798034668,
                    -0.017422491684556007,
                    -0.2834685146808624,
                    0.1622246652841568
                ]
            },
            "optimizer_parameters": {
                "y_lr": 0.05,
                "t_lr": 0.05,
                "scheduler_step_size": 10,
                "scheduler_gamma": 0.99
            }
        },
        "bottom_spline": {
            "parameters": {
                "key_xs": [
                    0.0,
                    0.05263157933950424,
                    0.10526315867900848,
                    0.15789473056793213,
                    0.21052631735801697,
                    0.2631579041481018,
                    0.31578946113586426,
                    0.3684210479259491,
                    0.42105263471603394,
                    0.4736842215061188,
                    0.5263158082962036,
                    0.5789473652839661,
                    0.6315789222717285,
                    0.6842105388641357,
                    0.7368420958518982,
                    0.7894736528396606,
                    0.8421052694320679,
                    0.8947368264198303,
                    0.9473684430122375,
                    1.0
                ],
                "key_ys": [
                    0.1559210866689682,
                    0.5536162257194519,
                    0.5275148749351501,
                    0.46879592537879944,
                    0.5099401473999023,
                    0.5554365515708923,
                    0.580737829208374,
                    0.5956262350082397,
                    0.6193572878837585,
                    0.6362454891204834,
                    0.6405463814735413,
                    0.6314066052436829,
                    0.6033191084861755,
                    0.5663020610809326,
                    0.5273541808128357,
                    0.46057596802711487,
                    0.3457930088043213,
                    0.1677858829498291,
                    -0.01347856130450964,
                    -0.17901980876922607
                ],
                "key_ts": [
                    0.07189201563596725,
                    0.23900586366653442,
                    -0.2604692578315735,
                    0.3454313576221466,
                    0.26495659351348877,
                    0.12204451858997345,
                    0.09778430312871933,
                    -0.007134063635021448,
                    0.2607813775539398,
                    0.2561687231063843,
                    0.12847906351089478,
                    -0.30139032006263733,
                    -0.10443410277366638,
                    -0.15944088995456696,
                    -0.06857183575630188,
                    -0.22137673199176788,
                    -0.07494498789310455,
                    -0.3129011392593384,
                    -0.22333768010139465,
                    0.1981246918439865
                ]
            },
            "optimizer_parameters": {
                "y_lr": 0.05,
                "t_lr": 0.05,
                "scheduler_step_size": 10,
                "scheduler_gamma": 0.99
            }
        },
        "thickness_spline": {
            "parameters": {
                "key_xs": [
                    0.0,
                    0.10000000149011612,
                    0.20000000298023224,
                    0.30000001192092896,
                    0.4000000059604645,
                    0.6000000238418579,
                    0.699999988079071,
                    0.800000011920929,
                    0.8999999761581421,
                    1.0
                ],
                "key_ys": [
                    0.0,
                    0.6000000238418579,
                    0.75,
                    0.8299999833106995,
                    0.8999999761581421,
                    0.8500000238418579,
                    0.75,
                    0.6000000238418579,
                    0.4000000059604645,
                    0.0
                ],
                "key_ts": [
                    5.0,
                    4.0,
                    2.0,
                    1.0,
                    0.10000000149011612,
                    -0.10000000149011612,
                    -0.5,
                    -0.699999988079071,
                    -1.0,
                    -4.0
                ]
            },
            "optimizer_parameters": {
                "y_lr": 0.05,
                "t_lr": 0.05,
                "scheduler_step_size": 10,
                "scheduler_gamma": 0.99
            }
        },