{
    "parameters": {
        "grow_mode": "double_sided",
        "wave_angle": -1.2000000476837158,
        "start_uv": [
            0.6264016628265381,
            0.298147976398468
        ],
        "end_uv": [
            0.6303337216377258,
            0.3446291387081146
        ],
        "start_dir": [
            0.45284155011177063
        ],
        "end_dir": [
            -0.16412444412708282
        ],
        "init_height": 0.2,
        "sil_spline": {
            "parameters": {
                "key_xs": [
                    0.0,
                    0.05263157933950424,
                    0.10526315867900848,
                    0.15789473056793213,
                    0.21052631735801697,
                    0.2631579041481018,
                    0.31578946113586426,
                    0.3684210479259491,
                    0.42105263471603394,
                    0.4736842215061188,
                    0.5263158082962036,
                    0.5789473652839661,
                    0.6315789222717285,
                    0.6842105388641357,
                    0.7368420958518982,
                    0.7894736528396606,
                    0.8421052694320679,
                    0.8947368264198303,
                    0.9473684430122375,
                    1.0
                ],
                "key_ys": [
                    0.16176506876945496,
                    0.08152060210704803,
                    0.21734440326690674,
                    0.16207058727741241,
                    0.31659480929374695,
                    0.3381747305393219,
                    0.3634240925312042,
                    0.3936159610748291,
                    0.4252130389213562,
                    0.4289456903934479,
                    0.42099982500076294,
                    0.42439618706703186,
                    0.43076369166374207,
                    0.46233582496643066,
                    0.623089075088501,
                    -0.05258070304989815,
                    0.059109315276145935,
                    0.05156530439853668,
                    0.03716230019927025,
                    0.03536364063620567
                ],
                "key_ts": [
                    -0.0008080753614194691,
                    0.002944926731288433,
                    -0.0015464117750525475,
                    0.0030073707457631826,
                    0.0001569528685649857,
                    -2.2280482880887575e-06,
                    0.002586651360616088,
                    0.002188465790823102,
                    0.0019724732264876366,
                    -0.0029439672362059355,
                    0.002177709946408868,
                    -0.0017033268231898546,
                    0.00543132983148098,
                    -0.005686227697879076,
                    0.005102990195155144,
                    0.0001584191049914807,
                    -0.0001871139684226364,
                    -0.00031461173784919083,
                    -0.0004047415859531611,
                    0.00033542700111866
                ]
            },
            "optimizer_parameters": {
                "y_lr": 0.05,
                "t_lr": 0.05,
                "scheduler_step_size": 10,
                "scheduler_gamma": 0.99
            }
        },
        "thickness_spline": {
            "parameters": {
                "key_xs": [
                    0.0,
                    0.30000001192092896,
                    0.5,
                    0.699999988079071,
                    1.0
                ],
                "key_ys": [
                    0.0,
                    0.009999999776482582,
                    0.013000000268220901,
                    0.009999999776482582,
                    0.0
                ],
                "key_ts": [
                    0.009999999776482582,
                    0.0020000000949949026,
                    0.0,
                    -0.0020000000949949026,
                    -0.009999999776482582
                ]
            },
            "optimizer_parameters": {
                "y_lr": 0.05,
                "t_lr": 0.05,
                "scheduler_step_size": 10,
                "scheduler_gamma": 0.99
            }
        },
        "uv_reshape_bb": {
            "uv": [
                0.3352864583333333,
                0.6686197916666666
            ],
            "size": [
                0.3138020833333333,
                0.3138020833333333
            ]
        }
    },
    "optimizer_parameters": {
        "uv_lr": 0.005,
        "dir_lr": 0.05,
        "scheduler_step_size": 10,
        "scheduler_gamma": 0.99
    }
}