{
    "parameters": {
        "grow_mode": "single_sided",
        "wave_angle": -1.0471975803375244,
        "start_uv": [
            0.6637053489685059,
            -0.001348483026959002
        ],
        "end_uv": [
            0.6445510983467102,
            0.003255035961046815
        ],
        "start_dir": [
            -0.5671969652175903
        ],
        "end_dir": [
            -2.0917577743530273
        ],
        "init_height": 0.2,
        "sil_spline": {
            "parameters": {
                "key_xs": [
                    0.0,
                    0.05263157933950424,
                    0.10526315867900848,
                    0.15789473056793213,
                    0.21052631735801697,
                    0.2631579041481018,
                    0.31578946113586426,
                    0.3684210479259491,
                    0.42105263471603394,
                    0.4736842215061188,
                    0.5263158082962036,
                    0.5789473652839661,
                    0.6315789222717285,
                    0.6842105388641357,
                    0.7368420958518982,
                    0.7894736528396606,
                    0.8421052694320679,
                    0.8947368264198303,
                    0.9473684430122375,
                    1.0
                ],
                "key_ys": [
                    0.27644193172454834,
                    0.497628390789032,
                    0.47190895676612854,
                    0.4249478876590729,
                    0.4215865433216095,
                    0.37895724177360535,
                    0.3111441731452942,
                    0.3539679944515228,
                    0.2951229512691498,
                    0.12390213459730148,
                    0.09247823059558868,
                    0.12302948534488678,
                    0.11581151932477951,
                    0.10906982421875,
                    0.10271238535642624,
                    0.09718899428844452,
                    0.03252756595611572,
                    0.044670939445495605,
                    0.03621163219213486,
                    0.04593050107359886
                ],
                "key_ts": [
                    0.0012044552713632584,
                    -0.008236238732933998,
                    0.00782094057649374,
                    0.0040839118883013725,
                    -0.004866039380431175,
                    0.006747708655893803,
                    -0.0051538096740841866,
                    0.00013453249994199723,
                    -0.001519105164334178,
                    0.0013620828976854682,
                    -0.0028332413639873266,
                    -0.0009527705842629075,
                    -0.0014899637317284942,
                    -0.0007360936142504215,
                    -0.00018369528697803617,
                    -0.00028330006171017885,
                    -0.00023641787993256003,
                    7.393655687337741e-05,
                    -0.0003398051776457578,
                    0.0003166851820424199
                ]
            },
            "optimizer_parameters": {
                "y_lr": 0.05,
                "t_lr": 0.05,
                "scheduler_step_size": 10,
                "scheduler_gamma": 0.99
            }
        },
        "thickness_spline": {
            "parameters": {
                "key_xs": [
                    0.0,
                    1.0
                ],
                "key_ys": [
                    0.0,
                    0.0
                ],
                "key_ts": [
                    0.0,
                    0.0
                ]
            },
            "optimizer_parameters": {
                "y_lr": 0,
                "t_lr": 0,
                "scheduler_step_size": 0,
                "scheduler_gamma": 0
            }
        },
        "uv_reshape_bb": {
            "uv": [
                0.6686197916666666,
                0.001953125
            ],
            "size": [
                0.3138020833333333,
                0.3138020833333333
            ]
        }
    },
    "optimizer_parameters": {
        "uv_lr": 0.005,
        "dir_lr": 0.05,
        "scheduler_step_size": 10,
        "scheduler_gamma": 0.99
    }
}