{
    "parameters": {
        "grow_mode": "single_sided",
        "wave_angle": -1.0471975803375244,
        "start_uv": [
            0.21915237605571747,
            -1.2783341844624374e-05
        ],
        "end_uv": [
            0.07632947713136673,
            -0.00010227356688119471
        ],
        "start_dir": [
            0.25237634778022766
        ],
        "end_dir": [
            0.08455958962440491
        ],
        "init_height": 0.2,
        "sil_spline": {
            "parameters": {
                "key_xs": [
                    0.0,
                    0.05263157933950424,
                    0.10526315867900848,
                    0.15789473056793213,
                    0.21052631735801697,
                    0.2631579041481018,
                    0.31578946113586426,
                    0.3684210479259491,
                    0.42105263471603394,
                    0.4736842215061188,
                    0.5263158082962036,
                    0.5789473652839661,
                    0.6315789222717285,
                    0.6842105388641357,
                    0.7368420958518982,
                    0.7894736528396606,
                    0.8421052694320679,
                    0.8947368264198303,
                    0.9473684430122375,
                    1.0
                ],
                "key_ys": [
                    0.08714926987886429,
                    0.20065903663635254,
                    0.2694723606109619,
                    0.3054628372192383,
                    0.32550761103630066,
                    0.34063929319381714,
                    0.3463575839996338,
                    0.3468053638935089,
                    0.3394487798213959,
                    0.3330734968185425,
                    0.32796919345855713,
                    0.31963911652565,
                    0.31234797835350037,
                    0.30043575167655945,
                    0.27643561363220215,
                    0.2593122124671936,
                    0.23684754967689514,
                    0.219002828001976,
                    0.19622407853603363,
                    0.16913820803165436
                ],
                "key_ts": [
                    0.0009973207488656044,
                    0.001538510317914188,
                    0.004075324162840843,
                    -0.0008829786675050855,
                    -0.001001268974505365,
                    -0.0005614503170363605,
                    0.005321478471159935,
                    -0.008228238672018051,
                    0.00463113421574235,
                    0.00597245991230011,
                    -0.007190067321062088,
                    -0.0021813116036355495,
                    -0.00046824142918922007,
                    -0.005110883619636297,
                    -0.003884549019858241,
                    0.00034619885263964534,
                    0.0036418067757040262,
                    0.0017444726545363665,
                    -0.0010038582840934396,
                    -0.0010383018525317311
                ]
            },
            "optimizer_parameters": {
                "y_lr": 0.05,
                "t_lr": 0.05,
                "scheduler_step_size": 10,
                "scheduler_gamma": 0.99
            }
        },
        "thickness_spline": {
            "parameters": {
                "key_xs": [
                    0.0,
                    0.30000001192092896,
                    0.5,
                    0.699999988079071,
                    1.0
                ],
                "key_ys": [
                    0.0,
                    0.029999999329447746,
                    0.03999999910593033,
                    0.029999999329447746,
                    0.0
                ],
                "key_ts": [
                    0.05000000074505806,
                    0.009999999776482582,
                    0.0,
                    -0.009999999776482582,
                    -0.05000000074505806
                ]
            },
            "optimizer_parameters": {
                "y_lr": 0.05,
                "t_lr": 0.05,
                "scheduler_step_size": 10,
                "scheduler_gamma": 0.99
            }
        },
        "uv_reshape_bb": {
            "uv": [
                0.001953125,
                0.3352864583333333
            ],
            "size": [
                0.3138020833333333,
                0.3138020833333333
            ]
        }
    },
    "optimizer_parameters": {
        "uv_lr": 0.005,
        "dir_lr": 0.05,
        "scheduler_step_size": 10,
        "scheduler_gamma": 0.99
    }
}