{
    "parameters": {
        "grow_mode": "single_sided",
        "wave_angle": -1.0471975803375244,
        "start_uv": [
            -0.004922185558825731,
            0.11670324206352234
        ],
        "end_uv": [
            -0.006658253725618124,
            0.9983657598495483
        ],
        "start_dir": [
            1.1095675230026245
        ],
        "end_dir": [
            -0.5524212718009949
        ],
        "init_height": 0.2,
        "sil_spline": {
            "parameters": {
                "key_xs": [
                    0.0,
                    0.05263157933950424,
                    0.10526315867900848,
                    0.15789473056793213,
                    0.21052631735801697,
                    0.2631579041481018,
                    0.31578946113586426,
                    0.3684210479259491,
                    0.42105263471603394,
                    0.4736842215061188,
                    0.5263158082962036,
                    0.5789473652839661,
                    0.6315789222717285,
                    0.6842105388641357,
                    0.7368420958518982,
                    0.7894736528396606,
                    0.8421052694320679,
                    0.8947368264198303,
                    0.9473684430122375,
                    1.0
                ],
                "key_ys": [
                    0.1727147400379181,
                    0.43739989399909973,
                    0.7217169404029846,
                    0.8577556014060974,
                    0.5813488364219666,
                    0.49489444494247437,
                    0.4507001042366028,
                    0.4237232506275177,
                    0.40518370270729065,
                    0.4004833400249481,
                    0.39641934633255005,
                    0.4003211259841919,
                    0.4136735200881958,
                    0.4359583258628845,
                    0.4694122076034546,
                    0.5118127465248108,
                    0.5632081627845764,
                    0.6251030564308167,
                    0.7062584161758423,
                    1.0404311418533325
                ],
                "key_ts": [
                    0.00028659336385317147,
                    -0.0021536427084356546,
                    0.009850305505096912,
                    -0.01011642161756754,
                    0.00312495487742126,
                    -0.0036723411176353693,
                    -0.0032189327757805586,
                    -0.00433809170499444,
                    -0.002837424399331212,
                    -0.009477080777287483,
                    0.008771561086177826,
                    -0.0012283568503335118,
                    0.007545066997408867,
                    0.006037614308297634,
                    0.0032474978361278772,
                    0.0043879346922039986,
                    0.004837841726839542,
                    0.003925267141312361,
                    0.0016618428053334355,
                    -0.0016274891095235944
                ]
            },
            "optimizer_parameters": {
                "y_lr": 0.05,
                "t_lr": 0.05,
                "scheduler_step_size": 10,
                "scheduler_gamma": 0.99
            }
        },
        "thickness_spline": {
            "parameters": {
                "key_xs": [
                    0.0,
                    0.30000001192092896,
                    0.5,
                    0.699999988079071,
                    1.0
                ],
                "key_ys": [
                    0.0,
                    0.009999999776482582,
                    0.012000000104308128,
                    0.009999999776482582,
                    0.0
                ],
                "key_ts": [
                    0.009999999776482582,
                    0.0020000000949949026,
                    0.0,
                    -0.0020000000949949026,
                    -0.009999999776482582
                ]
            },
            "optimizer_parameters": {
                "y_lr": 0.05,
                "t_lr": 0.05,
                "scheduler_step_size": 10,
                "scheduler_gamma": 0.99
            }
        },
        "uv_reshape_bb": {
            "uv": [
                0.001953125,
                0.6686197916666666
            ],
            "size": [
                0.3138020833333333,
                0.3138020833333333
            ]
        }
    },
    "optimizer_parameters": {
        "uv_lr": 0.005,
        "dir_lr": 0.05,
        "scheduler_step_size": 10,
        "scheduler_gamma": 0.99
    }
}