{
    "parameters": {
        "grow_mode": "single_sided",
        "wave_angle": -1.0471975803375244,
        "start_uv": [
            0.17300495505332947,
            1.0001311302185059
        ],
        "end_uv": [
            0.5126605033874512,
            1.0017483234405518
        ],
        "start_dir": [
            0.783164918422699
        ],
        "end_dir": [
            -0.21930845081806183
        ],
        "init_height": 0.2,
        "sil_spline": {
            "parameters": {
                "key_xs": [
                    0.0,
                    0.05263157933950424,
                    0.10526315867900848,
                    0.15789473056793213,
                    0.21052631735801697,
                    0.2631579041481018,
                    0.31578946113586426,
                    0.3684210479259491,
                    0.42105263471603394,
                    0.4736842215061188,
                    0.5263158082962036,
                    0.5789473652839661,
                    0.6315789222717285,
                    0.6842105388641357,
                    0.7368420958518982,
                    0.7894736528396606,
                    0.8421052694320679,
                    0.8947368264198303,
                    0.9473684430122375,
                    1.0
                ],
                "key_ys": [
                    0.24708391726016998,
                    0.28370264172554016,
                    0.311101496219635,
                    0.3343562185764313,
                    0.351541668176651,
                    0.3706154227256775,
                    0.39955446124076843,
                    0.4210101068019867,
                    0.444593220949173,
                    0.472137451171875,
                    0.4898054301738739,
                    0.5156593322753906,
                    0.5496163368225098,
                    0.5641505718231201,
                    0.573992908000946,
                    0.5704166889190674,
                    0.5948554873466492,
                    0.6000519394874573,
                    0.6076875925064087,
                    0.35863158106803894
                ],
                "key_ts": [
                    0.000771941093262285,
                    0.0033184539061039686,
                    -0.004079421516507864,
                    0.007744793780148029,
                    -0.0021964211482554674,
                    0.0031899590976536274,
                    -0.00047741096932440996,
                    0.0032758591696619987,
                    0.007122786715626717,
                    -0.004319691564887762,
                    0.006616286002099514,
                    0.008589621633291245,
                    0.0015073242830112576,
                    -0.007649844046682119,
                    0.008425002917647362,
                    0.008495471440255642,
                    -0.008745204657316208,
                    0.009013839066028595,
                    -0.00761296646669507,
                    -6.184938683873042e-05
                ]
            },
            "optimizer_parameters": {
                "y_lr": 0.05,
                "t_lr": 0.05,
                "scheduler_step_size": 10,
                "scheduler_gamma": 0.99
            }
        },
        "thickness_spline": {
            "parameters": {
                "key_xs": [
                    0.0,
                    0.10000000149011612,
                    0.5,
                    0.8999999761581421,
                    1.0
                ],
                "key_ys": [
                    0.0,
                    0.03999999910593033,
                    0.05000000074505806,
                    0.03999999910593033,
                    0.0
                ],
                "key_ts": [
                    0.07999999821186066,
                    0.019999999552965164,
                    0.0,
                    -0.019999999552965164,
                    -0.07999999821186066
                ]
            },
            "optimizer_parameters": {
                "y_lr": 0.05,
                "t_lr": 0.05,
                "scheduler_step_size": 10,
                "scheduler_gamma": 0.99
            }
        },
        "uv_reshape_bb": {
            "uv": [
                0.3352864583333333,
                0.001953125
            ],
            "size": [
                0.3138020833333333,
                0.3138020833333333
            ]
        }
    },
    "optimizer_parameters": {
        "uv_lr": 0.005,
        "dir_lr": 0.05,
        "scheduler_step_size": 10,
        "scheduler_gamma": 0.99
    }
}