{
    "parameters": {
        "origin_xy": [
            -1.1364926099777222,
            0.02656383253633976
        ],
        "origin_z": 0.0,
        "length_x": 2.890697956085205,
        "length_y": 0.0,
        "length_z": 0.0,
        "uv_reshape_bb": {
            "uv": [
                0.001953125,
                0.001953125
            ],
            "size": [
                0.3138020833333333,
                0.3138020833333333
            ]
        },
        "top_spline": {
            "parameters": {
                "key_xs": [
                    0.0,
                    0.05263157933950424,
                    0.10526315867900848,
                    0.15789473056793213,
                    0.21052631735801697,
                    0.2631579041481018,
                    0.31578946113586426,
                    0.3684210479259491,
                    0.42105263471603394,
                    0.4736842215061188,
                    0.5263158082962036,
                    0.5789473652839661,
                    0.6315789222717285,
                    0.6842105388641357,
                    0.7368420958518982,
                    0.7894736528396606,
                    0.8421052694320679,
                    0.8947368264198303,
                    0.9473684430122375,
                    1.0
                ],
                "key_ys": [
                    0.2698417901992798,
                    0.2863883376121521,
                    0.3298361003398895,
                    0.3888413906097412,
                    0.4786384403705597,
                    0.5419018864631653,
                    0.6021398901939392,
                    0.6522607803344727,
                    0.6833638548851013,
                    0.6925007700920105,
                    0.6791340112686157,
                    0.6495527029037476,
                    0.6151338219642639,
                    0.5736162662506104,
                    0.5174177885055542,
                    0.4397055506706238,
                    0.35724523663520813,
                    0.29009348154067993,
                    0.10428737103939056,
                    0.06585390865802765
                ],
                "key_ts": [
                    -0.10179855674505234,
                    0.08832342177629471,
                    0.11209135502576828,
                    0.24058392643928528,
                    0.0888553336262703,
                    0.13340944051742554,
                    0.20389346778392792,
                    0.07348515838384628,
                    0.1863299012184143,
                    0.1369522213935852,
                    -0.30547577142715454,
                    -0.04259682074189186,
                    -0.19461028277873993,
                    -0.08418349176645279,
                    -0.17493489384651184,
                    -0.18979810178279877,
                    -0.18436655402183533,
                    0.02541336975991726,
                    -0.315865159034729,
                    0.18448513746261597
                ]
            },
            "optimizer_parameters": {
                "y_lr": 0.05,
                "t_lr": 0.05,
                "scheduler_step_size": 10,
                "scheduler_gamma": 0.99
            }
        },
        "bottom_spline": {
            "parameters": {
                "key_xs": [
                    0.0,
                    0.05263157933950424,
                    0.10526315867900848,
                    0.15789473056793213,
                    0.21052631735801697,
                    0.2631579041481018,
                    0.31578946113586426,
                    0.3684210479259491,
                    0.42105263471603394,
                    0.4736842215061188,
                    0.5263158082962036,
                    0.5789473652839661,
                    0.6315789222717285,
                    0.6842105388641357,
                    0.7368420958518982,
                    0.7894736528396606,
                    0.8421052694320679,
                    0.8947368264198303,
                    0.9473684430122375,
                    1.0
                ],
                "key_ys": [
                    -0.11212141066789627,
                    -0.06612520664930344,
                    0.05648127198219299,
                    0.13376827538013458,
                    0.22948753833770752,
                    0.308747798204422,
                    0.39759960770606995,
                    0.46954604983329773,
                    0.5573951005935669,
                    0.630821704864502,
                    0.6697892546653748,
                    0.6865606307983398,
                    0.6630314588546753,
                    0.6041358709335327,
                    0.5575082898139954,
                    0.4967798590660095,
                    0.4332679510116577,
                    0.3310818672180176,
                    0.20909829437732697,
                    0.13540369272232056
                ],
                "key_ts": [
                    -0.14897774159908295,
                    0.3090982735157013,
                    0.023914333432912827,
                    0.2667331397533417,
                    0.04580487310886383,
                    0.24341775476932526,
                    0.17498032748699188,
                    0.12916897237300873,
                    0.2983408272266388,
                    -0.09043174982070923,
                    0.22538813948631287,
                    -0.3330768346786499,
                    -0.17154647409915924,
                    0.04605865851044655,
                    -0.168503999710083,
                    -0.23054999113082886,
                    0.027700722217559814,
                    -0.3099323511123657,
                    0.07003901153802872,
                    0.0149105628952384
                ]
            },
            "optimizer_parameters": {
                "y_lr": 0.05,
                "t_lr": 0.05,
                "scheduler_step_size": 10,
                "scheduler_gamma": 0.99
            }
        },
        "thickness_spline": {
            "parameters": {
                "key_xs": [
                    0.0,
                    0.10000000149011612,
                    0.20000000298023224,
                    0.30000001192092896,
                    0.4000000059604645,
                    0.6000000238418579,
                    0.699999988079071,
                    0.800000011920929,
                    0.8999999761581421,
                    1.0
                ],
                "key_ys": [
                    0.0,
                    0.6000000238418579,
                    0.75,
                    0.8299999833106995,
                    0.8999999761581421,
                    0.8500000238418579,
                    0.75,
                    0.6000000238418579,
                    0.4000000059604645,
                    0.0
                ],
                "key_ts": [
                    5.0,
                    4.0,
                    2.0,
                    1.0,
                    0.10000000149011612,
                    -0.10000000149011612,
                    -0.5,
                    -0.699999988079071,
                    -1.0,
                    -4.0
                ]
            },
            "optimizer_parameters": {
                "y_lr": 0.05,
                "t_lr": 0.05,
                "scheduler_step_size": 10,
                "scheduler_gamma": 0.99
            }
        },