{
    "parameters": {
        "grow_mode": "double_sided",
        "wave_angle": -1.2000000476837158,
        "start_uv": [
            0.5355910658836365,
            0.36469581723213196
        ],
        "end_uv": [
            0.5381694436073303,
            0.5370402336120605
        ],
        "start_dir": [
            0.6252087354660034
        ],
        "end_dir": [
            -0.07235529273748398
        ],
        "init_height": 0.2,
        "sil_spline": {
            "parameters": {
                "key_xs": [
                    0.0,
                    0.05263157933950424,
                    0.10526315867900848,
                    0.15789473056793213,
                    0.21052631735801697,
                    0.2631579041481018,
                    0.31578946113586426,
                    0.3684210479259491,
                    0.42105263471603394,
                    0.4736842215061188,
                    0.5263158082962036,
                    0.5789473652839661,
                    0.6315789222717285,
                    0.6842105388641357,
                    0.7368420958518982,
                    0.7894736528396606,
                    0.8421052694320679,
                    0.8947368264198303,
                    0.9473684430122375,
                    1.0
                ],
                "key_ys": [
                    0.15634186565876007,
                    0.23613405227661133,
                    0.2757997214794159,
                    0.33302274346351624,
                    0.3984103202819824,
                    0.48889729380607605,
                    0.5141819715499878,
                    0.5186604261398315,
                    0.5105662941932678,
                    0.5042765140533447,
                    0.49884098768234253,
                    0.49579986929893494,
                    0.4872990548610687,
                    0.4724154472351074,
                    0.4590725600719452,
                    0.4445221424102783,
                    0.43888598680496216,
                    0.4326470196247101,
                    0.43497613072395325,
                    0.13079722225666046
                ],
                "key_ts": [
                    -0.0001637586101423949,
                    0.0024456093087792397,
                    0.00028707177261821926,
                    -0.0017552613280713558,
                    0.0014646310592070222,
                    0.006828561425209045,
                    -0.0033215894363820553,
                    -0.005624039098620415,
                    -0.003770747920498252,
                    -0.005036493763327599,
                    -0.005036072339862585,
                    0.004883918445557356,
                    -0.004584616050124168,
                    -0.007215546909719706,
                    -0.0003043111937586218,
                    -0.007169322110712528,
                    0.005556454882025719,
                    0.005283536855131388,
                    -0.003275876631960273,
                    0.0004613679484464228
                ]
            },
            "optimizer_parameters": {
                "y_lr": 0.05,
                "t_lr": 0.05,
                "scheduler_step_size": 10,
                "scheduler_gamma": 0.99
            }
        },
        "thickness_spline": {
            "parameters": {
                "key_xs": [
                    0.0,
                    0.30000001192092896,
                    0.5,
                    0.699999988079071,
                    1.0
                ],
                "key_ys": [
                    0.0,
                    0.009999999776482582,
                    0.013000000268220901,
                    0.009999999776482582,
                    0.0
                ],
                "key_ts": [
                    0.009999999776482582,
                    0.0020000000949949026,
                    0.0,
                    -0.0020000000949949026,
                    -0.009999999776482582
                ]
            },
            "optimizer_parameters": {
                "y_lr": 0.05,
                "t_lr": 0.05,
                "scheduler_step_size": 10,
                "scheduler_gamma": 0.99
            }
        },
        "uv_reshape_bb": {
            "uv": [
                0.3352864583333333,
                0.3352864583333333
            ],
            "size": [
                0.3138020833333333,
                0.3138020833333333
            ]
        }
    },
    "optimizer_parameters": {
        "uv_lr": 0.005,
        "dir_lr": 0.05,
        "scheduler_step_size": 10,
        "scheduler_gamma": 0.99
    }
}