{
    "parameters": {
        "grow_mode": "single_sided",
        "wave_angle": -1.0471975803375244,
        "start_uv": [
            0.5654640793800354,
            -0.0015055733965709805
        ],
        "end_uv": [
            0.4352014362812042,
            -0.0008769845589995384
        ],
        "start_dir": [
            0.26348021626472473
        ],
        "end_dir": [
            -0.19674116373062134
        ],
        "init_height": 0.2,
        "sil_spline": {
            "parameters": {
                "key_xs": [
                    0.0,
                    0.05263157933950424,
                    0.10526315867900848,
                    0.15789473056793213,
                    0.21052631735801697,
                    0.2631579041481018,
                    0.31578946113586426,
                    0.3684210479259491,
                    0.42105263471603394,
                    0.4736842215061188,
                    0.5263158082962036,
                    0.5789473652839661,
                    0.6315789222717285,
                    0.6842105388641357,
                    0.7368420958518982,
                    0.7894736528396606,
                    0.8421052694320679,
                    0.8947368264198303,
                    0.9473684430122375,
                    1.0
                ],
                "key_ys": [
                    0.28032582998275757,
                    0.467123419046402,
                    0.6085094809532166,
                    0.7015631198883057,
                    0.7934683561325073,
                    0.8885608315467834,
                    0.9666341543197632,
                    1.0460569858551025,
                    1.1097623109817505,
                    1.177164077758789,
                    1.2253539562225342,
                    1.3436609506607056,
                    0.707678496837616,
                    0.6295223236083984,
                    0.5557908415794373,
                    0.49397918581962585,
                    0.4438893795013428,
                    0.39093950390815735,
                    0.32147178053855896,
                    0.2945042550563812
                ],
                "key_ts": [
                    0.0004399989848025143,
                    0.0031048275995999575,
                    -1.046964644046966e-05,
                    0.0008814723696559668,
                    0.0005914927460253239,
                    0.002488287864252925,
                    -0.0010020654881373048,
                    0.0018000233685597777,
                    0.006036408711224794,
                    0.004776784218847752,
                    -0.006442148704081774,
                    0.008088584989309311,
                    0.002839159918949008,
                    -0.0015588473761454225,
                    -0.0044279457069933414,
                    -0.002029950963333249,
                    -0.0012392406351864338,
                    -0.004985580686479807,
                    -0.002404497005045414,
                    0.0004869955882895738
                ]
            },
            "optimizer_parameters": {
                "y_lr": 0.05,
                "t_lr": 0.05,
                "scheduler_step_size": 10,
                "scheduler_gamma": 0.99
            }
        },
        "thickness_spline": {
            "parameters": {
                "key_xs": [
                    0.0,
                    1.0
                ],
                "key_ys": [
                    0.0,
                    0.0
                ],
                "key_ts": [
                    0.0,
                    0.0
                ]
            },
            "optimizer_parameters": {
                "y_lr": 0,
                "t_lr": 0,
                "scheduler_step_size": 0,
                "scheduler_gamma": 0
            }
        },
        "uv_reshape_bb": {
            "uv": [
                0.3352864583333333,
                0.6686197916666666
            ],
            "size": [
                0.3138020833333333,
                0.3138020833333333
            ]
        }
    },
    "optimizer_parameters": {
        "uv_lr": 0.005,
        "dir_lr": 0.05,
        "scheduler_step_size": 10,
        "scheduler_gamma": 0.99
    }
}