{
    "parameters": {
        "grow_mode": "single_sided",
        "wave_angle": -1.0471975803375244,
        "start_uv": [
            0.3409801125526428,
            0.010447181761264801
        ],
        "end_uv": [
            0.284070760011673,
            0.02716275304555893
        ],
        "start_dir": [
            -0.7946054935455322
        ],
        "end_dir": [
            -1.1058306694030762
        ],
        "init_height": 0.2,
        "sil_spline": {
            "parameters": {
                "key_xs": [
                    0.0,
                    0.05263157933950424,
                    0.10526315867900848,
                    0.15789473056793213,
                    0.21052631735801697,
                    0.2631579041481018,
                    0.31578946113586426,
                    0.3684210479259491,
                    0.42105263471603394,
                    0.4736842215061188,
                    0.5263158082962036,
                    0.5789473652839661,
                    0.6315789222717285,
                    0.6842105388641357,
                    0.7368420958518982,
                    0.7894736528396606,
                    0.8421052694320679,
                    0.8947368264198303,
                    0.9473684430122375,
                    1.0
                ],
                "key_ys": [
                    0.07832816243171692,
                    0.13734285533428192,
                    0.13853079080581665,
                    0.16717882454395294,
                    0.1662512868642807,
                    0.1808430403470993,
                    0.18139943480491638,
                    0.18716315925121307,
                    0.1993095427751541,
                    0.20233692228794098,
                    0.20484048128128052,
                    0.21361792087554932,
                    0.2360256314277649,
                    0.23527660965919495,
                    0.2499413788318634,
                    0.25662410259246826,
                    0.28141218423843384,
                    0.10373511165380478,
                    0.09364037215709686,
                    0.08394982665777206
                ],
                "key_ts": [
                    0.016232997179031372,
                    -0.01061833743005991,
                    0.007504768669605255,
                    -0.0028571896255016327,
                    0.0007693722727708519,
                    -0.004234129562973976,
                    0.002965085208415985,
                    -0.004109903238713741,
                    0.004338025581091642,
                    -0.00827084481716156,
                    -0.006764881778508425,
                    -0.010859171859920025,
                    -0.011843699030578136,
                    -0.006582099013030529,
                    -0.0014992844080552459,
                    -0.013002143241465092,
                    0.0055205561220645905,
                    -0.0037834295071661472,
                    -0.005806438159197569,
                    -0.00021381242549978197
                ]
            },
            "optimizer_parameters": {
                "y_lr": 0.05,
                "t_lr": 0.05,
                "scheduler_step_size": 10,
                "scheduler_gamma": 0.99
            }
        },
        "thickness_spline": {
            "parameters": {
                "key_xs": [
                    0.0,
                    0.30000001192092896,
                    0.5,
                    0.699999988079071,
                    1.0
                ],
                "key_ys": [
                    0.0,
                    0.029999999329447746,
                    0.03999999910593033,
                    0.029999999329447746,
                    0.0
                ],
                "key_ts": [
                    0.05000000074505806,
                    0.009999999776482582,
                    0.0,
                    -0.009999999776482582,
                    -0.05000000074505806
                ]
            },
            "optimizer_parameters": {
                "y_lr": 0.05,
                "t_lr": 0.05,
                "scheduler_step_size": 10,
                "scheduler_gamma": 0.99
            }
        },
        "uv_reshape_bb": {
            "uv": [
                0.001953125,
                0.3352864583333333
            ],
            "size": [
                0.3138020833333333,
                0.3138020833333333
            ]
        }
    },
    "optimizer_parameters": {
        "uv_lr": 0.005,
        "dir_lr": 0.05,
        "scheduler_step_size": 10,
        "scheduler_gamma": 0.99
    }
}