{
    "parameters": {
        "grow_mode": "single_sided",
        "wave_angle": -1.0471975803375244,
        "start_uv": [
            -0.0029253594111651182,
            -0.0001460547064198181
        ],
        "end_uv": [
            -0.004567473661154509,
            1.0000052452087402
        ],
        "start_dir": [
            -0.15843631327152252
        ],
        "end_dir": [
            -2.1326887607574463
        ],
        "init_height": 0.2,
        "sil_spline": {
            "parameters": {
                "key_xs": [
                    0.0,
                    0.05263157933950424,
                    0.10526315867900848,
                    0.15789473056793213,
                    0.21052631735801697,
                    0.2631579041481018,
                    0.31578946113586426,
                    0.3684210479259491,
                    0.42105263471603394,
                    0.4736842215061188,
                    0.5263158082962036,
                    0.5789473652839661,
                    0.6315789222717285,
                    0.6842105388641357,
                    0.7368420958518982,
                    0.7894736528396606,
                    0.8421052694320679,
                    0.8947368264198303,
                    0.9473684430122375,
                    1.0
                ],
                "key_ys": [
                    0.15539392828941345,
                    0.14358772337436676,
                    0.15514527261257172,
                    0.16053801774978638,
                    0.169420525431633,
                    0.19239377975463867,
                    0.21475669741630554,
                    0.2732703387737274,
                    0.37733519077301025,
                    0.8644018769264221,
                    0.1432219296693802,
                    0.00024896132526919246,
                    0.0703684389591217,
                    0.0643860250711441,
                    0.021820032969117165,
                    -0.15358872711658478,
                    -0.22299189865589142,
                    -0.4166317880153656,
                    -0.7060913443565369,
                    -0.3185838758945465
                ],
                "key_ts": [
                    -0.0038288121577352285,
                    0.02248070389032364,
                    -0.004297720734030008,
                    0.0208576750010252,
                    -0.01712450012564659,
                    0.02438090369105339,
                    -0.018211230635643005,
                    0.019791264086961746,
                    0.0030794860795140266,
                    -0.023551112040877342,
                    -0.005751806776970625,
                    0.0008269082172773778,
                    0.0048495689406991005,
                    -0.006679712329059839,
                    0.0010392696131020784,
                    4.6464083425235e-05,
                    0.01021155808120966,
                    -0.01754526048898697,
                    0.019172493368387222,
                    -0.02101653628051281
                ]
            },
            "optimizer_parameters": {
                "y_lr": 0.05,
                "t_lr": 0.05,
                "scheduler_step_size": 10,
                "scheduler_gamma": 0.99
            }
        },
        "thickness_spline": {
            "parameters": {
                "key_xs": [
                    0.0,
                    0.30000001192092896,
                    0.5,
                    0.699999988079071,
                    1.0
                ],
                "key_ys": [
                    0.0,
                    0.009999999776482582,
                    0.012000000104308128,
                    0.009999999776482582,
                    0.0
                ],
                "key_ts": [
                    0.009999999776482582,
                    0.0020000000949949026,
                    0.0,
                    -0.0020000000949949026,
                    -0.009999999776482582
                ]
            },
            "optimizer_parameters": {
                "y_lr": 0.05,
                "t_lr": 0.05,
                "scheduler_step_size": 10,
                "scheduler_gamma": 0.99
            }
        },
        "uv_reshape_bb": {
            "uv": [
                0.001953125,
                0.6686197916666666
            ],
            "size": [
                0.3138020833333333,
                0.3138020833333333
            ]
        }
    },
    "optimizer_parameters": {
        "uv_lr": 0.005,
        "dir_lr": 0.05,
        "scheduler_step_size": 10,
        "scheduler_gamma": 0.99
    }
}