{
    "parameters": {
        "grow_mode": "single_sided",
        "wave_angle": -1.0471975803375244,
        "start_uv": [
            0.4019467234611511,
            1.0003046989440918
        ],
        "end_uv": [
            0.5836564302444458,
            1.000185489654541
        ],
        "start_dir": [
            -0.23948509991168976
        ],
        "end_dir": [
            0.020528709515929222
        ],
        "init_height": 0.2,
        "sil_spline": {
            "parameters": {
                "key_xs": [
                    0.0,
                    0.05263157933950424,
                    0.10526315867900848,
                    0.15789473056793213,
                    0.21052631735801697,
                    0.2631579041481018,
                    0.31578946113586426,
                    0.3684210479259491,
                    0.42105263471603394,
                    0.4736842215061188,
                    0.5263158082962036,
                    0.5789473652839661,
                    0.6315789222717285,
                    0.6842105388641357,
                    0.7368420958518982,
                    0.7894736528396606,
                    0.8421052694320679,
                    0.8947368264198303,
                    0.9473684430122375,
                    1.0
                ],
                "key_ys": [
                    0.3368220627307892,
                    0.44030454754829407,
                    0.3630763590335846,
                    0.5353336334228516,
                    0.47303465008735657,
                    0.6277081966400146,
                    0.5965613126754761,
                    0.6897954940795898,
                    0.7233218550682068,
                    0.7219356298446655,
                    0.7217972278594971,
                    0.8148208856582642,
                    0.8262295126914978,
                    0.8041387796401978,
                    0.8274534344673157,
                    0.948974609375,
                    0.7950195670127869,
                    0.9573979377746582,
                    0.8938300013542175,
                    0.653308093547821
                ],
                "key_ts": [
                    0.019485946744680405,
                    -0.011822774074971676,
                    0.020474879071116447,
                    -0.010469917207956314,
                    0.010535015724599361,
                    -0.0002819919027388096,
                    0.011935622431337833,
                    -0.0007067307597026229,
                    0.013640684075653553,
                    0.0030655991286039352,
                    0.011750778183341026,
                    0.0013586586574092507,
                    -0.017543472349643707,
                    0.023218393325805664,
                    0.00265053054317832,
                    -0.003177325241267681,
                    -0.0033198692835867405,
                    0.005946229211986065,
                    -0.0019687809981405735,
                    -0.00452000554651022
                ]
            },
            "optimizer_parameters": {
                "y_lr": 0.05,
                "t_lr": 0.05,
                "scheduler_step_size": 10,
                "scheduler_gamma": 0.99
            }
        },
        "thickness_spline": {
            "parameters": {
                "key_xs": [
                    0.0,
                    0.10000000149011612,
                    0.5,
                    0.8999999761581421,
                    1.0
                ],
                "key_ys": [
                    0.0,
                    0.03999999910593033,
                    0.05000000074505806,
                    0.03999999910593033,
                    0.0
                ],
                "key_ts": [
                    0.07999999821186066,
                    0.019999999552965164,
                    0.0,
                    -0.019999999552965164,
                    -0.07999999821186066
                ]
            },
            "optimizer_parameters": {
                "y_lr": 0.05,
                "t_lr": 0.05,
                "scheduler_step_size": 10,
                "scheduler_gamma": 0.99
            }
        },
        "uv_reshape_bb": {
            "uv": [
                0.3352864583333333,
                0.3352864583333333
            ],
            "size": [
                0.3138020833333333,
                0.3138020833333333
            ]
        }
    },
    "optimizer_parameters": {
        "uv_lr": 0.005,
        "dir_lr": 0.05,
        "scheduler_step_size": 10,
        "scheduler_gamma": 0.99
    }
}