{
    "parameters": {
        "grow_mode": "single_sided",
        "wave_angle": -1.0471975803375244,
        "start_uv": [
            0.32470545172691345,
            1.0004432201385498
        ],
        "end_uv": [
            0.3804658055305481,
            1.0002330541610718
        ],
        "start_dir": [
            -0.5307901501655579
        ],
        "end_dir": [
            0.7739152312278748
        ],
        "init_height": 0.2,
        "sil_spline": {
            "parameters": {
                "key_xs": [
                    0.0,
                    0.05263157933950424,
                    0.10526315867900848,
                    0.15789473056793213,
                    0.21052631735801697,
                    0.2631579041481018,
                    0.31578946113586426,
                    0.3684210479259491,
                    0.42105263471603394,
                    0.4736842215061188,
                    0.5263158082962036,
                    0.5789473652839661,
                    0.6315789222717285,
                    0.6842105388641357,
                    0.7368420958518982,
                    0.7894736528396606,
                    0.8421052694320679,
                    0.8947368264198303,
                    0.9473684430122375,
                    1.0
                ],
                "key_ys": [
                    0.09852027893066406,
                    0.16239915788173676,
                    0.15618236362934113,
                    0.15471354126930237,
                    0.017344001680612564,
                    0.006451142951846123,
                    0.0015989189269021153,
                    0.12292594462633133,
                    -0.0255172960460186,
                    -0.0013894091825932264,
                    -0.005524719133973122,
                    0.08137741684913635,
                    0.055867403745651245,
                    -0.023562951013445854,
                    0.13337379693984985,
                    0.05955148860812187,
                    0.1923476755619049,
                    0.22248101234436035,
                    0.12767939269542694,
                    0.18330848217010498
                ],
                "key_ts": [
                    0.005210050847381353,
                    -0.013591152615845203,
                    0.0006513971602544188,
                    -0.0016298082191497087,
                    0.0034993491135537624,
                    0.00254123960621655,
                    -0.00033831308246590197,
                    0.0026114480569958687,
                    0.00047138682566583157,
                    0.0027564421761780977,
                    -0.004656171426177025,
                    -0.003762437729164958,
                    -0.004953757859766483,
                    0.005503708031028509,
                    0.0010743237799033523,
                    0.0015427883481606841,
                    5.489989052875899e-05,
                    0.0027361938264220953,
                    0.0010304569732397795,
                    -0.00349454116076231
                ]
            },
            "optimizer_parameters": {
                "y_lr": 0.05,
                "t_lr": 0.05,
                "scheduler_step_size": 10,
                "scheduler_gamma": 0.99
            }
        },
        "thickness_spline": {
            "parameters": {
                "key_xs": [
                    0.0,
                    0.10000000149011612,
                    0.5,
                    0.8999999761581421,
                    1.0
                ],
                "key_ys": [
                    0.0,
                    0.009999999776482582,
                    0.019999999552965164,
                    0.009999999776482582,
                    0.0
                ],
                "key_ts": [
                    0.019999999552965164,
                    0.009999999776482582,
                    0.0,
                    -0.009999999776482582,
                    -0.019999999552965164
                ]
            },
            "optimizer_parameters": {
                "y_lr": 0.05,
                "t_lr": 0.05,
                "scheduler_step_size": 10,
                "scheduler_gamma": 0.99
            }
        },
        "uv_reshape_bb": {
            "uv": [
                0.3352864583333333,
                0.001953125
            ],
            "size": [
                0.3138020833333333,
                0.3138020833333333
            ]
        }
    },
    "optimizer_parameters": {
        "uv_lr": 0.005,
        "dir_lr": 0.05,
        "scheduler_step_size": 10,
        "scheduler_gamma": 0.99
    }
}