{
    "parameters": {
        "origin_xy": [
            -1.454519271850586,
            0.2181791067123413
        ],
        "origin_z": 0.0,
        "length_x": 2.934976577758789,
        "length_y": 0.0,
        "length_z": 0.0,
        "uv_reshape_bb": {
            "uv": [
                0.001953125,
                0.001953125
            ],
            "size": [
                0.3138020833333333,
                0.3138020833333333
            ]
        },
        "top_spline": {
            "parameters": {
                "key_xs": [
                    0.0,
                    0.05263157933950424,
                    0.10526315867900848,
                    0.15789473056793213,
                    0.21052631735801697,
                    0.2631579041481018,
                    0.31578946113586426,
                    0.3684210479259491,
                    0.42105263471603394,
                    0.4736842215061188,
                    0.5263158082962036,
                    0.5789473652839661,
                    0.6315789222717285,
                    0.6842105388641357,
                    0.7368420958518982,
                    0.7894736528396606,
                    0.8421052694320679,
                    0.8947368264198303,
                    0.9473684430122375,
                    1.0
                ],
                "key_ys": [
                    0.0044224499724805355,
                    0.0029561694245785475,
                    0.053934961557388306,
                    0.21693827211856842,
                    0.3363693058490753,
                    0.4557792544364929,
                    0.5546895265579224,
                    0.6310554146766663,
                    0.7088767886161804,
                    0.7520304322242737,
                    0.770944356918335,
                    0.7499868273735046,
                    0.7044879198074341,
                    0.6444680094718933,
                    0.5619494318962097,
                    0.4386800527572632,
                    0.2695692181587219,
                    0.07286703586578369,
                    -0.08090037107467651,
                    0.043395813554525375
                ],
                "key_ts": [
                    -0.1277875453233719,
                    -0.00871406588703394,
                    0.2366972118616104,
                    0.24458718299865723,
                    0.10964454710483551,
                    0.19705337285995483,
                    0.2142498642206192,
                    0.1349644660949707,
                    0.20225684344768524,
                    0.03395989537239075,
                    -0.29425129294395447,
                    0.10696607828140259,
                    -0.1500299721956253,
                    -0.13281099498271942,
                    -0.2059602588415146,
                    -0.19844844937324524,
                    -0.14690177142620087,
                    -0.33693668246269226,
                    0.16468673944473267,
                    0.03095441870391369
                ]
            },
            "optimizer_parameters": {
                "y_lr": 0.05,
                "t_lr": 0.05,
                "scheduler_step_size": 10,
                "scheduler_gamma": 0.99
            }
        },
        "bottom_spline": {
            "parameters": {
                "key_xs": [
                    0.0,
                    0.05263157933950424,
                    0.10526315867900848,
                    0.15789473056793213,
                    0.21052631735801697,
                    0.2631579041481018,
                    0.31578946113586426,
                    0.3684210479259491,
                    0.42105263471603394,
                    0.4736842215061188,
                    0.5263158082962036,
                    0.5789473652839661,
                    0.6315789222717285,
                    0.6842105388641357,
                    0.7368420958518982,
                    0.7894736528396606,
                    0.8421052694320679,
                    0.8947368264198303,
                    0.9473684430122375,
                    1.0
                ],
                "key_ys": [
                    0.14450883865356445,
                    0.21750408411026,
                    0.34883710741996765,
                    0.5418198704719543,
                    0.6796569228172302,
                    0.7896847724914551,
                    0.8674115538597107,
                    0.9362780451774597,
                    0.9973978400230408,
                    1.0429176092147827,
                    1.0587929487228394,
                    1.0392874479293823,
                    1.0152260065078735,
                    0.9744001626968384,
                    0.9019326567649841,
                    0.7902883291244507,
                    0.6414557695388794,
                    0.4510425329208374,
                    0.19634146988391876,
                    -0.043396346271038055
                ],
                "key_ts": [
                    -0.0740736797451973,
                    -0.041025277227163315,
                    0.30249911546707153,
                    0.09200230985879898,
                    0.2059478908777237,
                    0.06193675845861435,
                    0.09012190252542496,
                    0.23063494265079498,
                    0.11132559180259705,
                    0.1274203509092331,
                    -0.2686883211135864,
                    0.04855743423104286,
                    -0.14774228632450104,
                    -0.15122286975383759,
                    -0.06335316598415375,
                    -0.19703854620456696,
                    -0.060028720647096634,
                    -0.19213086366653442,
                    -0.33775749802589417,
                    0.23022153973579407
                ]
            },
            "optimizer_parameters": {
                "y_lr": 0.05,
                "t_lr": 0.05,
                "scheduler_step_size": 10,
                "scheduler_gamma": 0.99
            }
        },
        "thickness_spline": {
            "parameters": {
                "key_xs": [
                    0.0,
                    0.10000000149011612,
                    0.20000000298023224,
                    0.30000001192092896,
                    0.4000000059604645,
                    0.6000000238418579,
                    0.699999988079071,
                    0.800000011920929,
                    0.8999999761581421,
                    1.0
                ],
                "key_ys": [
                    0.0,
                    0.6000000238418579,
                    0.75,
                    0.8299999833106995,
                    0.8999999761581421,
                    0.8500000238418579,
                    0.75,
                    0.6000000238418579,
                    0.4000000059604645,
                    0.0
                ],
                "key_ts": [
                    5.0,
                    4.0,
                    2.0,
                    1.0,
                    0.10000000149011612,
                    -0.10000000149011612,
                    -0.5,
                    -0.699999988079071,
                    -1.0,
                    -4.0
                ]
            },
            "optimizer_parameters": {
                "y_lr": 0.05,
                "t_lr": 0.05,
                "scheduler_step_size": 10,
                "scheduler_gamma": 0.99
            }
        },