{
    "parameters": {
        "grow_mode": "double_sided",
        "wave_angle": -1.2000000476837158,
        "start_uv": [
            0.5035184025764465,
            0.3082490861415863
        ],
        "end_uv": [
            0.5257894396781921,
            0.32828933000564575
        ],
        "start_dir": [
            -0.0754597932100296
        ],
        "end_dir": [
            -0.7683649659156799
        ],
        "init_height": 0.2,
        "sil_spline": {
            "parameters": {
                "key_xs": [
                    0.0,
                    0.05263157933950424,
                    0.10526315867900848,
                    0.15789473056793213,
                    0.21052631735801697,
                    0.2631579041481018,
                    0.31578946113586426,
                    0.3684210479259491,
                    0.42105263471603394,
                    0.4736842215061188,
                    0.5263158082962036,
                    0.5789473652839661,
                    0.6315789222717285,
                    0.6842105388641357,
                    0.7368420958518982,
                    0.7894736528396606,
                    0.8421052694320679,
                    0.8947368264198303,
                    0.9473684430122375,
                    1.0
                ],
                "key_ys": [
                    0.2613486647605896,
                    0.14907588064670563,
                    0.26493462920188904,
                    0.09383805841207504,
                    0.13353337347507477,
                    0.12556028366088867,
                    0.11753690987825394,
                    0.10864142328500748,
                    0.0952601209282875,
                    0.08854161947965622,
                    0.07814791798591614,
                    0.07294406741857529,
                    0.03270940110087395,
                    0.05715250223875046,
                    0.053699541836977005,
                    0.03901400417089462,
                    0.01799611933529377,
                    0.039036884903907776,
                    0.038233157247304916,
                    0.03349878266453743
                ],
                "key_ts": [
                    0.001408877200447023,
                    0.015161518007516861,
                    -0.006247378885746002,
                    0.0020101305563002825,
                    0.0024983857292681932,
                    0.0001310986262978986,
                    0.002158372662961483,
                    -0.0011916938237845898,
                    0.00021755958732683212,
                    0.00016672408673912287,
                    0.00011092751810792834,
                    -0.0016063599614426494,
                    -0.0009593330905772746,
                    0.0020517967641353607,
                    -0.002675185212865472,
                    -0.0029078309889882803,
                    0.001005325699225068,
                    -0.0012060418957844377,
                    -0.0010209017200395465,
                    0.0010032120626419783
                ]
            },
            "optimizer_parameters": {
                "y_lr": 0.05,
                "t_lr": 0.05,
                "scheduler_step_size": 10,
                "scheduler_gamma": 0.99
            }
        },
        "thickness_spline": {
            "parameters": {
                "key_xs": [
                    0.0,
                    0.30000001192092896,
                    0.5,
                    0.699999988079071,
                    1.0
                ],
                "key_ys": [
                    0.0,
                    0.009999999776482582,
                    0.013000000268220901,
                    0.009999999776482582,
                    0.0
                ],
                "key_ts": [
                    0.009999999776482582,
                    0.0020000000949949026,
                    0.0,
                    -0.0020000000949949026,
                    -0.009999999776482582
                ]
            },
            "optimizer_parameters": {
                "y_lr": 0.05,
                "t_lr": 0.05,
                "scheduler_step_size": 10,
                "scheduler_gamma": 0.99
            }
        },
        "uv_reshape_bb": {
            "uv": [
                0.3352864583333333,
                0.6686197916666666
            ],
            "size": [
                0.3138020833333333,
                0.3138020833333333
            ]
        }
    },
    "optimizer_parameters": {
        "uv_lr": 0.005,
        "dir_lr": 0.05,
        "scheduler_step_size": 10,
        "scheduler_gamma": 0.99
    }
}