{
    "parameters": {
        "grow_mode": "single_sided",
        "wave_angle": -1.0471975803375244,
        "start_uv": [
            0.5240741968154907,
            -0.0036374295596033335
        ],
        "end_uv": [
            0.4412737488746643,
            -0.0018630806589499116
        ],
        "start_dir": [
            -0.1801261305809021
        ],
        "end_dir": [
            -1.102668285369873
        ],
        "init_height": 0.2,
        "sil_spline": {
            "parameters": {
                "key_xs": [
                    0.0,
                    0.05263157933950424,
                    0.10526315867900848,
                    0.15789473056793213,
                    0.21052631735801697,
                    0.2631579041481018,
                    0.31578946113586426,
                    0.3684210479259491,
                    0.42105263471603394,
                    0.4736842215061188,
                    0.5263158082962036,
                    0.5789473652839661,
                    0.6315789222717285,
                    0.6842105388641357,
                    0.7368420958518982,
                    0.7894736528396606,
                    0.8421052694320679,
                    0.8947368264198303,
                    0.9473684430122375,
                    1.0
                ],
                "key_ys": [
                    0.02843409962952137,
                    0.3867000639438629,
                    0.6984638571739197,
                    0.8542305827140808,
                    0.7585524916648865,
                    0.6760528087615967,
                    0.5858789086341858,
                    0.5108600854873657,
                    0.42576220631599426,
                    0.3871014714241028,
                    0.30345210433006287,
                    0.23072324693202972,
                    0.16052782535552979,
                    0.07738181948661804,
                    0.07270470261573792,
                    0.056329645216464996,
                    0.042239896953105927,
                    0.030124660581350327,
                    0.020153680816292763,
                    0.009034291841089725
                ],
                "key_ts": [
                    0.006008025724440813,
                    -0.011174810118973255,
                    0.015346858650445938,
                    0.002520522801205516,
                    -0.004622691310942173,
                    0.005485900212079287,
                    0.0001960608351510018,
                    -0.006383518688380718,
                    0.0029438144993036985,
                    0.002028851304203272,
                    -0.02560676448047161,
                    -0.00037040875758975744,
                    -0.006532507948577404,
                    -0.007077592890709639,
                    -0.0021814072970300913,
                    -0.011070125736296177,
                    0.001848103478550911,
                    -0.004958074074238539,
                    0.0004888686235062778,
                    -0.0015852143988013268
                ]
            },
            "optimizer_parameters": {
                "y_lr": 0.05,
                "t_lr": 0.05,
                "scheduler_step_size": 10,
                "scheduler_gamma": 0.99
            }
        },
        "thickness_spline": {
            "parameters": {
                "key_xs": [
                    0.0,
                    1.0
                ],
                "key_ys": [
                    0.0,
                    0.0
                ],
                "key_ts": [
                    0.0,
                    0.0
                ]
            },
            "optimizer_parameters": {
                "y_lr": 0,
                "t_lr": 0,
                "scheduler_step_size": 0,
                "scheduler_gamma": 0
            }
        },
        "uv_reshape_bb": {
            "uv": [
                0.6686197916666666,
                0.001953125
            ],
            "size": [
                0.3138020833333333,
                0.3138020833333333
            ]
        }
    },
    "optimizer_parameters": {
        "uv_lr": 0.005,
        "dir_lr": 0.05,
        "scheduler_step_size": 10,
        "scheduler_gamma": 0.99
    }
}