{
    "parameters": {
        "grow_mode": "single_sided",
        "wave_angle": -1.0471975803375244,
        "start_uv": [
            0.3068079650402069,
            -0.0007100773509591818
        ],
        "end_uv": [
            0.14452187716960907,
            -0.0006069628871046007
        ],
        "start_dir": [
            -0.3858593702316284
        ],
        "end_dir": [
            -0.39438244700431824
        ],
        "init_height": 0.2,
        "sil_spline": {
            "parameters": {
                "key_xs": [
                    0.0,
                    0.05263157933950424,
                    0.10526315867900848,
                    0.15789473056793213,
                    0.21052631735801697,
                    0.2631579041481018,
                    0.31578946113586426,
                    0.3684210479259491,
                    0.42105263471603394,
                    0.4736842215061188,
                    0.5263158082962036,
                    0.5789473652839661,
                    0.6315789222717285,
                    0.6842105388641357,
                    0.7368420958518982,
                    0.7894736528396606,
                    0.8421052694320679,
                    0.8947368264198303,
                    0.9473684430122375,
                    1.0
                ],
                "key_ys": [
                    0.07021473348140717,
                    0.17242854833602905,
                    0.23844999074935913,
                    0.2895505726337433,
                    0.32414183020591736,
                    0.3353210389614105,
                    0.3445667028427124,
                    0.34345725178718567,
                    0.35034358501434326,
                    0.3336958587169647,
                    0.3259204030036926,
                    0.3101385533809662,
                    0.2780555784702301,
                    0.2484295815229416,
                    0.21978430449962616,
                    0.17308825254440308,
                    0.14205633103847504,
                    0.05974283814430237,
                    0.040125176310539246,
                    0.020167089998722076
                ],
                "key_ts": [
                    0.002210518578067422,
                    -0.0005604939651675522,
                    -0.0021832529455423355,
                    -0.0035477352794259787,
                    0.0030326496344059706,
                    0.0005592759698629379,
                    0.0021485965698957443,
                    0.0018415201921015978,
                    -0.001323001692071557,
                    -0.0019309698836877942,
                    0.0003712938923854381,
                    -0.0012373642530292273,
                    0.000674739945679903,
                    -0.0014822318917140365,
                    -0.0029876097105443478,
                    -0.0044163004495203495,
                    -0.0021344723645597696,
                    -0.0018475146498531103,
                    -0.0015367659507319331,
                    0.0005225763306953013
                ]
            },
            "optimizer_parameters": {
                "y_lr": 0.05,
                "t_lr": 0.05,
                "scheduler_step_size": 10,
                "scheduler_gamma": 0.99
            }
        },
        "thickness_spline": {
            "parameters": {
                "key_xs": [
                    0.0,
                    0.30000001192092896,
                    0.5,
                    0.699999988079071,
                    1.0
                ],
                "key_ys": [
                    0.0,
                    0.029999999329447746,
                    0.03999999910593033,
                    0.029999999329447746,
                    0.0
                ],
                "key_ts": [
                    0.05000000074505806,
                    0.009999999776482582,
                    0.0,
                    -0.009999999776482582,
                    -0.05000000074505806
                ]
            },
            "optimizer_parameters": {
                "y_lr": 0.05,
                "t_lr": 0.05,
                "scheduler_step_size": 10,
                "scheduler_gamma": 0.99
            }
        },
        "uv_reshape_bb": {
            "uv": [
                0.001953125,
                0.3352864583333333
            ],
            "size": [
                0.3138020833333333,
                0.3138020833333333
            ]
        }
    },
    "optimizer_parameters": {
        "uv_lr": 0.005,
        "dir_lr": 0.05,
        "scheduler_step_size": 10,
        "scheduler_gamma": 0.99
    }
}