{
    "parameters": {
        "grow_mode": "single_sided",
        "wave_angle": -1.0471975803375244,
        "start_uv": [
            -0.007570778951048851,
            -0.0008708590758033097
        ],
        "end_uv": [
            -0.009797774255275726,
            1.0016412734985352
        ],
        "start_dir": [
            0.7460801005363464
        ],
        "end_dir": [
            -0.47819656133651733
        ],
        "init_height": 0.2,
        "sil_spline": {
            "parameters": {
                "key_xs": [
                    0.0,
                    0.05263157933950424,
                    0.10526315867900848,
                    0.15789473056793213,
                    0.21052631735801697,
                    0.2631579041481018,
                    0.31578946113586426,
                    0.3684210479259491,
                    0.42105263471603394,
                    0.4736842215061188,
                    0.5263158082962036,
                    0.5789473652839661,
                    0.6315789222717285,
                    0.6842105388641357,
                    0.7368420958518982,
                    0.7894736528396606,
                    0.8421052694320679,
                    0.8947368264198303,
                    0.9473684430122375,
                    1.0
                ],
                "key_ys": [
                    0.276193767786026,
                    0.602279007434845,
                    0.8377850651741028,
                    0.6177783012390137,
                    0.5203139781951904,
                    0.4777458608150482,
                    0.4587518274784088,
                    0.4388945698738098,
                    0.43078288435935974,
                    0.4323999583721161,
                    0.43687382340431213,
                    0.4447924792766571,
                    0.46369558572769165,
                    0.48999568819999695,
                    0.5181757807731628,
                    0.5549463629722595,
                    0.6040217280387878,
                    0.721774697303772,
                    0.8945240378379822,
                    0.47916263341903687
                ],
                "key_ts": [
                    0.002101490506902337,
                    0.0009970380924642086,
                    -0.00379424006678164,
                    -0.005969703197479248,
                    0.0011155129177495837,
                    -0.007078440394252539,
                    0.003337576286867261,
                    -0.00016492430586367846,
                    -0.010003473609685898,
                    0.008952843025326729,
                    0.009083757176995277,
                    0.005615693051367998,
                    0.006755989510565996,
                    0.0018443866865709424,
                    -0.00010261231363983825,
                    0.005100838840007782,
                    -0.002435161732137203,
                    0.01021562796086073,
                    -0.007921743206679821,
                    -0.001197073725052178
                ]
            },
            "optimizer_parameters": {
                "y_lr": 0.05,
                "t_lr": 0.05,
                "scheduler_step_size": 10,
                "scheduler_gamma": 0.99
            }
        },
        "thickness_spline": {
            "parameters": {
                "key_xs": [
                    0.0,
                    0.30000001192092896,
                    0.5,
                    0.699999988079071,
                    1.0
                ],
                "key_ys": [
                    0.0,
                    0.009999999776482582,
                    0.012000000104308128,
                    0.009999999776482582,
                    0.0
                ],
                "key_ts": [
                    0.009999999776482582,
                    0.0020000000949949026,
                    0.0,
                    -0.0020000000949949026,
                    -0.009999999776482582
                ]
            },
            "optimizer_parameters": {
                "y_lr": 0.05,
                "t_lr": 0.05,
                "scheduler_step_size": 10,
                "scheduler_gamma": 0.99
            }
        },
        "uv_reshape_bb": {
            "uv": [
                0.001953125,
                0.6686197916666666
            ],
            "size": [
                0.3138020833333333,
                0.3138020833333333
            ]
        }
    },
    "optimizer_parameters": {
        "uv_lr": 0.005,
        "dir_lr": 0.05,
        "scheduler_step_size": 10,
        "scheduler_gamma": 0.99
    }
}