{
    "parameters": {
        "grow_mode": "single_sided",
        "wave_angle": -1.0471975803375244,
        "start_uv": [
            0.1676684021949768,
            1.000759482383728
        ],
        "end_uv": [
            0.4060269892215729,
            1.0016932487487793
        ],
        "start_dir": [
            0.3464617133140564
        ],
        "end_dir": [
            0.06806419044733047
        ],
        "init_height": 0.2,
        "sil_spline": {
            "parameters": {
                "key_xs": [
                    0.0,
                    0.05263157933950424,
                    0.10526315867900848,
                    0.15789473056793213,
                    0.21052631735801697,
                    0.2631579041481018,
                    0.31578946113586426,
                    0.3684210479259491,
                    0.42105263471603394,
                    0.4736842215061188,
                    0.5263158082962036,
                    0.5789473652839661,
                    0.6315789222717285,
                    0.6842105388641357,
                    0.7368420958518982,
                    0.7894736528396606,
                    0.8421052694320679,
                    0.8947368264198303,
                    0.9473684430122375,
                    1.0
                ],
                "key_ys": [
                    0.30594003200531006,
                    0.3549695909023285,
                    0.40108537673950195,
                    0.4609324038028717,
                    0.49874716997146606,
                    0.5382891893386841,
                    0.5608270168304443,
                    0.5647204518318176,
                    0.5643283128738403,
                    0.5818192958831787,
                    0.4873673617839813,
                    0.494092732667923,
                    0.5121666789054871,
                    0.5247358679771423,
                    0.4895322918891907,
                    0.3945651352405548,
                    0.42093947529792786,
                    0.43267160654067993,
                    0.33753061294555664,
                    0.14836829900741577
                ],
                "key_ts": [
                    -0.0019403499318286777,
                    0.009416152723133564,
                    -0.001837488729506731,
                    -0.0046147797256708145,
                    0.009011304937303066,
                    0.008310387842357159,
                    -0.007883235812187195,
                    -0.0028117552865296602,
                    0.00015246555267367512,
                    0.005326137878000736,
                    -0.009096982888877392,
                    0.010003281757235527,
                    -0.006282053422182798,
                    0.00883620698004961,
                    -0.008444452658295631,
                    0.0009996893350034952,
                    0.007932081818580627,
                    -0.005728163756430149,
                    0.00024269627465400845,
                    -0.0026397553738206625
                ]
            },
            "optimizer_parameters": {
                "y_lr": 0.05,
                "t_lr": 0.05,
                "scheduler_step_size": 10,
                "scheduler_gamma": 0.99
            }
        },
        "thickness_spline": {
            "parameters": {
                "key_xs": [
                    0.0,
                    0.10000000149011612,
                    0.5,
                    0.8999999761581421,
                    1.0
                ],
                "key_ys": [
                    0.0,
                    0.03999999910593033,
                    0.05000000074505806,
                    0.03999999910593033,
                    0.0
                ],
                "key_ts": [
                    0.07999999821186066,
                    0.019999999552965164,
                    0.0,
                    -0.019999999552965164,
                    -0.07999999821186066
                ]
            },
            "optimizer_parameters": {
                "y_lr": 0.05,
                "t_lr": 0.05,
                "scheduler_step_size": 10,
                "scheduler_gamma": 0.99
            }
        },
        "uv_reshape_bb": {
            "uv": [
                0.3352864583333333,
                0.001953125
            ],
            "size": [
                0.3138020833333333,
                0.3138020833333333
            ]
        }
    },
    "optimizer_parameters": {
        "uv_lr": 0.005,
        "dir_lr": 0.05,
        "scheduler_step_size": 10,
        "scheduler_gamma": 0.99
    }
}