{
    "parameters": {
        "grow_mode": "single_sided",
        "wave_angle": -1.0471975803375244,
        "start_uv": [
            0.4303765892982483,
            1.0018941164016724
        ],
        "end_uv": [
            0.6940581798553467,
            1.0026494264602661
        ],
        "start_dir": [
            0.1805557757616043
        ],
        "end_dir": [
            0.4065525531768799
        ],
        "init_height": 0.2,
        "sil_spline": {
            "parameters": {
                "key_xs": [
                    0.0,
                    0.05263157933950424,
                    0.10526315867900848,
                    0.15789473056793213,
                    0.21052631735801697,
                    0.2631579041481018,
                    0.31578946113586426,
                    0.3684210479259491,
                    0.42105263471603394,
                    0.4736842215061188,
                    0.5263158082962036,
                    0.5789473652839661,
                    0.6315789222717285,
                    0.6842105388641357,
                    0.7368420958518982,
                    0.7894736528396606,
                    0.8421052694320679,
                    0.8947368264198303,
                    0.9473684430122375,
                    1.0
                ],
                "key_ys": [
                    0.5989943146705627,
                    0.5446091294288635,
                    0.4943361282348633,
                    0.4595080614089966,
                    0.45539072155952454,
                    0.4651232659816742,
                    0.470619261264801,
                    0.43147531151771545,
                    0.3935208320617676,
                    0.4052872359752655,
                    0.4309239387512207,
                    0.40898486971855164,
                    0.36640113592147827,
                    0.29987090826034546,
                    0.22096127271652222,
                    0.18885581195354462,
                    0.20267146825790405,
                    0.2539483308792114,
                    0.28666451573371887,
                    0.19331781566143036
                ],
                "key_ts": [
                    0.0004030521376989782,
                    -0.0034826116170734167,
                    -0.006037481129169464,
                    0.0035486831329762936,
                    -0.005253063049167395,
                    0.0054244836792349815,
                    -0.004630311857908964,
                    -0.007643194403499365,
                    -0.0002570774231571704,
                    0.005176595877856016,
                    -0.0004302288871258497,
                    -0.004220820032060146,
                    -0.004517821129411459,
                    -0.0027187003288418055,
                    -0.0007418083841912448,
                    0.00011359516065567732,
                    0.0009433150989934802,
                    0.00615523848682642,
                    -0.001646472723223269,
                    -0.0024570131208747625
                ]
            },
            "optimizer_parameters": {
                "y_lr": 0.05,
                "t_lr": 0.05,
                "scheduler_step_size": 10,
                "scheduler_gamma": 0.99
            }
        },
        "thickness_spline": {
            "parameters": {
                "key_xs": [
                    0.0,
                    0.10000000149011612,
                    0.5,
                    0.8999999761581421,
                    1.0
                ],
                "key_ys": [
                    0.0,
                    0.03999999910593033,
                    0.05000000074505806,
                    0.03999999910593033,
                    0.0
                ],
                "key_ts": [
                    0.07999999821186066,
                    0.019999999552965164,
                    0.0,
                    -0.019999999552965164,
                    -0.07999999821186066
                ]
            },
            "optimizer_parameters": {
                "y_lr": 0.05,
                "t_lr": 0.05,
                "scheduler_step_size": 10,
                "scheduler_gamma": 0.99
            }
        },
        "uv_reshape_bb": {
            "uv": [
                0.3352864583333333,
                0.3352864583333333
            ],
            "size": [
                0.3138020833333333,
                0.3138020833333333
            ]
        }
    },
    "optimizer_parameters": {
        "uv_lr": 0.005,
        "dir_lr": 0.05,
        "scheduler_step_size": 10,
        "scheduler_gamma": 0.99
    }
}