{
    "parameters": {
        "origin_xy": [
            -1.1253387928009033,
            0.11970334500074387
        ],
        "origin_z": 0.0,
        "length_x": 2.9154410362243652,
        "length_y": 0.0,
        "length_z": 0.0,
        "uv_reshape_bb": {
            "uv": [
                0.001953125,
                0.001953125
            ],
            "size": [
                0.3138020833333333,
                0.3138020833333333
            ]
        },
        "top_spline": {
            "parameters": {
                "key_xs": [
                    0.0,
                    0.05263157933950424,
                    0.10526315867900848,
                    0.15789473056793213,
                    0.21052631735801697,
                    0.2631579041481018,
                    0.31578946113586426,
                    0.3684210479259491,
                    0.42105263471603394,
                    0.4736842215061188,
                    0.5263158082962036,
                    0.5789473652839661,
                    0.6315789222717285,
                    0.6842105388641357,
                    0.7368420958518982,
                    0.7894736528396606,
                    0.8421052694320679,
                    0.8947368264198303,
                    0.9473684430122375,
                    1.0
                ],
                "key_ys": [
                    0.2140791416168213,
                    0.15889203548431396,
                    0.18460017442703247,
                    0.2992110848426819,
                    0.43284863233566284,
                    0.5215839743614197,
                    0.5929187536239624,
                    0.6383954882621765,
                    0.6866329908370972,
                    0.7201125025749207,
                    0.7363588809967041,
                    0.7493711113929749,
                    0.7464269399642944,
                    0.724645733833313,
                    0.6606053113937378,
                    0.5960378646850586,
                    0.4104323387145996,
                    0.2271757870912552,
                    0.08092962205410004,
                    -0.008524356409907341
                ],
                "key_ts": [
                    -0.14535796642303467,
                    0.09079979360103607,
                    -0.02258804440498352,
                    0.3372448682785034,
                    0.07739917188882828,
                    0.1690523475408554,
                    0.13882753252983093,
                    0.15007206797599792,
                    0.16831429302692413,
                    -0.05170256271958351,
                    0.2096729725599289,
                    0.20177029073238373,
                    -0.1700429469347,
                    -0.1262795776128769,
                    -0.17484094202518463,
                    0.060850366950035095,
                    -0.33946993947029114,
                    0.04573610797524452,
                    -0.3276454508304596,
                    0.19935666024684906
                ]
            },
            "optimizer_parameters": {
                "y_lr": 0.05,
                "t_lr": 0.05,
                "scheduler_step_size": 10,
                "scheduler_gamma": 0.99
            }
        },
        "bottom_spline": {
            "parameters": {
                "key_xs": [
                    0.0,
                    0.05263157933950424,
                    0.10526315867900848,
                    0.15789473056793213,
                    0.21052631735801697,
                    0.2631579041481018,
                    0.31578946113586426,
                    0.3684210479259491,
                    0.42105263471603394,
                    0.4736842215061188,
                    0.5263158082962036,
                    0.5789473652839661,
                    0.6315789222717285,
                    0.6842105388641357,
                    0.7368420958518982,
                    0.7894736528396606,
                    0.8421052694320679,
                    0.8947368264198303,
                    0.9473684430122375,
                    1.0
                ],
                "key_ys": [
                    0.19413234293460846,
                    0.12844893336296082,
                    0.11922549456357956,
                    0.19495712220668793,
                    0.30362197756767273,
                    0.40113335847854614,
                    0.491569459438324,
                    0.5641144514083862,
                    0.6386696696281433,
                    0.6986232399940491,
                    0.7419850826263428,
                    0.7744008302688599,
                    0.784065306186676,
                    0.7775669693946838,
                    0.7485867142677307,
                    0.70795738697052,
                    0.6400594115257263,
                    0.5048930048942566,
                    0.3541294038295746,
                    0.008519439026713371
                ],
                "key_ts": [
                    -0.1596631556749344,
                    0.14311006665229797,
                    -0.0648808479309082,
                    0.3127518892288208,
                    0.12628085911273956,
                    0.18879759311676025,
                    0.1241365447640419,
                    0.14088432490825653,
                    0.26757746934890747,
                    0.031532954424619675,
                    -0.08741094172000885,
                    0.22253914177417755,
                    -0.13053691387176514,
                    -0.13271500170230865,
                    -0.04621857777237892,
                    -0.10522698611021042,
                    -0.012408089824020863,
                    -0.30887481570243835,
                    0.11813154071569443,
                    -0.004778778646141291
                ]
            },
            "optimizer_parameters": {
                "y_lr": 0.05,
                "t_lr": 0.05,
                "scheduler_step_size": 10,
                "scheduler_gamma": 0.99
            }
        },
        "thickness_spline": {
            "parameters": {
                "key_xs": [
                    0.0,
                    0.10000000149011612,
                    0.20000000298023224,
                    0.30000001192092896,
                    0.4000000059604645,
                    0.6000000238418579,
                    0.699999988079071,
                    0.800000011920929,
                    0.8999999761581421,
                    1.0
                ],
                "key_ys": [
                    0.0,
                    0.6000000238418579,
                    0.75,
                    0.8299999833106995,
                    0.8999999761581421,
                    0.8500000238418579,
                    0.75,
                    0.6000000238418579,
                    0.4000000059604645,
                    0.0
                ],
                "key_ts": [
                    5.0,
                    4.0,
                    2.0,
                    1.0,
                    0.10000000149011612,
                    -0.10000000149011612,
                    -0.5,
                    -0.699999988079071,
                    -1.0,
                    -4.0
                ]
            },
            "optimizer_parameters": {
                "y_lr": 0.05,
                "t_lr": 0.05,
                "scheduler_step_size": 10,
                "scheduler_gamma": 0.99
            }
        },