{
    "parameters": {
        "grow_mode": "double_sided",
        "wave_angle": -1.2000000476837158,
        "start_uv": [
            0.5813087224960327,
            0.2925861179828644
        ],
        "end_uv": [
            0.5825942158699036,
            0.3861686885356903
        ],
        "start_dir": [
            0.810589075088501
        ],
        "end_dir": [
            -0.5278382301330566
        ],
        "init_height": 0.2,
        "sil_spline": {
            "parameters": {
                "key_xs": [
                    0.0,
                    0.05263157933950424,
                    0.10526315867900848,
                    0.15789473056793213,
                    0.21052631735801697,
                    0.2631579041481018,
                    0.31578946113586426,
                    0.3684210479259491,
                    0.42105263471603394,
                    0.4736842215061188,
                    0.5263158082962036,
                    0.5789473652839661,
                    0.6315789222717285,
                    0.6842105388641357,
                    0.7368420958518982,
                    0.7894736528396606,
                    0.8421052694320679,
                    0.8947368264198303,
                    0.9473684430122375,
                    1.0
                ],
                "key_ys": [
                    0.019902419298887253,
                    0.22974911332130432,
                    0.2367440015077591,
                    0.24481402337551117,
                    0.25427350401878357,
                    0.2577882409095764,
                    0.2596525251865387,
                    0.2615293264389038,
                    0.2667491137981415,
                    0.2693648934364319,
                    0.2761411964893341,
                    0.28513726592063904,
                    0.2977033257484436,
                    0.3071295917034149,
                    0.3254900574684143,
                    0.3498033285140991,
                    0.3798106014728546,
                    0.423666775226593,
                    0.45822519063949585,
                    0.2103624790906906
                ],
                "key_ts": [
                    0.00045609628432430327,
                    -0.0018227314576506615,
                    0.0024928548373281956,
                    0.0038429792039096355,
                    -0.0034334869123995304,
                    0.004934921395033598,
                    0.00452514598146081,
                    0.003303732955828309,
                    0.00825614482164383,
                    -0.003282771911472082,
                    0.000884392240550369,
                    0.0002258153399452567,
                    0.007221254985779524,
                    0.0034935823641717434,
                    0.0057627554051578045,
                    0.005513534881174564,
                    -0.004733975976705551,
                    0.009434930048882961,
                    -0.005790163297206163,
                    -0.0006641657673753798
                ]
            },
            "optimizer_parameters": {
                "y_lr": 0.05,
                "t_lr": 0.05,
                "scheduler_step_size": 10,
                "scheduler_gamma": 0.99
            }
        },
        "thickness_spline": {
            "parameters": {
                "key_xs": [
                    0.0,
                    0.30000001192092896,
                    0.5,
                    0.699999988079071,
                    1.0
                ],
                "key_ys": [
                    0.0,
                    0.009999999776482582,
                    0.013000000268220901,
                    0.009999999776482582,
                    0.0
                ],
                "key_ts": [
                    0.009999999776482582,
                    0.0020000000949949026,
                    0.0,
                    -0.0020000000949949026,
                    -0.009999999776482582
                ]
            },
            "optimizer_parameters": {
                "y_lr": 0.05,
                "t_lr": 0.05,
                "scheduler_step_size": 10,
                "scheduler_gamma": 0.99
            }
        },
        "uv_reshape_bb": {
            "uv": [
                0.3352864583333333,
                0.6686197916666666
            ],
            "size": [
                0.3138020833333333,
                0.3138020833333333
            ]
        }
    },
    "optimizer_parameters": {
        "uv_lr": 0.005,
        "dir_lr": 0.05,
        "scheduler_step_size": 10,
        "scheduler_gamma": 0.99
    }
}