{
    "parameters": {
        "grow_mode": "single_sided",
        "wave_angle": -1.0471975803375244,
        "start_uv": [
            0.5280390977859497,
            -0.005136962980031967
        ],
        "end_uv": [
            0.40996721386909485,
            -0.0017947818851098418
        ],
        "start_dir": [
            -0.4152038097381592
        ],
        "end_dir": [
            -0.04237750917673111
        ],
        "init_height": 0.2,
        "sil_spline": {
            "parameters": {
                "key_xs": [
                    0.0,
                    0.05263157933950424,
                    0.10526315867900848,
                    0.15789473056793213,
                    0.21052631735801697,
                    0.2631579041481018,
                    0.31578946113586426,
                    0.3684210479259491,
                    0.42105263471603394,
                    0.4736842215061188,
                    0.5263158082962036,
                    0.5789473652839661,
                    0.6315789222717285,
                    0.6842105388641357,
                    0.7368420958518982,
                    0.7894736528396606,
                    0.8421052694320679,
                    0.8947368264198303,
                    0.9473684430122375,
                    1.0
                ],
                "key_ys": [
                    0.13921137154102325,
                    0.18512068688869476,
                    0.2100537270307541,
                    0.2331097573041916,
                    0.2562585771083832,
                    0.2764230966567993,
                    0.28783389925956726,
                    0.3057939410209656,
                    0.30645817518234253,
                    0.318675696849823,
                    0.31467267870903015,
                    0.33184900879859924,
                    0.3358936905860901,
                    0.34737256169319153,
                    0.36388489603996277,
                    0.36465689539909363,
                    0.37370622158050537,
                    0.3848361074924469,
                    0.38282904028892517,
                    0.3989396393299103
                ],
                "key_ts": [
                    0.001897074980661273,
                    -0.00032456175540573895,
                    -0.000247585354372859,
                    0.0009085947531275451,
                    0.0018999915337190032,
                    -0.0032958686351776123,
                    0.0026437523774802685,
                    -0.003612459870055318,
                    0.003301442600786686,
                    -0.005516143050044775,
                    0.0005950326449237764,
                    0.00011173108214279637,
                    -0.00037149296258576214,
                    0.004037924110889435,
                    -0.005099896341562271,
                    -0.0005424821865744889,
                    0.0029181113932281733,
                    -0.0029760096222162247,
                    0.0002362937229918316,
                    -0.0005392830935306847
                ]
            },
            "optimizer_parameters": {
                "y_lr": 0.05,
                "t_lr": 0.05,
                "scheduler_step_size": 10,
                "scheduler_gamma": 0.99
            }
        },
        "thickness_spline": {
            "parameters": {
                "key_xs": [
                    0.0,
                    1.0
                ],
                "key_ys": [
                    0.0,
                    0.0
                ],
                "key_ts": [
                    0.0,
                    0.0
                ]
            },
            "optimizer_parameters": {
                "y_lr": 0,
                "t_lr": 0,
                "scheduler_step_size": 0,
                "scheduler_gamma": 0
            }
        },
        "uv_reshape_bb": {
            "uv": [
                0.6686197916666666,
                0.001953125
            ],
            "size": [
                0.3138020833333333,
                0.3138020833333333
            ]
        }
    },
    "optimizer_parameters": {
        "uv_lr": 0.005,
        "dir_lr": 0.05,
        "scheduler_step_size": 10,
        "scheduler_gamma": 0.99
    }
}