{
    "0_anal_fin_mask.png": [
        [
            0.3867298770211334,
            0.3702285970412731
        ],
        [
            0.21588636707885445,
            0.4927577616062897
        ]
    ],
    "0_body_mask.png": [
        [
            0.1471504942740891,
            0.5340989024961122
        ],
        [
            0.8190685552424106,
            0.5002290521285468
        ]
    ],
    "0_caudal_fin_mask.png": [
        [
            0.14730141184256862,
            0.5171968008863266
        ],
        [
            0.1475570087349124,
            0.5532359627067964
        ]
    ],
    "0_dorsal_fin_mask.png": [
        [
            0.20966705357444548,
            0.5583479005536716
        ],
        [
            0.5429654011907052,
            0.6874243311872692
        ]
    ],
    "0_pectoral_fin_mask.png": [
        [
            0.5616239743317994,
            0.4428181052142932
        ],
        [
            0.5754262065183624,
            0.4571315311855436
        ]
    ],
    "0_pelvic_fin_mask.png": [
        [
            0.5005363170616414,
            0.33495621664522757
        ],
        [
            0.4317807530211706,
            0.35054762707819676
        ]
    ]
}