{
    "0_anal_fin_mask.png": [
        [
            0.4868760389561757,
            0.3431035994196203
        ],
        [
            0.32305554210481846,
            0.4735025233347476
        ]
    ],
    "0_body_mask.png": [
        [
            0.28579870670049634,
            0.5178819890369548
        ],
        [
            0.8183522951269823,
            0.5250046193348399
        ]
    ],
    "0_caudal_fin_mask.png": [
        [
            0.2861832919882361,
            0.4845658711304853
        ],
        [
            0.2861832919882361,
            0.5478089514340891
        ]
    ],
    "0_dorsal_fin_mask.png": [
        [
            0.31874038066523935,
            0.54855739025425
        ],
        [
            0.634207343363097,
            0.6742951120412966
        ]
    ],
    "0_pectoral_fin_mask.png": [
        [
            0.6589058244284096,
            0.41271574439503
        ],
        [
            0.6458081450755921,
            0.4321751537192158
        ]
    ],
    "0_pelvic_fin_mask.png": [
        [
            0.6394464151042238,
            0.36369300167448504
        ],
        [
            0.5990307188155303,
            0.34647890881078225
        ]
    ]
}