{
    "0_anal_fin_mask.png": [
        [
            0.33577330853480924,
            0.3876844169975824
        ],
        [
            0.2690874096584649,
            0.42020408373357754
        ]
    ],
    "0_body_mask.png": [
        [
            0.15300454865149515,
            0.4757756661305311
        ],
        [
            0.8408572463204542,
            0.535460260043733
        ]
    ],
    "0_caudal_fin_mask.png": [
        [
            0.153314130163471,
            0.4344210193219993
        ],
        [
            0.153314130163471,
            0.509605100801808
        ]
    ],
    "0_dorsal2_fin_mask.png": [
        [
            0.23734339769972773,
            0.5279758718421232
        ],
        [
            0.2836105247642253,
            0.5664184112413013
        ]
    ],
    "0_dorsal_fin_mask.png": [
        [
            0.31899126899001773,
            0.5817273871082308
        ],
        [
            0.5979548292318415,
            0.6620144605436826
        ]
    ],
    "0_pectoral_fin_mask.png": [
        [
            0.6081608131431278,
            0.4691213646203727
        ],
        [
            0.5965940313770033,
            0.4817087447776256
        ]
    ],
    "0_pelvic2_fin_mask.png": [
        [
            0.5595122898326633,
            0.3605977356970289
        ],
        [
            0.5098431681310702,
            0.3605977356970289
        ]
    ],
    "0_pelvic_fin_mask.png": [
        [
            0.6622525278729448,
            0.37250471692686293
        ],
        [
            0.600676424941518,
            0.3646801292615435
        ]
    ]
}