{
    "parameters": {
        "grow_mode": "single_sided",
        "wave_angle": -1.0471975803375244,
        "start_uv": [
            0.2258158028125763,
            -0.0003975234576500952
        ],
        "end_uv": [
            0.15661168098449707,
            -0.00048714474542066455
        ],
        "start_dir": [
            0.17979352176189423
        ],
        "end_dir": [
            -0.37617751955986023
        ],
        "init_height": 0.2,
        "sil_spline": {
            "parameters": {
                "key_xs": [
                    0.0,
                    0.05263157933950424,
                    0.10526315867900848,
                    0.15789473056793213,
                    0.21052631735801697,
                    0.2631579041481018,
                    0.31578946113586426,
                    0.3684210479259491,
                    0.42105263471603394,
                    0.4736842215061188,
                    0.5263158082962036,
                    0.5789473652839661,
                    0.6315789222717285,
                    0.6842105388641357,
                    0.7368420958518982,
                    0.7894736528396606,
                    0.8421052694320679,
                    0.8947368264198303,
                    0.9473684430122375,
                    1.0
                ],
                "key_ys": [
                    0.2412673830986023,
                    0.32976898550987244,
                    0.3986075818538666,
                    0.45186102390289307,
                    0.5046175122261047,
                    0.5420264005661011,
                    0.5770254135131836,
                    0.6167095899581909,
                    0.5862061381340027,
                    0.5655136704444885,
                    0.5486503839492798,
                    0.5318877696990967,
                    0.5178536772727966,
                    0.49424970149993896,
                    0.47046953439712524,
                    0.4476897120475769,
                    0.41714441776275635,
                    0.3891529440879822,
                    0.3581184446811676,
                    0.3235442340373993
                ],
                "key_ts": [
                    0.0011138123227283359,
                    -7.785284105921164e-05,
                    0.0065336814150214195,
                    0.006802675314247608,
                    0.012916255742311478,
                    0.00844958983361721,
                    0.01379124540835619,
                    0.003065424971282482,
                    -0.013975506648421288,
                    -0.013971536420285702,
                    -0.013065433129668236,
                    -0.010240107774734497,
                    -0.015317227691411972,
                    -0.010245687328279018,
                    -0.008844769559800625,
                    -0.009187930263578892,
                    -0.009141335263848305,
                    0.002626995090395212,
                    -0.004080324899405241,
                    0.00025864067720249295
                ]
            },
            "optimizer_parameters": {
                "y_lr": 0.05,
                "t_lr": 0.05,
                "scheduler_step_size": 10,
                "scheduler_gamma": 0.99
            }
        },
        "thickness_spline": {
            "parameters": {
                "key_xs": [
                    0.0,
                    0.30000001192092896,
                    0.5,
                    0.699999988079071,
                    1.0
                ],
                "key_ys": [
                    0.0,
                    0.029999999329447746,
                    0.03999999910593033,
                    0.029999999329447746,
                    0.0
                ],
                "key_ts": [
                    0.05000000074505806,
                    0.009999999776482582,
                    0.0,
                    -0.009999999776482582,
                    -0.05000000074505806
                ]
            },
            "optimizer_parameters": {
                "y_lr": 0.05,
                "t_lr": 0.05,
                "scheduler_step_size": 10,
                "scheduler_gamma": 0.99
            }
        },
        "uv_reshape_bb": {
            "uv": [
                0.0,
                0.3333333333333333
            ],
            "size": [
                0.3333333333333333,
                0.3333333333333333
            ]
        }
    },
    "optimizer_parameters": {
        "uv_lr": 0.005,
        "dir_lr": 0.05,
        "scheduler_step_size": 10,
        "scheduler_gamma": 0.99
    }
}