{
    "parameters": {
        "grow_mode": "single_sided",
        "wave_angle": -1.0471975803375244,
        "start_uv": [
            0.037917789071798325,
            -0.00015335940406657755
        ],
        "end_uv": [
            0.025041934102773666,
            1.0001356601715088
        ],
        "start_dir": [
            1.2063487768173218
        ],
        "end_dir": [
            -0.9298433661460876
        ],
        "init_height": 0.2,
        "sil_spline": {
            "parameters": {
                "key_xs": [
                    0.0,
                    0.05263157933950424,
                    0.10526315867900848,
                    0.15789473056793213,
                    0.21052631735801697,
                    0.2631579041481018,
                    0.31578946113586426,
                    0.3684210479259491,
                    0.42105263471603394,
                    0.4736842215061188,
                    0.5263158082962036,
                    0.5789473652839661,
                    0.6315789222717285,
                    0.6842105388641357,
                    0.7368420958518982,
                    0.7894736528396606,
                    0.8421052694320679,
                    0.8947368264198303,
                    0.9473684430122375,
                    1.0
                ],
                "key_ys": [
                    0.030880194157361984,
                    0.07923772931098938,
                    0.1354600042104721,
                    0.4868627190589905,
                    1.2384474277496338,
                    1.0446445941925049,
                    1.0233876705169678,
                    1.0223634243011475,
                    1.0117663145065308,
                    0.9905524253845215,
                    0.9579591751098633,
                    0.9252153038978577,
                    0.8826157450675964,
                    0.8353162407875061,
                    0.8838184475898743,
                    1.2469302415847778,
                    0.8426127433776855,
                    0.3348110616207123,
                    0.11342058330774307,
                    0.08134524524211884
                ],
                "key_ts": [
                    0.0006344615831039846,
                    0.003410618519410491,
                    -0.004943289794027805,
                    0.008498849347233772,
                    -0.015683431178331375,
                    0.0023964063730090857,
                    -0.011818544007837772,
                    0.00021816247317474335,
                    -0.012621745467185974,
                    -0.015046772547066212,
                    -0.0016335950931534171,
                    -0.0066468240693211555,
                    -0.0016282888827845454,
                    -0.006119708064943552,
                    0.013143885880708694,
                    0.0007866239757277071,
                    0.0024061149451881647,
                    -0.010412833653390408,
                    0.008139113895595074,
                    0.0005836320342496037
                ]
            },
            "optimizer_parameters": {
                "y_lr": 0.05,
                "t_lr": 0.05,
                "scheduler_step_size": 10,
                "scheduler_gamma": 0.99
            }
        },
        "thickness_spline": {
            "parameters": {
                "key_xs": [
                    0.0,
                    0.30000001192092896,
                    0.5,
                    0.699999988079071,
                    1.0
                ],
                "key_ys": [
                    0.0,
                    0.009999999776482582,
                    0.012000000104308128,
                    0.009999999776482582,
                    0.0
                ],
                "key_ts": [
                    0.009999999776482582,
                    0.0020000000949949026,
                    0.0,
                    -0.0020000000949949026,
                    -0.009999999776482582
                ]
            },
            "optimizer_parameters": {
                "y_lr": 0.05,
                "t_lr": 0.05,
                "scheduler_step_size": 10,
                "scheduler_gamma": 0.99
            }
        },
        "uv_reshape_bb": {
            "uv": [
                0.0,
                0.6666666666666666
            ],
            "size": [
                0.3333333333333333,
                0.3333333333333333
            ]
        }
    },
    "optimizer_parameters": {
        "uv_lr": 0.005,
        "dir_lr": 0.05,
        "scheduler_step_size": 10,
        "scheduler_gamma": 0.99
    }
}