{
    "parameters": {
        "grow_mode": "single_sided",
        "wave_angle": -1.0471975803375244,
        "start_uv": [
            0.20509475469589233,
            1.0004246234893799
        ],
        "end_uv": [
            0.515263020992279,
            1.0010792016983032
        ],
        "start_dir": [
            1.169468879699707
        ],
        "end_dir": [
            0.22618897259235382
        ],
        "init_height": 0.2,
        "sil_spline": {
            "parameters": {
                "key_xs": [
                    0.0,
                    0.05263157933950424,
                    0.10526315867900848,
                    0.15789473056793213,
                    0.21052631735801697,
                    0.2631579041481018,
                    0.31578946113586426,
                    0.3684210479259491,
                    0.42105263471603394,
                    0.4736842215061188,
                    0.5263158082962036,
                    0.5789473652839661,
                    0.6315789222717285,
                    0.6842105388641357,
                    0.7368420958518982,
                    0.7894736528396606,
                    0.8421052694320679,
                    0.8947368264198303,
                    0.9473684430122375,
                    1.0
                ],
                "key_ys": [
                    -0.003770835930481553,
                    0.07424979656934738,
                    0.33467042446136475,
                    0.3940761387348175,
                    0.44257795810699463,
                    0.5011085271835327,
                    0.5553648471832275,
                    0.6086932420730591,
                    0.6693705916404724,
                    0.7263075113296509,
                    0.7776193618774414,
                    0.8313627243041992,
                    0.859178900718689,
                    0.8586560487747192,
                    0.8270776867866516,
                    0.6937767267227173,
                    0.5686200261116028,
                    0.4654676914215088,
                    0.3620944917201996,
                    0.20829470455646515
                ],
                "key_ts": [
                    -0.00434880331158638,
                    0.004969029221683741,
                    0.009565561078488827,
                    0.0050055827014148235,
                    0.006610969081521034,
                    0.018196718767285347,
                    0.018942927941679955,
                    0.01224837452173233,
                    0.01742563024163246,
                    0.013760065659880638,
                    0.00788966380059719,
                    -0.0023401735816150904,
                    -0.0043910350650548935,
                    -0.005264753010123968,
                    -0.011431243270635605,
                    -0.009554876945912838,
                    -0.007052117958664894,
                    -0.0052155363373458385,
                    -0.01235567033290863,
                    0.00044897125917486846
                ]
            },
            "optimizer_parameters": {
                "y_lr": 0.05,
                "t_lr": 0.05,
                "scheduler_step_size": 10,
                "scheduler_gamma": 0.99
            }
        },
        "thickness_spline": {
            "parameters": {
                "key_xs": [
                    0.0,
                    0.10000000149011612,
                    0.5,
                    0.8999999761581421,
                    1.0
                ],
                "key_ys": [
                    0.0,
                    0.03999999910593033,
                    0.05000000074505806,
                    0.03999999910593033,
                    0.0
                ],
                "key_ts": [
                    0.07999999821186066,
                    0.019999999552965164,
                    0.0,
                    -0.019999999552965164,
                    -0.07999999821186066
                ]
            },
            "optimizer_parameters": {
                "y_lr": 0.05,
                "t_lr": 0.05,
                "scheduler_step_size": 10,
                "scheduler_gamma": 0.99
            }
        },
        "uv_reshape_bb": {
            "uv": [
                0.3333333333333333,
                0.0
            ],
            "size": [
                0.3333333333333333,
                0.3333333333333333
            ]
        }
    },
    "optimizer_parameters": {
        "uv_lr": 0.005,
        "dir_lr": 0.05,
        "scheduler_step_size": 10,
        "scheduler_gamma": 0.99
    }
}