{
    "parameters": {
        "origin_xy": [
            -0.8795421123504639,
            0.018322480842471123
        ],
        "origin_z": 0.0,
        "length_x": 2.6860954761505127,
        "length_y": 0.0,
        "length_z": 0.0,
        "uv_reshape_bb": {
            "uv": [
                0.0,
                0.0
            ],
            "size": [
                0.3333333333333333,
                0.3333333333333333
            ]
        },
        "top_spline": {
            "parameters": {
                "key_xs": [
                    0.0,
                    0.05263157933950424,
                    0.10526315867900848,
                    0.15789473056793213,
                    0.21052631735801697,
                    0.2631579041481018,
                    0.31578946113586426,
                    0.3684210479259491,
                    0.42105263471603394,
                    0.4736842215061188,
                    0.5263158082962036,
                    0.5789473652839661,
                    0.6315789222717285,
                    0.6842105388641357,
                    0.7368420958518982,
                    0.7894736528396606,
                    0.8421052694320679,
                    0.8947368264198303,
                    0.9473684430122375,
                    1.0
                ],
                "key_ys": [
                    0.12118833512067795,
                    0.18382522463798523,
                    0.20174488425254822,
                    0.28709137439727783,
                    0.4193567931652069,
                    0.5286493301391602,
                    0.6053736805915833,
                    0.6752805709838867,
                    0.7243517637252808,
                    0.7715428471565247,
                    0.7942781448364258,
                    0.7943834662437439,
                    0.7824097871780396,
                    0.7388237118721008,
                    0.6751317381858826,
                    0.5806660056114197,
                    0.47569113969802856,
                    0.3789595067501068,
                    0.20597781240940094,
                    0.12883029878139496
                ],
                "key_ts": [
                    0.07245676964521408,
                    -0.1348433941602707,
                    0.2356385439634323,
                    0.16688433289527893,
                    0.21124497056007385,
                    0.16953568160533905,
                    0.130933478474617,
                    0.17618601024150848,
                    0.1130916103720665,
                    0.2100290209054947,
                    -0.1232076957821846,
                    0.11401954293251038,
                    -0.11161088943481445,
                    -0.13260972499847412,
                    -0.16237202286720276,
                    -0.1537024974822998,
                    -0.19550545513629913,
                    0.08667227625846863,
                    -0.3493477702140808,
                    0.15304230153560638
                ]
            },
            "optimizer_parameters": {
                "y_lr": 0.05,
                "t_lr": 0.05,
                "scheduler_step_size": 10,
                "scheduler_gamma": 0.99
            }
        },
        "bottom_spline": {
            "parameters": {
                "key_xs": [
                    0.0,
                    0.05263157933950424,
                    0.10526315867900848,
                    0.15789473056793213,
                    0.21052631735801697,
                    0.2631579041481018,
                    0.31578946113586426,
                    0.3684210479259491,
                    0.42105263471603394,
                    0.4736842215061188,
                    0.5263158082962036,
                    0.5789473652839661,
                    0.6315789222717285,
                    0.6842105388641357,
                    0.7368420958518982,
                    0.7894736528396606,
                    0.8421052694320679,
                    0.8947368264198303,
                    0.9473684430122375,
                    1.0
                ],
                "key_ys": [
                    0.14062926173210144,
                    0.24274571239948273,
                    0.23587892949581146,
                    0.3103909492492676,
                    0.4426591396331787,
                    0.5471552014350891,
                    0.6169281601905823,
                    0.6656239032745361,
                    0.6974735856056213,
                    0.717136561870575,
                    0.7310932874679565,
                    0.7306116223335266,
                    0.7291862368583679,
                    0.693902850151062,
                    0.6509994268417358,
                    0.5833271145820618,
                    0.4737291932106018,
                    0.2877250015735626,
                    0.09263047575950623,
                    -0.13207101821899414
                ],
                "key_ts": [
                    0.054380662739276886,
                    -0.13177713751792908,
                    0.22176410257816315,
                    0.01309936586767435,
                    0.3168067932128906,
                    0.053862545639276505,
                    0.16265641152858734,
                    0.14638352394104004,
                    0.14392244815826416,
                    0.09813746064901352,
                    -0.04759969189763069,
                    0.021489884704351425,
                    -0.10254186391830444,
                    -0.10987049341201782,
                    -0.1188548132777214,
                    -0.14660769701004028,
                    -0.1497429758310318,
                    -0.3321005403995514,
                    0.0018035180401057005,
                    0.15386079251766205
                ]
            },
            "optimizer_parameters": {
                "y_lr": 0.05,
                "t_lr": 0.05,
                "scheduler_step_size": 10,
                "scheduler_gamma": 0.99
            }
        },
        "thickness_spline": {
            "parameters": {
                "key_xs": [
                    0.0,
                    0.10000000149011612,
                    0.20000000298023224,
                    0.30000001192092896,
                    0.4000000059604645,
                    0.6000000238418579,
                    0.699999988079071,
                    0.800000011920929,
                    0.8999999761581421,
                    1.0
                ],
                "key_ys": [
                    0.0,
                    0.6000000238418579,
                    0.75,
                    0.8299999833106995,
                    0.8999999761581421,
                    0.8500000238418579,
                    0.75,
                    0.6000000238418579,
                    0.4000000059604645,
                    0.0
                ],
                "key_ts": [
                    5.0,
                    4.0,
                    2.0,
                    1.0,
                    0.10000000149011612,
                    -0.10000000149011612,
                    -0.5,
                    -0.699999988079071,
                    -1.0,
                    -4.0
                ]
            },
            "optimizer_parameters": {
                "y_lr": 0.05,
                "t_lr": 0.05,
                "scheduler_step_size": 10,
                "scheduler_gamma": 0.99
            }
        },
        "stream_spline": {
            "parameters": {
                "key_xs": [
                    0.0,
                    0.10000000149011612,
                    0.20000000298023224,
                    0.30000001192092896,
                    0.4000000059604645,
                    0.6000000238418579,
                    0.699999988079071,
                    0.800000011920929,
                    0.8999999761581421,
                    1.0
                ],