{
    "parameters": {
        "grow_mode": "double_sided",
        "wave_angle": -1.2000000476837158,
        "start_uv": [
            0.5730418562889099,
            0.27493125200271606
        ],
        "end_uv": [
            0.5830302238464355,
            0.35615378618240356
        ],
        "start_dir": [
            0.9687843322753906
        ],
        "end_dir": [
            -0.6280860900878906
        ],
        "init_height": 0.2,
        "sil_spline": {
            "parameters": {
                "key_xs": [
                    0.0,
                    0.05263157933950424,
                    0.10526315867900848,
                    0.15789473056793213,
                    0.21052631735801697,
                    0.2631579041481018,
                    0.31578946113586426,
                    0.3684210479259491,
                    0.42105263471603394,
                    0.4736842215061188,
                    0.5263158082962036,
                    0.5789473652839661,
                    0.6315789222717285,
                    0.6842105388641357,
                    0.7368420958518982,
                    0.7894736528396606,
                    0.8421052694320679,
                    0.8947368264198303,
                    0.9473684430122375,
                    1.0
                ],
                "key_ys": [
                    -0.002942302729934454,
                    0.006938165985047817,
                    0.04306379333138466,
                    0.4358172118663788,
                    0.517848014831543,
                    0.5881133675575256,
                    0.6376954913139343,
                    0.6947486996650696,
                    0.7478551268577576,
                    0.8033252358436584,
                    0.859718918800354,
                    0.908369243144989,
                    0.9780802130699158,
                    1.0429819822311401,
                    1.058610200881958,
                    0.9673959612846375,
                    0.8332800269126892,
                    0.1738741546869278,
                    0.13503225147724152,
                    0.13244713842868805
                ],
                "key_ts": [
                    -0.0061720614321529865,
                    0.0017087443266063929,
                    0.009652742184698582,
                    0.009054243564605713,
                    0.00323172053322196,
                    0.004169721622020006,
                    0.012415754608809948,
                    -0.0015254575992003083,
                    0.015638187527656555,
                    -0.012314130552113056,
                    0.015990085899829865,
                    0.013564727269113064,
                    0.0027733989991247654,
                    0.006166769191622734,
                    -0.009473335929214954,
                    0.00106009840965271,
                    -0.010884328745305538,
                    -0.00906901154667139,
                    0.011439697816967964,
                    -0.0007043200894258916
                ]
            },
            "optimizer_parameters": {
                "y_lr": 0.05,
                "t_lr": 0.05,
                "scheduler_step_size": 10,
                "scheduler_gamma": 0.99
            }
        },
        "thickness_spline": {
            "parameters": {
                "key_xs": [
                    0.0,
                    0.30000001192092896,
                    0.5,
                    0.699999988079071,
                    1.0
                ],
                "key_ys": [
                    0.0,
                    0.009999999776482582,
                    0.013000000268220901,
                    0.009999999776482582,
                    0.0
                ],
                "key_ts": [
                    0.009999999776482582,
                    0.0020000000949949026,
                    0.0,
                    -0.0020000000949949026,
                    -0.009999999776482582
                ]
            },
            "optimizer_parameters": {
                "y_lr": 0.05,
                "t_lr": 0.05,
                "scheduler_step_size": 10,
                "scheduler_gamma": 0.99
            }
        },
        "uv_reshape_bb": {
            "uv": [
                0.3333333333333333,
                0.3333333333333333
            ],
            "size": [
                0.3333333333333333,
                0.3333333333333333
            ]
        }
    },
    "optimizer_parameters": {
        "uv_lr": 0.005,
        "dir_lr": 0.05,
        "scheduler_step_size": 10,
        "scheduler_gamma": 0.99
    }
}