{
    "parameters": {
        "grow_mode": "double_sided",
        "wave_angle": -0.20000000298023224,
        "start_uv": [
            0.6731553673744202,
            0.04258428141474724
        ],
        "end_uv": [
            0.6484217643737793,
            0.051467884331941605
        ],
        "start_dir": [
            -0.9128705859184265
        ],
        "end_dir": [
            -0.7373435497283936
        ],
        "init_height": 0.2,
        "sil_spline": {
            "parameters": {
                "key_xs": [
                    0.0,
                    0.05263157933950424,
                    0.10526315867900848,
                    0.15789473056793213,
                    0.21052631735801697,
                    0.2631579041481018,
                    0.31578946113586426,
                    0.3684210479259491,
                    0.42105263471603394,
                    0.4736842215061188,
                    0.5263158082962036,
                    0.5789473652839661,
                    0.6315789222717285,
                    0.6842105388641357,
                    0.7368420958518982,
                    0.7894736528396606,
                    0.8421052694320679,
                    0.8947368264198303,
                    0.9473684430122375,
                    1.0
                ],
                "key_ys": [
                    0.60979163646698,
                    0.5623829364776611,
                    0.6104515194892883,
                    0.6106815934181213,
                    0.6366057991981506,
                    0.6495448350906372,
                    0.6660019159317017,
                    0.783534049987793,
                    0.5884102582931519,
                    0.6015323400497437,
                    0.5453134179115295,
                    0.5846438407897949,
                    0.5423499345779419,
                    0.5745496153831482,
                    0.5339862704277039,
                    0.567021369934082,
                    0.5504225492477417,
                    0.5625684261322021,
                    0.5579177141189575,
                    0.5471700429916382
                ],
                "key_ts": [
                    0.004995128605514765,
                    0.004943340551108122,
                    -0.0017777789616957307,
                    0.006468635983765125,
                    0.003538205986842513,
                    0.007445448078215122,
                    -0.00930707436054945,
                    0.0028277812525629997,
                    -0.007624506019055843,
                    0.008594433777034283,
                    -0.0004750291700474918,
                    -0.009142229333519936,
                    -0.0021798093803226948,
                    0.0019380127778276801,
                    -0.01116560772061348,
                    -0.006731580011546612,
                    0.0006632756558246911,
                    -0.004288701340556145,
                    -0.00759872468188405,
                    0.0010826681973412633
                ]
            },
            "optimizer_parameters": {
                "y_lr": 0.05,
                "t_lr": 0.05,
                "scheduler_step_size": 10,
                "scheduler_gamma": 0.99
            }
        },
        "thickness_spline": {
            "parameters": {
                "key_xs": [
                    0.0,
                    1.0
                ],
                "key_ys": [
                    0.0,
                    0.0
                ],
                "key_ts": [
                    0.0,
                    0.0
                ]
            },
            "optimizer_parameters": {
                "y_lr": 0,
                "t_lr": 0,
                "scheduler_step_size": 0,
                "scheduler_gamma": 0
            }
        },
        "uv_reshape_bb": {
            "uv": [
                0.3333333333333333,
                0.6666666666666666
            ],
            "size": [
                0.3333333333333333,
                0.3333333333333333
            ]
        }
    },
    "optimizer_parameters": {
        "uv_lr": 0.005,
        "dir_lr": 0.05,
        "scheduler_step_size": 10,
        "scheduler_gamma": 0.99
    }
}