{
    "parameters": {
        "grow_mode": "single_sided",
        "wave_angle": -1.0471975803375244,
        "start_uv": [
            0.4410091042518616,
            -0.005050551146268845
        ],
        "end_uv": [
            0.05799185484647751,
            -0.0005007562576793134
        ],
        "start_dir": [
            -0.052388813346624374
        ],
        "end_dir": [
            -0.8904348015785217
        ],
        "init_height": 0.2,
        "sil_spline": {
            "parameters": {
                "key_xs": [
                    0.0,
                    0.05263157933950424,
                    0.10526315867900848,
                    0.15789473056793213,
                    0.21052631735801697,
                    0.2631579041481018,
                    0.31578946113586426,
                    0.3684210479259491,
                    0.42105263471603394,
                    0.4736842215061188,
                    0.5263158082962036,
                    0.5789473652839661,
                    0.6315789222717285,
                    0.6842105388641357,
                    0.7368420958518982,
                    0.7894736528396606,
                    0.8421052694320679,
                    0.8947368264198303,
                    0.9473684430122375,
                    1.0
                ],
                "key_ys": [
                    0.03215198963880539,
                    0.089087575674057,
                    0.1678430438041687,
                    0.20206820964813232,
                    0.21581856906414032,
                    0.28643056750297546,
                    0.28782469034194946,
                    0.31733354926109314,
                    0.3427571952342987,
                    0.32710739970207214,
                    0.3388318419456482,
                    0.3391664922237396,
                    0.3311741352081299,
                    0.329316645860672,
                    0.3123362064361572,
                    0.31806090474128723,
                    0.3106551468372345,
                    0.2939602732658386,
                    0.28626400232315063,
                    0.25318482518196106
                ],
                "key_ts": [
                    0.0002958653785753995,
                    -0.006001715082675219,
                    0.009515129029750824,
                    -0.008379416540265083,
                    0.001168569317087531,
                    0.0034091759007424116,
                    -0.006668682675808668,
                    0.005045437719672918,
                    -0.0065130856819450855,
                    -0.00034390465589240193,
                    0.00860847532749176,
                    -0.009520914405584335,
                    0.008990254253149033,
                    -0.007679060101509094,
                    -0.003309847554191947,
                    0.009838881902396679,
                    -0.008242958225309849,
                    0.004343265201896429,
                    -0.00518912635743618,
                    -0.0004663025902118534
                ]
            },
            "optimizer_parameters": {
                "y_lr": 0.05,
                "t_lr": 0.05,
                "scheduler_step_size": 10,
                "scheduler_gamma": 0.99
            }
        },
        "thickness_spline": {
            "parameters": {
                "key_xs": [
                    0.0,
                    0.30000001192092896,
                    0.5,
                    0.699999988079071,
                    1.0
                ],
                "key_ys": [
                    0.0,
                    0.029999999329447746,
                    0.03999999910593033,
                    0.029999999329447746,
                    0.0
                ],
                "key_ts": [
                    0.05000000074505806,
                    0.009999999776482582,
                    0.0,
                    -0.009999999776482582,
                    -0.05000000074505806
                ]
            },
            "optimizer_parameters": {
                "y_lr": 0.05,
                "t_lr": 0.05,
                "scheduler_step_size": 10,
                "scheduler_gamma": 0.99
            }
        },
        "uv_reshape_bb": {
            "uv": [
                0.001953125,
                0.3352864583333333
            ],
            "size": [
                0.3138020833333333,
                0.3138020833333333
            ]
        }
    },
    "optimizer_parameters": {
        "uv_lr": 0.005,
        "dir_lr": 0.05,
        "scheduler_step_size": 10,
        "scheduler_gamma": 0.99
    }
}