{
    "parameters": {
        "grow_mode": "single_sided",
        "wave_angle": -1.0471975803375244,
        "start_uv": [
            -0.004461765754967928,
            0.16341020166873932
        ],
        "end_uv": [
            -0.008170108310878277,
            0.9990206360816956
        ],
        "start_dir": [
            0.3402528166770935
        ],
        "end_dir": [
            -2.2077553272247314
        ],
        "init_height": 0.2,
        "sil_spline": {
            "parameters": {
                "key_xs": [
                    0.0,
                    0.05263157933950424,
                    0.10526315867900848,
                    0.15789473056793213,
                    0.21052631735801697,
                    0.2631579041481018,
                    0.31578946113586426,
                    0.3684210479259491,
                    0.42105263471603394,
                    0.4736842215061188,
                    0.5263158082962036,
                    0.5789473652839661,
                    0.6315789222717285,
                    0.6842105388641357,
                    0.7368420958518982,
                    0.7894736528396606,
                    0.8421052694320679,
                    0.8947368264198303,
                    0.9473684430122375,
                    1.0
                ],
                "key_ys": [
                    0.5849766135215759,
                    0.6532942056655884,
                    0.6243225932121277,
                    0.6079686284065247,
                    0.5988319516181946,
                    0.5892460942268372,
                    0.5836232900619507,
                    0.6039023995399475,
                    0.6345189809799194,
                    0.6698387265205383,
                    0.7741568088531494,
                    0.2264854609966278,
                    0.11743908375501633,
                    0.08994137495756149,
                    -0.038445502519607544,
                    -0.03776653856039047,
                    -0.027697276324033737,
                    -0.017140548676252365,
                    -0.012116402387619019,
                    -0.006896018981933594
                ],
                "key_ts": [
                    0.005547575186938047,
                    -0.006898172665387392,
                    -0.001316908746957779,
                    -0.002183453179895878,
                    -0.0007527798879891634,
                    -0.0069926027208566666,
                    0.0072309221141040325,
                    -0.004309214651584625,
                    0.007055575959384441,
                    -0.0057620578445494175,
                    0.008263802155852318,
                    -0.0017420031363144517,
                    -0.0009053554967977107,
                    -0.00016349495854228735,
                    -0.0001455694145988673,
                    -2.786610093608033e-05,
                    6.969065725570545e-05,
                    -6.471204687841237e-05,
                    2.3803982912795618e-05,
                    0.00019570309086702764
                ]
            },
            "optimizer_parameters": {
                "y_lr": 0.05,
                "t_lr": 0.05,
                "scheduler_step_size": 10,
                "scheduler_gamma": 0.99
            }
        },
        "thickness_spline": {
            "parameters": {
                "key_xs": [
                    0.0,
                    0.30000001192092896,
                    0.5,
                    0.699999988079071,
                    1.0
                ],
                "key_ys": [
                    0.0,
                    0.009999999776482582,
                    0.012000000104308128,
                    0.009999999776482582,
                    0.0
                ],
                "key_ts": [
                    0.009999999776482582,
                    0.0020000000949949026,
                    0.0,
                    -0.0020000000949949026,
                    -0.009999999776482582
                ]
            },
            "optimizer_parameters": {
                "y_lr": 0.05,
                "t_lr": 0.05,
                "scheduler_step_size": 10,
                "scheduler_gamma": 0.99
            }
        },
        "uv_reshape_bb": {
            "uv": [
                0.001953125,
                0.6686197916666666
            ],
            "size": [
                0.3138020833333333,
                0.3138020833333333
            ]
        }
    },
    "optimizer_parameters": {
        "uv_lr": 0.005,
        "dir_lr": 0.05,
        "scheduler_step_size": 10,
        "scheduler_gamma": 0.99
    }
}