{
    "parameters": {
        "grow_mode": "single_sided",
        "wave_angle": -1.0471975803375244,
        "start_uv": [
            0.04593150317668915,
            1.0041598081588745
        ],
        "end_uv": [
            0.7649658918380737,
            1.0019899606704712
        ],
        "start_dir": [
            0.6139501333236694
        ],
        "end_dir": [
            -0.30107441544532776
        ],
        "init_height": 0.2,
        "sil_spline": {
            "parameters": {
                "key_xs": [
                    0.0,
                    0.05263157933950424,
                    0.10526315867900848,
                    0.15789473056793213,
                    0.21052631735801697,
                    0.2631579041481018,
                    0.31578946113586426,
                    0.3684210479259491,
                    0.42105263471603394,
                    0.4736842215061188,
                    0.5263158082962036,
                    0.5789473652839661,
                    0.6315789222717285,
                    0.6842105388641357,
                    0.7368420958518982,
                    0.7894736528396606,
                    0.8421052694320679,
                    0.8947368264198303,
                    0.9473684430122375,
                    1.0
                ],
                "key_ys": [
                    0.22802509367465973,
                    0.2560694217681885,
                    0.27781131863594055,
                    0.29223909974098206,
                    0.3120027780532837,
                    0.3345865309238434,
                    0.3688446879386902,
                    0.3908495008945465,
                    0.40498170256614685,
                    0.42113375663757324,
                    0.4325697422027588,
                    0.43143126368522644,
                    0.4453168213367462,
                    0.45230892300605774,
                    0.4596462845802307,
                    0.4409695863723755,
                    0.4645760953426361,
                    0.3864102363586426,
                    0.38836950063705444,
                    0.07495094835758209
                ],
                "key_ts": [
                    0.0027124094776809216,
                    -0.009914010763168335,
                    0.007420598994940519,
                    -0.006727694068104029,
                    0.007509468588978052,
                    0.0045614042319357395,
                    -0.005082926247268915,
                    0.008906676433980465,
                    -0.010073637589812279,
                    0.005328425206243992,
                    0.010124027729034424,
                    0.01055604312568903,
                    -0.008622605353593826,
                    -0.008861456997692585,
                    0.010101397521793842,
                    -0.00845448300242424,
                    0.006453990936279297,
                    0.0002792011946439743,
                    -0.0021578015293926,
                    0.0062109013088047504
                ]
            },
            "optimizer_parameters": {
                "y_lr": 0.05,
                "t_lr": 0.05,
                "scheduler_step_size": 10,
                "scheduler_gamma": 0.99
            }
        },
        "thickness_spline": {
            "parameters": {
                "key_xs": [
                    0.0,
                    0.10000000149011612,
                    0.5,
                    0.8999999761581421,
                    1.0
                ],
                "key_ys": [
                    0.0,
                    0.03999999910593033,
                    0.05000000074505806,
                    0.03999999910593033,
                    0.0
                ],
                "key_ts": [
                    0.07999999821186066,
                    0.019999999552965164,
                    0.0,
                    -0.019999999552965164,
                    -0.07999999821186066
                ]
            },
            "optimizer_parameters": {
                "y_lr": 0.05,
                "t_lr": 0.05,
                "scheduler_step_size": 10,
                "scheduler_gamma": 0.99
            }
        },
        "uv_reshape_bb": {
            "uv": [
                0.3352864583333333,
                0.001953125
            ],
            "size": [
                0.3138020833333333,
                0.3138020833333333
            ]
        }
    },
    "optimizer_parameters": {
        "uv_lr": 0.005,
        "dir_lr": 0.05,
        "scheduler_step_size": 10,
        "scheduler_gamma": 0.99
    }
}