{
    "parameters": {
        "origin_xy": [
            -1.272814393043518,
            -0.0105613237246871
        ],
        "origin_z": 0.0,
        "length_x": 3.1889843940734863,
        "length_y": 0.0,
        "length_z": 0.0,
        "uv_reshape_bb": {
            "uv": [
                0.001953125,
                0.001953125
            ],
            "size": [
                0.3138020833333333,
                0.3138020833333333
            ]
        },
        "top_spline": {
            "parameters": {
                "key_xs": [
                    0.0,
                    0.05263157933950424,
                    0.10526315867900848,
                    0.15789473056793213,
                    0.21052631735801697,
                    0.2631579041481018,
                    0.31578946113586426,
                    0.3684210479259491,
                    0.42105263471603394,
                    0.4736842215061188,
                    0.5263158082962036,
                    0.5789473652839661,
                    0.6315789222717285,
                    0.6842105388641357,
                    0.7368420958518982,
                    0.7894736528396606,
                    0.8421052694320679,
                    0.8947368264198303,
                    0.9473684430122375,
                    1.0
                ],
                "key_ys": [
                    0.1958121806383133,
                    0.21981486678123474,
                    0.3824359178543091,
                    0.48110654950141907,
                    0.5691533088684082,
                    0.6441759467124939,
                    0.6989268064498901,
                    0.7340606451034546,
                    0.7680583596229553,
                    0.7902527451515198,
                    0.8019530177116394,
                    0.805332601070404,
                    0.8018773794174194,
                    0.8012216687202454,
                    0.7882536053657532,
                    0.6981594562530518,
                    0.5635011196136475,
                    0.41530340909957886,
                    0.17335659265518188,
                    -0.15488719940185547
                ],
                "key_ts": [
                    -0.24925221502780914,
                    0.3668946623802185,
                    -0.029679380357265472,
                    0.14668013155460358,
                    0.12669885158538818,
                    0.13991563022136688,
                    0.211146742105484,
                    0.16806679964065552,
                    0.10215184092521667,
                    -0.18879009783267975,
                    0.2686551809310913,
                    0.2003350704908371,
                    -0.28185558319091797,
                    0.08064615726470947,
                    0.0778544619679451,
                    -0.2808956801891327,
                    0.006725828628987074,
                    -0.21196280419826508,
                    -0.19967108964920044,
                    0.08892351388931274
                ]
            },
            "optimizer_parameters": {
                "y_lr": 0.05,
                "t_lr": 0.05,
                "scheduler_step_size": 10,
                "scheduler_gamma": 0.99
            }
        },
        "bottom_spline": {
            "parameters": {
                "key_xs": [
                    0.0,
                    0.05263157933950424,
                    0.10526315867900848,
                    0.15789473056793213,
                    0.21052631735801697,
                    0.2631579041481018,
                    0.31578946113586426,
                    0.3684210479259491,
                    0.42105263471603394,
                    0.4736842215061188,
                    0.5263158082962036,
                    0.5789473652839661,
                    0.6315789222717285,
                    0.6842105388641357,
                    0.7368420958518982,
                    0.7894736528396606,
                    0.8421052694320679,
                    0.8947368264198303,
                    0.9473684430122375,
                    1.0
                ],
                "key_ys": [
                    0.03662431985139847,
                    0.13727840781211853,
                    0.3503148555755615,
                    0.4982408881187439,
                    0.5869154334068298,
                    0.6732211112976074,
                    0.7364183068275452,
                    0.782726526260376,
                    0.8228563666343689,
                    0.8442150950431824,
                    0.841468095779419,
                    0.842226505279541,
                    0.8362472653388977,
                    0.8199110627174377,
                    0.7704088687896729,
                    0.709300696849823,
                    0.6319530010223389,
                    0.5263752341270447,
                    0.3632456064224243,
                    0.17327579855918884
                ],
                "key_ts": [
                    -0.23541289567947388,
                    0.34143850207328796,
                    0.0777863934636116,
                    0.22514057159423828,
                    0.1621810346841812,
                    -0.03730475902557373,
                    0.19079333543777466,
                    0.08920834958553314,
                    0.16766323149204254,
                    -0.1533779352903366,
                    0.04731816425919533,
                    0.08007872849702835,
                    -0.08080219477415085,
                    -0.14998096227645874,
                    -0.12110277265310287,
                    -0.10372137278318405,
                    -0.10397624969482422,
                    -0.10841100662946701,
                    -0.04565318673849106,
                    -0.05817191302776337
                ]
            },
            "optimizer_parameters": {
                "y_lr": 0.05,
                "t_lr": 0.05,
                "scheduler_step_size": 10,
                "scheduler_gamma": 0.99
            }
        },
        "thickness_spline": {
            "parameters": {
                "key_xs": [
                    0.0,
                    0.10000000149011612,
                    0.20000000298023224,
                    0.30000001192092896,
                    0.4000000059604645,
                    0.6000000238418579,
                    0.699999988079071,
                    0.800000011920929,
                    0.8999999761581421,
                    1.0
                ],
                "key_ys": [
                    0.0,
                    0.6000000238418579,
                    0.75,
                    0.8299999833106995,
                    0.8999999761581421,
                    0.8500000238418579,
                    0.75,
                    0.6000000238418579,
                    0.4000000059604645,
                    0.0
                ],
                "key_ts": [
                    5.0,
                    4.0,
                    2.0,
                    1.0,
                    0.10000000149011612,
                    -0.10000000149011612,
                    -0.5,
                    -0.699999988079071,
                    -1.0,
                    -4.0
                ]
            },
            "optimizer_parameters": {
                "y_lr": 0.05,
                "t_lr": 0.05,
                "scheduler_step_size": 10,
                "scheduler_gamma": 0.99
            }
        },