{
    "parameters": {
        "grow_mode": "double_sided",
        "wave_angle": -1.2000000476837158,
        "start_uv": [
            0.7051700353622437,
            0.28609147667884827
        ],
        "end_uv": [
            0.7412158846855164,
            0.34371501207351685
        ],
        "start_dir": [
            0.6173114776611328
        ],
        "end_dir": [
            -0.2471253126859665
        ],
        "init_height": 0.2,
        "sil_spline": {
            "parameters": {
                "key_xs": [
                    0.0,
                    0.05263157933950424,
                    0.10526315867900848,
                    0.15789473056793213,
                    0.21052631735801697,
                    0.2631579041481018,
                    0.31578946113586426,
                    0.3684210479259491,
                    0.42105263471603394,
                    0.4736842215061188,
                    0.5263158082962036,
                    0.5789473652839661,
                    0.6315789222717285,
                    0.6842105388641357,
                    0.7368420958518982,
                    0.7894736528396606,
                    0.8421052694320679,
                    0.8947368264198303,
                    0.9473684430122375,
                    1.0
                ],
                "key_ys": [
                    0.23254060745239258,
                    0.24326013028621674,
                    0.26254498958587646,
                    0.28628334403038025,
                    0.3011738955974579,
                    0.3203234076499939,
                    0.3265802264213562,
                    0.35097360610961914,
                    0.3629129230976105,
                    0.3787742555141449,
                    0.39547091722488403,
                    0.41386571526527405,
                    0.4342386722564697,
                    0.45690104365348816,
                    0.481777548789978,
                    0.5035578012466431,
                    0.5315150618553162,
                    0.5490548014640808,
                    0.5658879280090332,
                    -0.05716823413968086
                ],
                "key_ts": [
                    0.00022151332814246416,
                    -0.002247764728963375,
                    0.0073531088419258595,
                    -0.003763198619708419,
                    0.0028219970408827066,
                    -0.001701664412394166,
                    0.0031492984853684902,
                    0.005476746242493391,
                    0.00640237657353282,
                    0.002028488088399172,
                    -0.001428779331035912,
                    -0.0019999011419713497,
                    -0.0013598755467683077,
                    0.00023515081556979567,
                    0.003223634324967861,
                    0.007034884765744209,
                    -0.0071736969985067844,
                    0.007397327106446028,
                    -0.005137893836945295,
                    0.0015555245336145163
                ]
            },
            "optimizer_parameters": {
                "y_lr": 0.05,
                "t_lr": 0.05,
                "scheduler_step_size": 10,
                "scheduler_gamma": 0.99
            }
        },
        "thickness_spline": {
            "parameters": {
                "key_xs": [
                    0.0,
                    0.30000001192092896,
                    0.5,
                    0.699999988079071,
                    1.0
                ],
                "key_ys": [
                    0.0,
                    0.009999999776482582,
                    0.013000000268220901,
                    0.009999999776482582,
                    0.0
                ],
                "key_ts": [
                    0.009999999776482582,
                    0.0020000000949949026,
                    0.0,
                    -0.0020000000949949026,
                    -0.009999999776482582
                ]
            },
            "optimizer_parameters": {
                "y_lr": 0.05,
                "t_lr": 0.05,
                "scheduler_step_size": 10,
                "scheduler_gamma": 0.99
            }
        },
        "uv_reshape_bb": {
            "uv": [
                0.3352864583333333,
                0.3352864583333333
            ],
            "size": [
                0.3138020833333333,
                0.3138020833333333
            ]
        }
    },
    "optimizer_parameters": {
        "uv_lr": 0.005,
        "dir_lr": 0.05,
        "scheduler_step_size": 10,
        "scheduler_gamma": 0.99
    }
}