{
    "parameters": {
        "start_uv": [
            0.18259665369987488,
            0.0
        ],
        "end_uv": [
            0.09949908405542374,
            0.0
        ],
        "start_dir": [
            -0.49739426374435425
        ],
        "end_dir": [
            -0.7571246027946472
        ],
        "init_height": 0.2,
        "sil_spline": {
            "parameters": {
                "key_xs": [
                    0.0,
                    0.05263157933950424,
                    0.10526315867900848,
                    0.15789473056793213,
                    0.21052631735801697,
                    0.2631579041481018,
                    0.31578946113586426,
                    0.3684210479259491,
                    0.42105263471603394,
                    0.4736842215061188,
                    0.5263158082962036,
                    0.5789473652839661,
                    0.6315789222717285,
                    0.6842105388641357,
                    0.7368420958518982,
                    0.7894736528396606,
                    0.8421052694320679,
                    0.8947368264198303,
                    0.9473684430122375,
                    1.0
                ],
                "key_ys": [
                    0.26089221239089966,
                    0.5733978748321533,
                    0.759229302406311,
                    0.7511011362075806,
                    0.7303591966629028,
                    0.7071624398231506,
                    0.6870298385620117,
                    0.6984198689460754,
                    0.6889644265174866,
                    0.6662142276763916,
                    0.6461180448532104,
                    0.6270474195480347,
                    0.6058826446533203,
                    0.6086495518684387,
                    0.5889140367507935,
                    0.5650097131729126,
                    0.5370327234268188,
                    0.49600014090538025,
                    0.4647330045700073,
                    0.36001574993133545
                ],
                "key_ts": [
                    -2.9268953800201416,
                    5.345367431640625,
                    -1.8993868827819824,
                    -0.7934982776641846,
                    -0.6766565442085266,
                    -0.5275592803955078,
                    -0.6606088876724243,
                    0.9753654599189758,
                    -0.3887506425380707,
                    -0.4876090884208679,
                    -0.3437115252017975,
                    -0.33054935932159424,
                    -0.452776163816452,
                    0.28705957531929016,
                    -0.39138057827949524,
                    -0.4151727855205536,
                    -0.6012375950813293,
                    -1.1893051862716675,
                    -0.3378150165081024,
                    -0.16728012263774872
                ]
            },
            "optimizer_parameters": {
                "y_lr": 0.05,
                "t_lr": 0.05,
                "scheduler_step_size": 20,
                "scheduler_gamma": 0.99
            }
        }
    },
    "optimizer_parameters": {
        "uv_lr": 0.005,
        "dir_lr": 0.05,
        "scheduler_step_size": 20,
        "scheduler_gamma": 0.99
    }
}