{
    "parameters": {
        "start_uv": [
            0.0,
            0.00767931854352355
        ],
        "end_uv": [
            0.0,
            0.787876546382904
        ],
        "start_dir": [
            0.6951568126678467
        ],
        "end_dir": [
            -0.5659047961235046
        ],
        "init_height": 0.2,
        "sil_spline": {
            "parameters": {
                "key_xs": [
                    0.0,
                    0.05263157933950424,
                    0.10526315867900848,
                    0.15789473056793213,
                    0.21052631735801697,
                    0.2631579041481018,
                    0.31578946113586426,
                    0.3684210479259491,
                    0.42105263471603394,
                    0.4736842215061188,
                    0.5263158082962036,
                    0.5789473652839661,
                    0.6315789222717285,
                    0.6842105388641357,
                    0.7368420958518982,
                    0.7894736528396606,
                    0.8421052694320679,
                    0.8947368264198303,
                    0.9473684430122375,
                    1.0
                ],
                "key_ys": [
                    1.0855469703674316,
                    1.3143419027328491,
                    1.4896823167800903,
                    1.6784449815750122,
                    1.8505178689956665,
                    1.7001961469650269,
                    1.441696047782898,
                    1.144094705581665,
                    0.9160221219062805,
                    0.745108962059021,
                    0.6535245776176453,
                    0.4586949944496155,
                    1.2142382860183716,
                    1.5249803066253662,
                    1.717881679534912,
                    1.9200421571731567,
                    1.7526288032531738,
                    1.482873797416687,
                    1.0834969282150269,
                    0.5455074906349182
                ],
                "key_ts": [
                    -0.08305860310792923,
                    3.6155810356140137,
                    2.8508400917053223,
                    3.8894824981689453,
                    0.9039198756217957,
                    -5.151103973388672,
                    -3.9672768115997314,
                    -5.101555347442627,
                    -3.402069330215454,
                    -1.6873387098312378,
                    0.08182230591773987,
                    -3.6817359924316406,
                    8.1969575881958,
                    2.8519582748413086,
                    3.688947916030884,
                    4.900993824005127,
                    -1.1632059812545776,
                    -0.6951664090156555,
                    -5.178872585296631,
                    -0.8676878213882446
                ]
            },
            "optimizer_parameters": {
                "y_lr": 0.05,
                "t_lr": 0.05,
                "scheduler_step_size": 20,
                "scheduler_gamma": 0.99
            }
        }
    },
    "optimizer_parameters": {
        "uv_lr": 0.005,
        "dir_lr": 0.05,
        "scheduler_step_size": 20,
        "scheduler_gamma": 0.99
    }
}