{
    "parameters": {
        "start_uv": [
            0.05127895623445511,
            1.0
        ],
        "end_uv": [
            0.5859307050704956,
            1.0
        ],
        "start_dir": [
            -0.38149207830429077
        ],
        "end_dir": [
            1.086094617843628
        ],
        "init_height": 0.2,
        "sil_spline": {
            "parameters": {
                "key_xs": [
                    0.0,
                    0.05263157933950424,
                    0.10526315867900848,
                    0.15789473056793213,
                    0.21052631735801697,
                    0.2631579041481018,
                    0.31578946113586426,
                    0.3684210479259491,
                    0.42105263471603394,
                    0.4736842215061188,
                    0.5263158082962036,
                    0.5789473652839661,
                    0.6315789222717285,
                    0.6842105388641357,
                    0.7368420958518982,
                    0.7894736528396606,
                    0.8421052694320679,
                    0.8947368264198303,
                    0.9473684430122375,
                    1.0
                ],
                "key_ys": [
                    0.4799104332923889,
                    0.3387475311756134,
                    0.37252381443977356,
                    0.3903586268424988,
                    0.45221129059791565,
                    0.6807142496109009,
                    0.6596609950065613,
                    0.7097444534301758,
                    0.6580672860145569,
                    0.6998484134674072,
                    0.6926031708717346,
                    0.7363011240959167,
                    0.6568548679351807,
                    0.6818305253982544,
                    0.723985493183136,
                    0.6334145665168762,
                    0.566250205039978,
                    0.5572407245635986,
                    0.7220603823661804,
                    0.7226105332374573
                ],
                "key_ts": [
                    -1.7139315605163574,
                    2.8272581100463867,
                    -0.22258929908275604,
                    -0.5163478255271912,
                    3.41188645362854,
                    0.3634067177772522,
                    -1.2310808897018433,
                    -0.13965798914432526,
                    0.4705890119075775,
                    0.25597378611564636,
                    1.6961326599121094,
                    -1.6977652311325073,
                    -3.9885458946228027,
                    6.289185523986816,
                    -2.476252317428589,
                    -4.757435321807861,
                    -0.5135595202445984,
                    -3.7924482822418213,
                    -4.32668399810791,
                    1.3573685884475708
                ]
            },
            "optimizer_parameters": {
                "y_lr": 0.05,
                "t_lr": 0.05,
                "scheduler_step_size": 20,
                "scheduler_gamma": 0.99
            }
        }
    },
    "optimizer_parameters": {
        "uv_lr": 0.005,
        "dir_lr": 0.05,
        "scheduler_step_size": 20,
        "scheduler_gamma": 0.99
    }
}