{
    "parameters": {
        "start_uv": [
            0.47270187735557556,
            0.2979375123977661
        ],
        "end_uv": [
            0.57007896900177,
            0.3627520203590393
        ],
        "start_dir": [
            0.6508136987686157
        ],
        "end_dir": [
            0.9278159141540527
        ],
        "init_height": 0.2,
        "sil_spline": {
            "parameters": {
                "key_xs": [
                    0.0,
                    0.05263157933950424,
                    0.10526315867900848,
                    0.15789473056793213,
                    0.21052631735801697,
                    0.2631579041481018,
                    0.31578946113586426,
                    0.3684210479259491,
                    0.42105263471603394,
                    0.4736842215061188,
                    0.5263158082962036,
                    0.5789473652839661,
                    0.6315789222717285,
                    0.6842105388641357,
                    0.7368420958518982,
                    0.7894736528396606,
                    0.8421052694320679,
                    0.8947368264198303,
                    0.9473684430122375,
                    1.0
                ],
                "key_ys": [
                    0.43292295932769775,
                    0.30384406447410583,
                    0.3490024209022522,
                    0.3513002395629883,
                    0.3462406396865845,
                    0.3530700206756592,
                    0.35870441794395447,
                    0.38278648257255554,
                    0.38476091623306274,
                    0.401078999042511,
                    0.42038026452064514,
                    0.42702287435531616,
                    0.4398447871208191,
                    0.4554819166660309,
                    0.46656686067581177,
                    0.4738343358039856,
                    0.4899032711982727,
                    0.48540717363357544,
                    0.5120776891708374,
                    0.5277585983276367
                ],
                "key_ts": [
                    -1.9750304222106934,
                    2.960202932357788,
                    0.4265637993812561,
                    -0.08825892955064774,
                    0.22043460607528687,
                    0.16905595362186432,
                    0.13121476769447327,
                    0.24550211429595947,
                    1.1433475017547607,
                    0.20535770058631897,
                    0.15210279822349548,
                    0.11614298075437546,
                    0.1395520269870758,
                    0.1873226910829544,
                    0.1889604926109314,
                    0.1423826515674591,
                    0.03535689786076546,
                    -0.2320314347743988,
                    -0.4335017800331116,
                    -0.12585951387882233
                ]
            },
            "optimizer_parameters": {
                "y_lr": 0.05,
                "t_lr": 0.05,
                "scheduler_step_size": 20,
                "scheduler_gamma": 0.99
            }
        }
    },
    "optimizer_parameters": {
        "uv_lr": 0.005,
        "dir_lr": 0.05,
        "scheduler_step_size": 20,
        "scheduler_gamma": 0.99
    }
}