{
    "parameters": {
        "start_uv": [
            0.5055958032608032,
            0.0
        ],
        "end_uv": [
            0.36830294132232666,
            0.0
        ],
        "start_dir": [
            -0.5493676662445068
        ],
        "end_dir": [
            -0.9819924831390381
        ],
        "init_height": 0.2,
        "sil_spline": {
            "parameters": {
                "key_xs": [
                    0.0,
                    0.05263157933950424,
                    0.10526315867900848,
                    0.15789473056793213,
                    0.21052631735801697,
                    0.2631579041481018,
                    0.31578946113586426,
                    0.3684210479259491,
                    0.42105263471603394,
                    0.4736842215061188,
                    0.5263158082962036,
                    0.5789473652839661,
                    0.6315789222717285,
                    0.6842105388641357,
                    0.7368420958518982,
                    0.7894736528396606,
                    0.8421052694320679,
                    0.8947368264198303,
                    0.9473684430122375,
                    1.0
                ],
                "key_ys": [
                    0.4848804473876953,
                    0.3669155538082123,
                    0.4489332139492035,
                    0.42514675855636597,
                    0.4550616145133972,
                    0.4902662932872772,
                    0.5134485960006714,
                    0.9689778089523315,
                    0.9396737217903137,
                    0.9222363233566284,
                    0.8945066928863525,
                    0.8533901572227478,
                    0.8195286393165588,
                    0.7908073663711548,
                    0.6920761466026306,
                    0.6396206021308899,
                    0.570210874080658,
                    0.5063897371292114,
                    0.42333489656448364,
                    0.34522300958633423
                ],
                "key_ts": [
                    -3.550520896911621,
                    3.413930654525757,
                    2.529728651046753,
                    -0.5015931129455566,
                    0.8396843075752258,
                    0.06643583625555038,
                    -2.2670328617095947,
                    -2.4790754318237305,
                    -0.18818257749080658,
                    -0.44322311878204346,
                    -1.1683670282363892,
                    -0.533029317855835,
                    -0.9769072532653809,
                    -0.19828583300113678,
                    -0.6806710362434387,
                    -0.6239464282989502,
                    -0.8987926244735718,
                    -2.4797558784484863,
                    -2.5746946334838867,
                    0.3011161983013153
                ]
            },
            "optimizer_parameters": {
                "y_lr": 0.05,
                "t_lr": 0.05,
                "scheduler_step_size": 20,
                "scheduler_gamma": 0.99
            }
        }
    },
    "optimizer_parameters": {
        "uv_lr": 0.005,
        "dir_lr": 0.05,
        "scheduler_step_size": 20,
        "scheduler_gamma": 0.99
    }
}