{
    "parameters": {
        "grow_mode": "single_sided",
        "wave_angle": -1.0471975803375244,
        "start_uv": [
            0.4421524107456207,
            -0.004828990437090397
        ],
        "end_uv": [
            0.05738602951169014,
            0.0005569244967773557
        ],
        "start_dir": [
            -0.07716195285320282
        ],
        "end_dir": [
            -0.8418408632278442
        ],
        "init_height": 0.2,
        "sil_spline": {
            "parameters": {
                "key_xs": [
                    0.0,
                    0.05263157933950424,
                    0.10526315867900848,
                    0.15789473056793213,
                    0.21052631735801697,
                    0.2631579041481018,
                    0.31578946113586426,
                    0.3684210479259491,
                    0.42105263471603394,
                    0.4736842215061188,
                    0.5263158082962036,
                    0.5789473652839661,
                    0.6315789222717285,
                    0.6842105388641357,
                    0.7368420958518982,
                    0.7894736528396606,
                    0.8421052694320679,
                    0.8947368264198303,
                    0.9473684430122375,
                    1.0
                ],
                "key_ys": [
                    0.03188048675656319,
                    0.0917820930480957,
                    0.17103880643844604,
                    0.20410965383052826,
                    0.21911871433258057,
                    0.2883579432964325,
                    0.2894841432571411,
                    0.31770554184913635,
                    0.34222376346588135,
                    0.3259097933769226,
                    0.33682742714881897,
                    0.33692240715026855,
                    0.3282175660133362,
                    0.32561540603637695,
                    0.30819007754325867,
                    0.3137776851654053,
                    0.30641481280326843,
                    0.28995051980018616,
                    0.28216513991355896,
                    0.2503780126571655
                ],
                "key_ts": [
                    0.0003631755826063454,
                    -0.0058633931912481785,
                    0.009497164748609066,
                    -0.008179586380720139,
                    0.0014056514482945204,
                    0.003146201139315963,
                    -0.006334724836051464,
                    0.0046090115793049335,
                    -0.0066131544299423695,
                    -0.0008554265950806439,
                    0.008729894645512104,
                    -0.00955092441290617,
                    0.008932988159358501,
                    -0.007189956959336996,
                    -0.002794326050207019,
                    0.009882332757115364,
                    -0.008356348611414433,
                    0.004928092006593943,
                    -0.006772365886718035,
                    -0.00024019661941565573
                ]
            },
            "optimizer_parameters": {
                "y_lr": 0.05,
                "t_lr": 0.05,
                "scheduler_step_size": 10,
                "scheduler_gamma": 0.99
            }
        },
        "thickness_spline": {
            "parameters": {
                "key_xs": [
                    0.0,
                    0.30000001192092896,
                    0.5,
                    0.699999988079071,
                    1.0
                ],
                "key_ys": [
                    0.0,
                    0.029999999329447746,
                    0.03999999910593033,
                    0.029999999329447746,
                    0.0
                ],
                "key_ts": [
                    0.05000000074505806,
                    0.009999999776482582,
                    0.0,
                    -0.009999999776482582,
                    -0.05000000074505806
                ]
            },
            "optimizer_parameters": {
                "y_lr": 0.05,
                "t_lr": 0.05,
                "scheduler_step_size": 10,
                "scheduler_gamma": 0.99
            }
        },
        "uv_reshape_bb": {
            "uv": [
                0.001953125,
                0.3352864583333333
            ],
            "size": [
                0.3138020833333333,
                0.3138020833333333
            ]
        }
    },
    "optimizer_parameters": {
        "uv_lr": 0.005,
        "dir_lr": 0.05,
        "scheduler_step_size": 10,
        "scheduler_gamma": 0.99
    }
}