{
    "parameters": {
        "grow_mode": "single_sided",
        "wave_angle": -1.0471975803375244,
        "start_uv": [
            -0.004423658829182386,
            0.1261986345052719
        ],
        "end_uv": [
            -0.007916539907455444,
            1.0000882148742676
        ],
        "start_dir": [
            0.3111501932144165
        ],
        "end_dir": [
            -1.9493454694747925
        ],
        "init_height": 0.2,
        "sil_spline": {
            "parameters": {
                "key_xs": [
                    0.0,
                    0.05263157933950424,
                    0.10526315867900848,
                    0.15789473056793213,
                    0.21052631735801697,
                    0.2631579041481018,
                    0.31578946113586426,
                    0.3684210479259491,
                    0.42105263471603394,
                    0.4736842215061188,
                    0.5263158082962036,
                    0.5789473652839661,
                    0.6315789222717285,
                    0.6842105388641357,
                    0.7368420958518982,
                    0.7894736528396606,
                    0.8421052694320679,
                    0.8947368264198303,
                    0.9473684430122375,
                    1.0
                ],
                "key_ys": [
                    0.5871843099594116,
                    0.6468075513839722,
                    0.6220616102218628,
                    0.6063562035560608,
                    0.598082423210144,
                    0.5898577570915222,
                    0.5782511234283447,
                    0.5869162678718567,
                    0.6045672297477722,
                    0.6345028281211853,
                    0.6674662232398987,
                    0.7548112869262695,
                    0.20752713084220886,
                    0.13613361120224,
                    0.09224644303321838,
                    -0.035599008202552795,
                    -0.05416468158364296,
                    -0.041988953948020935,
                    -0.03437661752104759,
                    -0.019769489765167236
                ],
                "key_ts": [
                    0.006213278975337744,
                    -0.004362213425338268,
                    -0.0030712459702044725,
                    -0.001063964213244617,
                    -0.0010885706869885325,
                    0.003941353410482407,
                    -0.008310056291520596,
                    0.006994010880589485,
                    -0.0028397177811712027,
                    0.006478885188698769,
                    -0.00468421122059226,
                    0.007323521189391613,
                    0.00043114900472573936,
                    -0.0014155240496620536,
                    -0.0002356193435844034,
                    -0.0001430775155313313,
                    -0.00010745704639703035,
                    -0.00010567452409304678,
                    -6.197903712745756e-05,
                    0.00025176804047077894
                ]
            },
            "optimizer_parameters": {
                "y_lr": 0.05,
                "t_lr": 0.05,
                "scheduler_step_size": 10,
                "scheduler_gamma": 0.99
            }
        },
        "thickness_spline": {
            "parameters": {
                "key_xs": [
                    0.0,
                    0.30000001192092896,
                    0.5,
                    0.699999988079071,
                    1.0
                ],
                "key_ys": [
                    0.0,
                    0.009999999776482582,
                    0.012000000104308128,
                    0.009999999776482582,
                    0.0
                ],
                "key_ts": [
                    0.009999999776482582,
                    0.0020000000949949026,
                    0.0,
                    -0.0020000000949949026,
                    -0.009999999776482582
                ]
            },
            "optimizer_parameters": {
                "y_lr": 0.05,
                "t_lr": 0.05,
                "scheduler_step_size": 10,
                "scheduler_gamma": 0.99
            }
        },
        "uv_reshape_bb": {
            "uv": [
                0.001953125,
                0.6686197916666666
            ],
            "size": [
                0.3138020833333333,
                0.3138020833333333
            ]
        }
    },
    "optimizer_parameters": {
        "uv_lr": 0.005,
        "dir_lr": 0.05,
        "scheduler_step_size": 10,
        "scheduler_gamma": 0.99
    }
}