{
    "parameters": {
        "grow_mode": "single_sided",
        "wave_angle": -1.0471975803375244,
        "start_uv": [
            0.047959957271814346,
            1.0038422346115112
        ],
        "end_uv": [
            0.7700109481811523,
            1.006116509437561
        ],
        "start_dir": [
            0.6284059882164001
        ],
        "end_dir": [
            -0.2584550380706787
        ],
        "init_height": 0.2,
        "sil_spline": {
            "parameters": {
                "key_xs": [
                    0.0,
                    0.05263157933950424,
                    0.10526315867900848,
                    0.15789473056793213,
                    0.21052631735801697,
                    0.2631579041481018,
                    0.31578946113586426,
                    0.3684210479259491,
                    0.42105263471603394,
                    0.4736842215061188,
                    0.5263158082962036,
                    0.5789473652839661,
                    0.6315789222717285,
                    0.6842105388641357,
                    0.7368420958518982,
                    0.7894736528396606,
                    0.8421052694320679,
                    0.8947368264198303,
                    0.9473684430122375,
                    1.0
                ],
                "key_ys": [
                    0.23038387298583984,
                    0.2554599642753601,
                    0.279012531042099,
                    0.29372528195381165,
                    0.31334784626960754,
                    0.3353557586669922,
                    0.3704407513141632,
                    0.39245668053627014,
                    0.40751707553863525,
                    0.42312055826187134,
                    0.4347834587097168,
                    0.4340893626213074,
                    0.4476448893547058,
                    0.4546753466129303,
                    0.4612083435058594,
                    0.44400662183761597,
                    0.4659229815006256,
                    0.387932687997818,
                    0.3897804319858551,
                    0.03161010518670082
                ],
                "key_ts": [
                    0.00260121189057827,
                    -0.009845609776675701,
                    0.007123273331671953,
                    -0.006396971642971039,
                    0.00762863690033555,
                    0.0034347763285040855,
                    -0.006122887600213289,
                    0.008934035897254944,
                    -0.010048284195363522,
                    0.0027265495155006647,
                    0.010487383231520653,
                    0.010688531212508678,
                    -0.008750488050282001,
                    -0.008545867167413235,
                    0.01004813052713871,
                    -0.008356347680091858,
                    0.006198238115757704,
                    0.0015774571802467108,
                    -0.0016522039659321308,
                    0.004230446647852659
                ]
            },
            "optimizer_parameters": {
                "y_lr": 0.05,
                "t_lr": 0.05,
                "scheduler_step_size": 10,
                "scheduler_gamma": 0.99
            }
        },
        "thickness_spline": {
            "parameters": {
                "key_xs": [
                    0.0,
                    0.10000000149011612,
                    0.5,
                    0.8999999761581421,
                    1.0
                ],
                "key_ys": [
                    0.0,
                    0.03999999910593033,
                    0.05000000074505806,
                    0.03999999910593033,
                    0.0
                ],
                "key_ts": [
                    0.07999999821186066,
                    0.019999999552965164,
                    0.0,
                    -0.019999999552965164,
                    -0.07999999821186066
                ]
            },
            "optimizer_parameters": {
                "y_lr": 0.05,
                "t_lr": 0.05,
                "scheduler_step_size": 10,
                "scheduler_gamma": 0.99
            }
        },
        "uv_reshape_bb": {
            "uv": [
                0.3352864583333333,
                0.001953125
            ],
            "size": [
                0.3138020833333333,
                0.3138020833333333
            ]
        }
    },
    "optimizer_parameters": {
        "uv_lr": 0.005,
        "dir_lr": 0.05,
        "scheduler_step_size": 10,
        "scheduler_gamma": 0.99
    }
}