{
    "parameters": {
        "origin_xy": [
            -1.2764003276824951,
            -0.010516402311623096
        ],
        "origin_z": 0.0,
        "length_x": 3.192760944366455,
        "length_y": 0.0,
        "length_z": 0.0,
        "uv_reshape_bb": {
            "uv": [
                0.001953125,
                0.001953125
            ],
            "size": [
                0.3138020833333333,
                0.3138020833333333
            ]
        },
        "top_spline": {
            "parameters": {
                "key_xs": [
                    0.0,
                    0.05263157933950424,
                    0.10526315867900848,
                    0.15789473056793213,
                    0.21052631735801697,
                    0.2631579041481018,
                    0.31578946113586426,
                    0.3684210479259491,
                    0.42105263471603394,
                    0.4736842215061188,
                    0.5263158082962036,
                    0.5789473652839661,
                    0.6315789222717285,
                    0.6842105388641357,
                    0.7368420958518982,
                    0.7894736528396606,
                    0.8421052694320679,
                    0.8947368264198303,
                    0.9473684430122375,
                    1.0
                ],
                "key_ys": [
                    0.21075037121772766,
                    0.21631285548210144,
                    0.3802965581417084,
                    0.479221373796463,
                    0.567814290523529,
                    0.6431235074996948,
                    0.6981746554374695,
                    0.7335901260375977,
                    0.7676692008972168,
                    0.7901806831359863,
                    0.8016402125358582,
                    0.8053348660469055,
                    0.8019299507141113,
                    0.8011452555656433,
                    0.788404643535614,
                    0.6987082362174988,
                    0.5637024641036987,
                    0.41554170846939087,
                    0.17331600189208984,
                    -0.15537849068641663
                ],
                "key_ts": [
                    -0.24034765362739563,
                    0.3623450696468353,
                    -0.023451656103134155,
                    0.14806558191776276,
                    0.12320975214242935,
                    0.14015823602676392,
                    0.20929162204265594,
                    0.1627502590417862,
                    0.09602382034063339,
                    -0.18275213241577148,
                    0.26861023902893066,
                    0.1899396926164627,
                    -0.2837056517601013,
                    0.08242853730916977,
                    0.07501418143510818,
                    -0.2811504304409027,
                    0.006860923953354359,
                    -0.2116859257221222,
                    -0.20033250749111176,
                    0.08855073899030685
                ]
            },
            "optimizer_parameters": {
                "y_lr": 0.05,
                "t_lr": 0.05,
                "scheduler_step_size": 10,
                "scheduler_gamma": 0.99
            }
        },
        "bottom_spline": {
            "parameters": {
                "key_xs": [
                    0.0,
                    0.05263157933950424,
                    0.10526315867900848,
                    0.15789473056793213,
                    0.21052631735801697,
                    0.2631579041481018,
                    0.31578946113586426,
                    0.3684210479259491,
                    0.42105263471603394,
                    0.4736842215061188,
                    0.5263158082962036,
                    0.5789473652839661,
                    0.6315789222717285,
                    0.6842105388641357,
                    0.7368420958518982,
                    0.7894736528396606,
                    0.8421052694320679,
                    0.8947368264198303,
                    0.9473684430122375,
                    1.0
                ],
                "key_ys": [
                    0.04157857224345207,
                    0.13233500719070435,
                    0.34696149826049805,
                    0.4961366057395935,
                    0.5854605436325073,
                    0.6723341941833496,
                    0.7354221940040588,
                    0.7822750210762024,
                    0.8223642706871033,
                    0.8443092703819275,
                    0.8415114879608154,
                    0.842262327671051,
                    0.8363556861877441,
                    0.8201653957366943,
                    0.7707584500312805,
                    0.709567129611969,
                    0.6322304010391235,
                    0.526566743850708,
                    0.36332327127456665,
                    0.17305304110050201
                ],
                "key_ts": [
                    -0.23223276436328888,
                    0.3382420241832733,
                    0.08653080463409424,
                    0.23011168837547302,
                    0.14863984286785126,
                    -0.03445053473114967,
                    0.192477747797966,
                    0.09008625149726868,
                    0.16401292383670807,
                    -0.15412862598896027,
                    0.04867151752114296,
                    0.08089641481637955,
                    -0.08582326024770737,
                    -0.15211381018161774,
                    -0.12070418149232864,
                    -0.10400520265102386,
                    -0.10396495461463928,
                    -0.10918557643890381,
                    -0.046221427619457245,
                    -0.05749545991420746
                ]
            },
            "optimizer_parameters": {
                "y_lr": 0.05,
                "t_lr": 0.05,
                "scheduler_step_size": 10,
                "scheduler_gamma": 0.99
            }
        },
        "thickness_spline": {
            "parameters": {
                "key_xs": [
                    0.0,
                    0.10000000149011612,
                    0.20000000298023224,
                    0.30000001192092896,
                    0.4000000059604645,
                    0.6000000238418579,
                    0.699999988079071,
                    0.800000011920929,
                    0.8999999761581421,
                    1.0
                ],
                "key_ys": [
                    0.0,
                    0.6000000238418579,
                    0.75,
                    0.8299999833106995,
                    0.8999999761581421,
                    0.8500000238418579,
                    0.75,
                    0.6000000238418579,
                    0.4000000059604645,
                    0.0
                ],
                "key_ts": [
                    5.0,
                    4.0,
                    2.0,
                    1.0,
                    0.10000000149011612,
                    -0.10000000149011612,
                    -0.5,
                    -0.699999988079071,
                    -1.0,
                    -4.0
                ]
            },
            "optimizer_parameters": {
                "y_lr": 0.05,
                "t_lr": 0.05,
                "scheduler_step_size": 10,
                "scheduler_gamma": 0.99
            }
        },