{
    "parameters": {
        "grow_mode": "double_sided",
        "wave_angle": -1.600000023841858,
        "start_uv": [
            0.7088160514831543,
            0.28526777029037476
        ],
        "end_uv": [
            0.7463734745979309,
            0.3408794105052948
        ],
        "start_dir": [
            0.8710969090461731
        ],
        "end_dir": [
            -0.3616982400417328
        ],
        "init_height": 0.2,
        "sil_spline": {
            "parameters": {
                "key_xs": [
                    0.0,
                    0.05263157933950424,
                    0.10526315867900848,
                    0.15789473056793213,
                    0.21052631735801697,
                    0.2631579041481018,
                    0.31578946113586426,
                    0.3684210479259491,
                    0.42105263471603394,
                    0.4736842215061188,
                    0.5263158082962036,
                    0.5789473652839661,
                    0.6315789222717285,
                    0.6842105388641357,
                    0.7368420958518982,
                    0.7894736528396606,
                    0.8421052694320679,
                    0.8947368264198303,
                    0.9473684430122375,
                    1.0
                ],
                "key_ys": [
                    0.18184611201286316,
                    0.1897178739309311,
                    0.1993931233882904,
                    0.21815264225006104,
                    0.22662994265556335,
                    0.24073608219623566,
                    0.2455359846353531,
                    0.2581508755683899,
                    0.2728511691093445,
                    0.28269466757774353,
                    0.2948376536369324,
                    0.30908358097076416,
                    0.3255745470523834,
                    0.344264417886734,
                    0.3660373091697693,
                    0.3903895318508148,
                    0.414474219083786,
                    0.4444807469844818,
                    0.4686697721481323,
                    0.4935328960418701
                ],
                "key_ts": [
                    0.00059578224318102,
                    -0.0006985549116507173,
                    0.0017588614718988538,
                    -0.0020995899103581905,
                    0.0013899035984650254,
                    0.006188328843563795,
                    -0.005259542725980282,
                    0.008141129277646542,
                    -0.006936613004654646,
                    0.007059558294713497,
                    0.008627845905721188,
                    0.006224657874554396,
                    0.0030031942296773195,
                    0.0007101916708052158,
                    0.0022821701131761074,
                    0.002855809638276696,
                    0.006554522085934877,
                    -0.006719709374010563,
                    0.0055822706781327724,
                    -0.002179195871576667
                ]
            },
            "optimizer_parameters": {
                "y_lr": 0.05,
                "t_lr": 0.05,
                "scheduler_step_size": 10,
                "scheduler_gamma": 0.99
            }
        },
        "thickness_spline": {
            "parameters": {
                "key_xs": [
                    0.0,
                    0.30000001192092896,
                    0.5,
                    0.699999988079071,
                    1.0
                ],
                "key_ys": [
                    0.0,
                    0.009999999776482582,
                    0.013000000268220901,
                    0.009999999776482582,
                    0.0
                ],
                "key_ts": [
                    0.009999999776482582,
                    0.0020000000949949026,
                    0.0,
                    -0.0020000000949949026,
                    -0.009999999776482582
                ]
            },
            "optimizer_parameters": {
                "y_lr": 0.05,
                "t_lr": 0.05,
                "scheduler_step_size": 10,
                "scheduler_gamma": 0.99
            }
        },
        "uv_reshape_bb": {
            "uv": [
                0.3352864583333333,
                0.3352864583333333
            ],
            "size": [
                0.3138020833333333,
                0.3138020833333333
            ]
        }
    },
    "optimizer_parameters": {
        "uv_lr": 0.005,
        "dir_lr": 0.05,
        "scheduler_step_size": 10,
        "scheduler_gamma": 0.99
    }
}