{
    "parameters": {
        "grow_mode": "single_sided",
        "wave_angle": -1.0471975803375244,
        "start_uv": [
            0.21915264427661896,
            -1.2782983503711876e-05
        ],
        "end_uv": [
            0.07632914185523987,
            -0.00010224847210338339
        ],
        "start_dir": [
            0.25236594676971436
        ],
        "end_dir": [
            0.08456841856241226
        ],
        "init_height": 0.2,
        "sil_spline": {
            "parameters": {
                "key_xs": [
                    0.0,
                    0.05263157933950424,
                    0.10526315867900848,
                    0.15789473056793213,
                    0.21052631735801697,
                    0.2631579041481018,
                    0.31578946113586426,
                    0.3684210479259491,
                    0.42105263471603394,
                    0.4736842215061188,
                    0.5263158082962036,
                    0.5789473652839661,
                    0.6315789222717285,
                    0.6842105388641357,
                    0.7368420958518982,
                    0.7894736528396606,
                    0.8421052694320679,
                    0.8947368264198303,
                    0.9473684430122375,
                    1.0
                ],
                "key_ys": [
                    0.08714941143989563,
                    0.2006632387638092,
                    0.26947522163391113,
                    0.30546441674232483,
                    0.3255062401294708,
                    0.34064018726348877,
                    0.3463573753833771,
                    0.3468051850795746,
                    0.33944880962371826,
                    0.3330737352371216,
                    0.32796916365623474,
                    0.3196389973163605,
                    0.31234776973724365,
                    0.3004358410835266,
                    0.2764360308647156,
                    0.2593124508857727,
                    0.23684832453727722,
                    0.21900345385074615,
                    0.19622503221035004,
                    0.16913868486881256
                ],
                "key_ts": [
                    0.0009972936240956187,
                    0.001539237448014319,
                    0.004074482247233391,
                    -0.0008815516484901309,
                    -0.001001390628516674,
                    -0.0005619506118819118,
                    0.005321415141224861,
                    -0.008229588158428669,
                    0.004631461575627327,
                    0.00597343547269702,
                    -0.007190834730863571,
                    -0.002180826850235462,
                    -0.00046910898527130485,
                    -0.005110849626362324,
                    -0.003884962759912014,
                    0.0003463941684458405,
                    0.0036416647490113974,
                    0.001743810367770493,
                    -0.0010037331376224756,
                    -0.0010383669286966324
                ]
            },
            "optimizer_parameters": {
                "y_lr": 0.05,
                "t_lr": 0.05,
                "scheduler_step_size": 10,
                "scheduler_gamma": 0.99
            }
        },
        "thickness_spline": {
            "parameters": {
                "key_xs": [
                    0.0,
                    0.30000001192092896,
                    0.5,
                    0.699999988079071,
                    1.0
                ],
                "key_ys": [
                    0.0,
                    0.029999999329447746,
                    0.03999999910593033,
                    0.029999999329447746,
                    0.0
                ],
                "key_ts": [
                    0.05000000074505806,
                    0.009999999776482582,
                    0.0,
                    -0.009999999776482582,
                    -0.05000000074505806
                ]
            },
            "optimizer_parameters": {
                "y_lr": 0.05,
                "t_lr": 0.05,
                "scheduler_step_size": 10,
                "scheduler_gamma": 0.99
            }
        },
        "uv_reshape_bb": {
            "uv": [
                0.001953125,
                0.3352864583333333
            ],
            "size": [
                0.3138020833333333,
                0.3138020833333333
            ]
        }
    },
    "optimizer_parameters": {
        "uv_lr": 0.005,
        "dir_lr": 0.05,
        "scheduler_step_size": 10,
        "scheduler_gamma": 0.99
    }
}