{
    "parameters": {
        "grow_mode": "single_sided",
        "wave_angle": -1.0471975803375244,
        "start_uv": [
            -0.004922184161841869,
            0.11670321971178055
        ],
        "end_uv": [
            -0.0066582509316504,
            0.9983657598495483
        ],
        "start_dir": [
            1.109567642211914
        ],
        "end_dir": [
            -0.5524213314056396
        ],
        "init_height": 0.2,
        "sil_spline": {
            "parameters": {
                "key_xs": [
                    0.0,
                    0.05263157933950424,
                    0.10526315867900848,
                    0.15789473056793213,
                    0.21052631735801697,
                    0.2631579041481018,
                    0.31578946113586426,
                    0.3684210479259491,
                    0.42105263471603394,
                    0.4736842215061188,
                    0.5263158082962036,
                    0.5789473652839661,
                    0.6315789222717285,
                    0.6842105388641357,
                    0.7368420958518982,
                    0.7894736528396606,
                    0.8421052694320679,
                    0.8947368264198303,
                    0.9473684430122375,
                    1.0
                ],
                "key_ys": [
                    0.17271538078784943,
                    0.43740057945251465,
                    0.7217175364494324,
                    0.8577548861503601,
                    0.5813490748405457,
                    0.494894415140152,
                    0.4507002830505371,
                    0.4237230122089386,
                    0.40518316626548767,
                    0.40048328042030334,
                    0.39641934633255005,
                    0.4003215730190277,
                    0.41367316246032715,
                    0.4359588921070099,
                    0.4694127142429352,
                    0.5118128061294556,
                    0.5632084012031555,
                    0.6251034140586853,
                    0.7062591910362244,
                    1.0404304265975952
                ],
                "key_ts": [
                    0.0002870059397537261,
                    -0.0021541386377066374,
                    0.009850376285612583,
                    -0.010116363875567913,
                    0.0031251993495970964,
                    -0.0036717660259455442,
                    -0.003218813333660364,
                    -0.004338121507316828,
                    -0.0028363491874188185,
                    -0.009477014653384686,
                    0.008769859559834003,
                    -0.0012292751343920827,
                    0.007544476538896561,
                    0.006037524435669184,
                    0.0032480864319950342,
                    0.004387515597045422,
                    0.004838617518544197,
                    0.003924745135009289,
                    0.0016623110277578235,
                    -0.0016275934176519513
                ]
            },
            "optimizer_parameters": {
                "y_lr": 0.05,
                "t_lr": 0.05,
                "scheduler_step_size": 10,
                "scheduler_gamma": 0.99
            }
        },
        "thickness_spline": {
            "parameters": {
                "key_xs": [
                    0.0,
                    0.30000001192092896,
                    0.5,
                    0.699999988079071,
                    1.0
                ],
                "key_ys": [
                    0.0,
                    0.009999999776482582,
                    0.012000000104308128,
                    0.009999999776482582,
                    0.0
                ],
                "key_ts": [
                    0.009999999776482582,
                    0.0020000000949949026,
                    0.0,
                    -0.0020000000949949026,
                    -0.009999999776482582
                ]
            },
            "optimizer_parameters": {
                "y_lr": 0.05,
                "t_lr": 0.05,
                "scheduler_step_size": 10,
                "scheduler_gamma": 0.99
            }
        },
        "uv_reshape_bb": {
            "uv": [
                0.001953125,
                0.6686197916666666
            ],
            "size": [
                0.3138020833333333,
                0.3138020833333333
            ]
        }
    },
    "optimizer_parameters": {
        "uv_lr": 0.005,
        "dir_lr": 0.05,
        "scheduler_step_size": 10,
        "scheduler_gamma": 0.99
    }
}