{
    "parameters": {
        "grow_mode": "single_sided",
        "wave_angle": -1.0471975803375244,
        "start_uv": [
            0.17300459742546082,
            1.0001311302185059
        ],
        "end_uv": [
            0.5126601457595825,
            1.0017483234405518
        ],
        "start_dir": [
            0.7831592559814453
        ],
        "end_dir": [
            -0.21931177377700806
        ],
        "init_height": 0.2,
        "sil_spline": {
            "parameters": {
                "key_xs": [
                    0.0,
                    0.05263157933950424,
                    0.10526315867900848,
                    0.15789473056793213,
                    0.21052631735801697,
                    0.2631579041481018,
                    0.31578946113586426,
                    0.3684210479259491,
                    0.42105263471603394,
                    0.4736842215061188,
                    0.5263158082962036,
                    0.5789473652839661,
                    0.6315789222717285,
                    0.6842105388641357,
                    0.7368420958518982,
                    0.7894736528396606,
                    0.8421052694320679,
                    0.8947368264198303,
                    0.9473684430122375,
                    1.0
                ],
                "key_ys": [
                    0.24708370864391327,
                    0.2837040424346924,
                    0.31110015511512756,
                    0.3343552052974701,
                    0.3515414893627167,
                    0.3706148862838745,
                    0.39955464005470276,
                    0.4210101366043091,
                    0.44459259510040283,
                    0.47213757038116455,
                    0.4898054003715515,
                    0.5156592130661011,
                    0.5496159195899963,
                    0.5641507506370544,
                    0.5739924907684326,
                    0.5704160928726196,
                    0.5948553085327148,
                    0.6000518798828125,
                    0.6076868176460266,
                    0.35863080620765686
                ],
                "key_ts": [
                    0.0007719566347077489,
                    0.0033187284134328365,
                    -0.004079539328813553,
                    0.007744677364826202,
                    -0.0021962544415146112,
                    0.003189890645444393,
                    -0.0004770622181240469,
                    0.0032754135318100452,
                    0.007122737355530262,
                    -0.004319436382502317,
                    0.0066160340793430805,
                    0.008589629083871841,
                    0.001508043729700148,
                    -0.00764998747035861,
                    0.008424696512520313,
                    0.008495774120092392,
                    -0.008745301514863968,
                    0.009014026261866093,
                    -0.007613281719386578,
                    -6.180256605148315e-05
                ]
            },
            "optimizer_parameters": {
                "y_lr": 0.05,
                "t_lr": 0.05,
                "scheduler_step_size": 10,
                "scheduler_gamma": 0.99
            }
        },
        "thickness_spline": {
            "parameters": {
                "key_xs": [
                    0.0,
                    0.10000000149011612,
                    0.5,
                    0.8999999761581421,
                    1.0
                ],
                "key_ys": [
                    0.0,
                    0.03999999910593033,
                    0.05000000074505806,
                    0.03999999910593033,
                    0.0
                ],
                "key_ts": [
                    0.07999999821186066,
                    0.019999999552965164,
                    0.0,
                    -0.019999999552965164,
                    -0.07999999821186066
                ]
            },
            "optimizer_parameters": {
                "y_lr": 0.05,
                "t_lr": 0.05,
                "scheduler_step_size": 10,
                "scheduler_gamma": 0.99
            }
        },
        "uv_reshape_bb": {
            "uv": [
                0.3352864583333333,
                0.001953125
            ],
            "size": [
                0.3138020833333333,
                0.3138020833333333
            ]
        }
    },
    "optimizer_parameters": {
        "uv_lr": 0.005,
        "dir_lr": 0.05,
        "scheduler_step_size": 10,
        "scheduler_gamma": 0.99
    }
}