{
    "parameters": {
        "origin_xy": [
            -1.1364926099777222,
            0.0265641026198864
        ],
        "origin_z": 0.0,
        "length_x": 2.890697956085205,
        "length_y": 0.0,
        "length_z": 0.0,
        "uv_reshape_bb": {
            "uv": [
                0.001953125,
                0.001953125
            ],
            "size": [
                0.3138020833333333,
                0.3138020833333333
            ]
        },
        "top_spline": {
            "parameters": {
                "key_xs": [
                    0.0,
                    0.05263157933950424,
                    0.10526315867900848,
                    0.15789473056793213,
                    0.21052631735801697,
                    0.2631579041481018,
                    0.31578946113586426,
                    0.3684210479259491,
                    0.42105263471603394,
                    0.4736842215061188,
                    0.5263158082962036,
                    0.5789473652839661,
                    0.6315789222717285,
                    0.6842105388641357,
                    0.7368420958518982,
                    0.7894736528396606,
                    0.8421052694320679,
                    0.8947368264198303,
                    0.9473684430122375,
                    1.0
                ],
                "key_ys": [
                    0.2698415219783783,
                    0.2863880693912506,
                    0.3298358619213104,
                    0.3888411223888397,
                    0.4786382019519806,
                    0.5419015884399414,
                    0.6021396517753601,
                    0.6522606015205383,
                    0.6833636164665222,
                    0.692500650882721,
                    0.6791337728500366,
                    0.6495524644851685,
                    0.6151335835456848,
                    0.5736160278320312,
                    0.5174175500869751,
                    0.4397053122520447,
                    0.35724496841430664,
                    0.29009318351745605,
                    0.10428708791732788,
                    0.06585364788770676
                ],
                "key_ts": [
                    -0.10179855674505234,
                    0.08832306414842606,
                    0.11209144443273544,
                    0.24058383703231812,
                    0.08885528892278671,
                    0.13340963423252106,
                    0.20389357209205627,
                    0.07348528504371643,
                    0.18632933497428894,
                    0.13695189356803894,
                    -0.30547598004341125,
                    -0.042596980929374695,
                    -0.1946105808019638,
                    -0.08418404310941696,
                    -0.17493444681167603,
                    -0.1897982358932495,
                    -0.18436621129512787,
                    0.025413108989596367,
                    -0.3158646821975708,
                    0.1844853013753891
                ]
            },
            "optimizer_parameters": {
                "y_lr": 0.05,
                "t_lr": 0.05,
                "scheduler_step_size": 10,
                "scheduler_gamma": 0.99
            }
        },
        "bottom_spline": {
            "parameters": {
                "key_xs": [
                    0.0,
                    0.05263157933950424,
                    0.10526315867900848,
                    0.15789473056793213,
                    0.21052631735801697,
                    0.2631579041481018,
                    0.31578946113586426,
                    0.3684210479259491,
                    0.42105263471603394,
                    0.4736842215061188,
                    0.5263158082962036,
                    0.5789473652839661,
                    0.6315789222717285,
                    0.6842105388641357,
                    0.7368420958518982,
                    0.7894736528396606,
                    0.8421052694320679,
                    0.8947368264198303,
                    0.9473684430122375,
                    1.0
                ],
                "key_ys": [
                    -0.11212115734815598,
                    -0.06612492352724075,
                    0.056481532752513885,
                    0.13376854360103607,
                    0.22948777675628662,
                    0.3087480664253235,
                    0.39759987592697144,
                    0.46954628825187683,
                    0.557395339012146,
                    0.6308218836784363,
                    0.6697894930839539,
                    0.6865607500076294,
                    0.6630317568778992,
                    0.6041361093521118,
                    0.5575085282325745,
                    0.496780127286911,
                    0.4332682490348816,
                    0.33108216524124146,
                    0.20909850299358368,
                    0.13540399074554443
                ],
                "key_ts": [
                    -0.14897723495960236,
                    0.3090979754924774,
                    0.0239141583442688,
                    0.26673322916030884,
                    0.04580501466989517,
                    0.24341769516468048,
                    0.1749803125858307,
                    0.12916888296604156,
                    0.2983408272266388,
                    -0.09043208509683609,
                    0.2253887951374054,
                    -0.3330773413181305,
                    -0.1715472787618637,
                    0.04605875909328461,
                    -0.1685040444135666,
                    -0.2305499166250229,
                    0.02770114317536354,
                    -0.3099327087402344,
                    0.0700390413403511,
                    0.014910698868334293
                ]
            },
            "optimizer_parameters": {
                "y_lr": 0.05,
                "t_lr": 0.05,
                "scheduler_step_size": 10,
                "scheduler_gamma": 0.99
            }
        },
        "thickness_spline": {
            "parameters": {
                "key_xs": [
                    0.0,
                    0.10000000149011612,
                    0.20000000298023224,
                    0.30000001192092896,
                    0.4000000059604645,
                    0.6000000238418579,
                    0.699999988079071,
                    0.800000011920929,
                    0.8999999761581421,
                    1.0
                ],
                "key_ys": [
                    0.0,
                    0.6000000238418579,
                    0.75,
                    0.8299999833106995,
                    0.8999999761581421,
                    0.8500000238418579,
                    0.75,
                    0.6000000238418579,
                    0.4000000059604645,
                    0.0
                ],
                "key_ts": [
                    5.0,
                    4.0,
                    2.0,
                    1.0,
                    0.10000000149011612,
                    -0.10000000149011612,
                    -0.5,
                    -0.699999988079071,
                    -1.0,
                    -4.0
                ]
            },
            "optimizer_parameters": {
                "y_lr": 0.05,
                "t_lr": 0.05,
                "scheduler_step_size": 10,
                "scheduler_gamma": 0.99
            }
        },