{
    "parameters": {
        "grow_mode": "double_sided",
        "wave_angle": -1.2000000476837158,
        "start_uv": [
            0.5355904698371887,
            0.364696204662323
        ],
        "end_uv": [
            0.5387952923774719,
            0.5349801778793335
        ],
        "start_dir": [
            0.634480893611908
        ],
        "end_dir": [
            -0.07299722731113434
        ],
        "init_height": 0.2,
        "sil_spline": {
            "parameters": {
                "key_xs": [
                    0.0,
                    0.05263157933950424,
                    0.10526315867900848,
                    0.15789473056793213,
                    0.21052631735801697,
                    0.2631579041481018,
                    0.31578946113586426,
                    0.3684210479259491,
                    0.42105263471603394,
                    0.4736842215061188,
                    0.5263158082962036,
                    0.5789473652839661,
                    0.6315789222717285,
                    0.6842105388641357,
                    0.7368420958518982,
                    0.7894736528396606,
                    0.8421052694320679,
                    0.8947368264198303,
                    0.9473684430122375,
                    1.0
                ],
                "key_ys": [
                    0.15617869794368744,
                    0.2355019748210907,
                    0.2754180133342743,
                    0.3325437307357788,
                    0.3981778621673584,
                    0.4890559911727905,
                    0.5141891241073608,
                    0.5186358690261841,
                    0.5105421543121338,
                    0.5043771862983704,
                    0.4990633726119995,
                    0.49617907404899597,
                    0.48764288425445557,
                    0.47277942299842834,
                    0.4598526060581207,
                    0.44530534744262695,
                    0.4401746094226837,
                    0.4344641864299774,
                    0.43627938628196716,
                    0.1419043093919754
                ],
                "key_ts": [
                    -0.00015293886826839298,
                    0.002555424114689231,
                    5.639927621814422e-05,
                    -0.001604476012289524,
                    0.001499517122283578,
                    0.006849688943475485,
                    -0.0031270815525203943,
                    -0.006008336786180735,
                    -0.0037283531855791807,
                    -0.005300681572407484,
                    -0.0048012882471084595,
                    0.00466736126691103,
                    -0.0037141430657356977,
                    -0.007320999633520842,
                    -0.0003331884217914194,
                    -0.007363384589552879,
                    0.003686521202325821,
                    0.006560731679201126,
                    -0.004885162692517042,
                    0.000553579069674015
                ]
            },
            "optimizer_parameters": {
                "y_lr": 0.05,
                "t_lr": 0.05,
                "scheduler_step_size": 10,
                "scheduler_gamma": 0.99
            }
        },
        "thickness_spline": {
            "parameters": {
                "key_xs": [
                    0.0,
                    0.30000001192092896,
                    0.5,
                    0.699999988079071,
                    1.0
                ],
                "key_ys": [
                    0.0,
                    0.009999999776482582,
                    0.013000000268220901,
                    0.009999999776482582,
                    0.0
                ],
                "key_ts": [
                    0.009999999776482582,
                    0.0020000000949949026,
                    0.0,
                    -0.0020000000949949026,
                    -0.009999999776482582
                ]
            },
            "optimizer_parameters": {
                "y_lr": 0.05,
                "t_lr": 0.05,
                "scheduler_step_size": 10,
                "scheduler_gamma": 0.99
            }
        },
        "uv_reshape_bb": {
            "uv": [
                0.3352864583333333,
                0.3352864583333333
            ],
            "size": [
                0.3138020833333333,
                0.3138020833333333
            ]
        }
    },
    "optimizer_parameters": {
        "uv_lr": 0.005,
        "dir_lr": 0.05,
        "scheduler_step_size": 10,
        "scheduler_gamma": 0.99
    }
}