{
    "parameters": {
        "grow_mode": "single_sided",
        "wave_angle": -1.0471975803375244,
        "start_uv": [
            0.5654641389846802,
            -0.0015055808471515775
        ],
        "end_uv": [
            0.4352021813392639,
            -0.0008769860141910613
        ],
        "start_dir": [
            0.2634795606136322
        ],
        "end_dir": [
            -0.19674500823020935
        ],
        "init_height": 0.2,
        "sil_spline": {
            "parameters": {
                "key_xs": [
                    0.0,
                    0.05263157933950424,
                    0.10526315867900848,
                    0.15789473056793213,
                    0.21052631735801697,
                    0.2631579041481018,
                    0.31578946113586426,
                    0.3684210479259491,
                    0.42105263471603394,
                    0.4736842215061188,
                    0.5263158082962036,
                    0.5789473652839661,
                    0.6315789222717285,
                    0.6842105388641357,
                    0.7368420958518982,
                    0.7894736528396606,
                    0.8421052694320679,
                    0.8947368264198303,
                    0.9473684430122375,
                    1.0
                ],
                "key_ys": [
                    0.2803235352039337,
                    0.4671223759651184,
                    0.6085087060928345,
                    0.7015625238418579,
                    0.7934673428535461,
                    0.8885605931282043,
                    0.9666341543197632,
                    1.0460569858551025,
                    1.1097615957260132,
                    1.177164912223816,
                    1.225354552268982,
                    1.343658685684204,
                    0.7076790928840637,
                    0.6295230984687805,
                    0.5557921528816223,
                    0.49398073554039,
                    0.4438904821872711,
                    0.3909420967102051,
                    0.3214742839336395,
                    0.2945055067539215
                ],
                "key_ts": [
                    0.0004427458334248513,
                    0.003101991256698966,
                    -1.0962554370053113e-05,
                    0.0008805798715911806,
                    0.0006023285677656531,
                    0.002487656893208623,
                    -0.000988389365375042,
                    0.0017910480964928865,
                    0.005982955917716026,
                    0.004610312171280384,
                    -0.006431829649955034,
                    0.007688077166676521,
                    0.002846485236659646,
                    -0.0015606192173436284,
                    -0.0044226511381566525,
                    -0.002047428861260414,
                    -0.0012438427656888962,
                    -0.005013960879296064,
                    -0.0024030806962400675,
                    0.0004876292368862778
                ]
            },
            "optimizer_parameters": {
                "y_lr": 0.05,
                "t_lr": 0.05,
                "scheduler_step_size": 10,
                "scheduler_gamma": 0.99
            }
        },
        "thickness_spline": {
            "parameters": {
                "key_xs": [
                    0.0,
                    1.0
                ],
                "key_ys": [
                    0.0,
                    0.0
                ],
                "key_ts": [
                    0.0,
                    0.0
                ]
            },
            "optimizer_parameters": {
                "y_lr": 0,
                "t_lr": 0,
                "scheduler_step_size": 0,
                "scheduler_gamma": 0
            }
        },
        "uv_reshape_bb": {
            "uv": [
                0.3352864583333333,
                0.6686197916666666
            ],
            "size": [
                0.3138020833333333,
                0.3138020833333333
            ]
        }
    },
    "optimizer_parameters": {
        "uv_lr": 0.005,
        "dir_lr": 0.05,
        "scheduler_step_size": 10,
        "scheduler_gamma": 0.99
    }
}