{
    "parameters": {
        "grow_mode": "single_sided",
        "wave_angle": -1.0471975803375244,
        "start_uv": [
            0.39499735832214355,
            -0.0012285688426345587
        ],
        "end_uv": [
            0.08940833061933517,
            -0.00018518813885748386
        ],
        "start_dir": [
            -0.7380716800689697
        ],
        "end_dir": [
            0.2131078839302063
        ],
        "init_height": 0.2,
        "sil_spline": {
            "parameters": {
                "key_xs": [
                    0.0,
                    0.05263157933950424,
                    0.10526315867900848,
                    0.15789473056793213,
                    0.21052631735801697,
                    0.2631579041481018,
                    0.31578946113586426,
                    0.3684210479259491,
                    0.42105263471603394,
                    0.4736842215061188,
                    0.5263158082962036,
                    0.5789473652839661,
                    0.6315789222717285,
                    0.6842105388641357,
                    0.7368420958518982,
                    0.7894736528396606,
                    0.8421052694320679,
                    0.8947368264198303,
                    0.9473684430122375,
                    1.0
                ],
                "key_ys": [
                    0.05408722162246704,
                    0.15370574593544006,
                    0.19232477247714996,
                    0.2333267778158188,
                    0.616714596748352,
                    0.36474373936653137,
                    0.2585318088531494,
                    0.49171319603919983,
                    0.5506660342216492,
                    0.6388952732086182,
                    0.7187252640724182,
                    0.8019765019416809,
                    0.42850735783576965,
                    0.4604235589504242,
                    0.4505212604999542,
                    0.4373641312122345,
                    0.39663422107696533,
                    0.35353606939315796,
                    0.30240345001220703,
                    0.21420690417289734
                ],
                "key_ts": [
                    -0.016688458621501923,
                    0.023098444566130638,
                    0.031155169010162354,
                    -0.050418779253959656,
                    -0.021732263267040253,
                    0.009700021706521511,
                    -0.002362586557865143,
                    0.020948629826307297,
                    -0.020332027226686478,
                    0.048391833901405334,
                    -0.01357719674706459,
                    0.033898331224918365,
                    0.03872814401984215,
                    -0.011548137292265892,
                    -0.019565260037779808,
                    -0.008519347757101059,
                    -0.018323693424463272,
                    -0.011915817856788635,
                    -0.01706283539533615,
                    -0.0024227164685726166
                ]
            },
            "optimizer_parameters": {
                "y_lr": 0.05,
                "t_lr": 0.05,
                "scheduler_step_size": 10,
                "scheduler_gamma": 0.99
            }
        },
        "thickness_spline": {
            "parameters": {
                "key_xs": [
                    0.0,
                    0.30000001192092896,
                    0.5,
                    0.699999988079071,
                    1.0
                ],
                "key_ys": [
                    0.0,
                    0.029999999329447746,
                    0.03999999910593033,
                    0.029999999329447746,
                    0.0
                ],
                "key_ts": [
                    0.05000000074505806,
                    0.009999999776482582,
                    0.0,
                    -0.009999999776482582,
                    -0.05000000074505806
                ]
            },
            "optimizer_parameters": {
                "y_lr": 0.05,
                "t_lr": 0.05,
                "scheduler_step_size": 10,
                "scheduler_gamma": 0.99
            }
        },
        "uv_reshape_bb": {
            "uv": [
                0.001953125,
                0.3352864583333333
            ],
            "size": [
                0.3138020833333333,
                0.3138020833333333
            ]
        }
    },
    "optimizer_parameters": {
        "uv_lr": 0.005,
        "dir_lr": 0.05,
        "scheduler_step_size": 10,
        "scheduler_gamma": 0.99
    }
}