{
    "parameters": {
        "grow_mode": "single_sided",
        "wave_angle": -1.0471975803375244,
        "start_uv": [
            -0.00854001846164465,
            -0.0011358998017385602
        ],
        "end_uv": [
            -0.018567046150565147,
            1.0004061460494995
        ],
        "start_dir": [
            0.851728081703186
        ],
        "end_dir": [
            -0.5659042596817017
        ],
        "init_height": 0.2,
        "sil_spline": {
            "parameters": {
                "key_xs": [
                    0.0,
                    0.05263157933950424,
                    0.10526315867900848,
                    0.15789473056793213,
                    0.21052631735801697,
                    0.2631579041481018,
                    0.31578946113586426,
                    0.3684210479259491,
                    0.42105263471603394,
                    0.4736842215061188,
                    0.5263158082962036,
                    0.5789473652839661,
                    0.6315789222717285,
                    0.6842105388641357,
                    0.7368420958518982,
                    0.7894736528396606,
                    0.8421052694320679,
                    0.8947368264198303,
                    0.9473684430122375,
                    1.0
                ],
                "key_ys": [
                    0.058558348566293716,
                    0.03097349964082241,
                    0.7645514607429504,
                    0.5770266652107239,
                    0.47335711121559143,
                    0.445541650056839,
                    0.39898133277893066,
                    0.3769014775753021,
                    0.3458591103553772,
                    0.33503085374832153,
                    0.32327431440353394,
                    0.3352430462837219,
                    0.34053778648376465,
                    0.3671969473361969,
                    0.38390523195266724,
                    0.4216017723083496,
                    0.472004771232605,
                    0.5582846403121948,
                    0.7387638092041016,
                    -0.004595065023750067
                ],
                "key_ts": [
                    -0.0065733822993934155,
                    0.007038005627691746,
                    0.00046014648978598416,
                    -0.02941889688372612,
                    0.01679094322025776,
                    -0.0010094783501699567,
                    -0.046298548579216,
                    0.031404923647642136,
                    -0.05051995813846588,
                    0.03495195880532265,
                    -0.04427501931786537,
                    0.046894174069166183,
                    0.02424231544137001,
                    0.02225549705326557,
                    0.0006163632497191429,
                    0.02820238098502159,
                    0.01979241892695427,
                    -0.004394276067614555,
                    0.017458705231547356,
                    0.02649557963013649
                ]
            },
            "optimizer_parameters": {
                "y_lr": 0.05,
                "t_lr": 0.05,
                "scheduler_step_size": 10,
                "scheduler_gamma": 0.99
            }
        },
        "thickness_spline": {
            "parameters": {
                "key_xs": [
                    0.0,
                    0.30000001192092896,
                    0.5,
                    0.699999988079071,
                    1.0
                ],
                "key_ys": [
                    0.0,
                    0.009999999776482582,
                    0.012000000104308128,
                    0.009999999776482582,
                    0.0
                ],
                "key_ts": [
                    0.009999999776482582,
                    0.0020000000949949026,
                    0.0,
                    -0.0020000000949949026,
                    -0.009999999776482582
                ]
            },
            "optimizer_parameters": {
                "y_lr": 0.05,
                "t_lr": 0.05,
                "scheduler_step_size": 10,
                "scheduler_gamma": 0.99
            }
        },
        "uv_reshape_bb": {
            "uv": [
                0.001953125,
                0.6686197916666666
            ],
            "size": [
                0.3138020833333333,
                0.3138020833333333
            ]
        }
    },
    "optimizer_parameters": {
        "uv_lr": 0.005,
        "dir_lr": 0.05,
        "scheduler_step_size": 10,
        "scheduler_gamma": 0.99
    }
}