{
    "parameters": {
        "grow_mode": "single_sided",
        "wave_angle": -1.0471975803375244,
        "start_uv": [
            0.10470414161682129,
            1.0010040998458862
        ],
        "end_uv": [
            0.716491162776947,
            1.0007432699203491
        ],
        "start_dir": [
            0.38752982020378113
        ],
        "end_dir": [
            0.19157938659191132
        ],
        "init_height": 0.2,
        "sil_spline": {
            "parameters": {
                "key_xs": [
                    0.0,
                    0.05263157933950424,
                    0.10526315867900848,
                    0.15789473056793213,
                    0.21052631735801697,
                    0.2631579041481018,
                    0.31578946113586426,
                    0.3684210479259491,
                    0.42105263471603394,
                    0.4736842215061188,
                    0.5263158082962036,
                    0.5789473652839661,
                    0.6315789222717285,
                    0.6842105388641357,
                    0.7368420958518982,
                    0.7894736528396606,
                    0.8421052694320679,
                    0.8947368264198303,
                    0.9473684430122375,
                    1.0
                ],
                "key_ys": [
                    0.18427163362503052,
                    0.2880649268627167,
                    0.36287474632263184,
                    0.38451093435287476,
                    0.4026027321815491,
                    0.5394473671913147,
                    0.45087099075317383,
                    0.398307740688324,
                    0.35358431935310364,
                    0.31359589099884033,
                    0.2688807249069214,
                    0.24109148979187012,
                    0.1986130177974701,
                    0.17470164597034454,
                    0.15542688965797424,
                    0.1257234811782837,
                    0.12283861637115479,
                    0.10440323501825333,
                    0.0749613493680954,
                    0.03898068144917488
                ],
                "key_ts": [
                    0.012630756013095379,
                    -0.01159178651869297,
                    0.016802677884697914,
                    -0.004971655551344156,
                    -0.05514135584235191,
                    0.012124724686145782,
                    -0.054592639207839966,
                    0.007857227697968483,
                    0.0044214800000190735,
                    -0.08451921492815018,
                    0.06634587794542313,
                    -0.021607011556625366,
                    -0.025448309257626534,
                    0.02294054627418518,
                    -0.007308633532375097,
                    -0.04097820445895195,
                    0.0358409620821476,
                    0.021102337166666985,
                    -0.013176808133721352,
                    -0.0002736417227424681
                ]
            },
            "optimizer_parameters": {
                "y_lr": 0.05,
                "t_lr": 0.05,
                "scheduler_step_size": 10,
                "scheduler_gamma": 0.99
            }
        },
        "thickness_spline": {
            "parameters": {
                "key_xs": [
                    0.0,
                    0.10000000149011612,
                    0.5,
                    0.8999999761581421,
                    1.0
                ],
                "key_ys": [
                    0.0,
                    0.03999999910593033,
                    0.05000000074505806,
                    0.03999999910593033,
                    0.0
                ],
                "key_ts": [
                    0.07999999821186066,
                    0.019999999552965164,
                    0.0,
                    -0.019999999552965164,
                    -0.07999999821186066
                ]
            },
            "optimizer_parameters": {
                "y_lr": 0.05,
                "t_lr": 0.05,
                "scheduler_step_size": 10,
                "scheduler_gamma": 0.99
            }
        },
        "uv_reshape_bb": {
            "uv": [
                0.3352864583333333,
                0.001953125
            ],
            "size": [
                0.3138020833333333,
                0.3138020833333333
            ]
        }
    },
    "optimizer_parameters": {
        "uv_lr": 0.005,
        "dir_lr": 0.05,
        "scheduler_step_size": 10,
        "scheduler_gamma": 0.99
    }
}