{
    "parameters": {
        "origin_xy": [
            -1.2976109981536865,
            0.029466643929481506
        ],
        "origin_z": 0.0,
        "length_x": 3.3595681190490723,
        "length_y": 0.0,
        "length_z": 0.0,
        "uv_reshape_bb": {
            "uv": [
                0.001953125,
                0.001953125
            ],
            "size": [
                0.3138020833333333,
                0.3138020833333333
            ]
        },
        "top_spline": {
            "parameters": {
                "key_xs": [
                    0.0,
                    0.05263157933950424,
                    0.10526315867900848,
                    0.15789473056793213,
                    0.21052631735801697,
                    0.2631579041481018,
                    0.31578946113586426,
                    0.3684210479259491,
                    0.42105263471603394,
                    0.4736842215061188,
                    0.5263158082962036,
                    0.5789473652839661,
                    0.6315789222717285,
                    0.6842105388641357,
                    0.7368420958518982,
                    0.7894736528396606,
                    0.8421052694320679,
                    0.8947368264198303,
                    0.9473684430122375,
                    1.0
                ],
                "key_ys": [
                    0.19257044792175293,
                    0.1238560676574707,
                    0.14238256216049194,
                    0.2069854885339737,
                    0.36604589223861694,
                    0.5226028561592102,
                    0.6086476445198059,
                    0.6653351187705994,
                    0.7046040296554565,
                    0.7315595149993896,
                    0.751640796661377,
                    0.7566516995429993,
                    0.7447696328163147,
                    0.717776894569397,
                    0.643873393535614,
                    0.5144153237342834,
                    0.38148999214172363,
                    0.22359339892864227,
                    0.09200666099786758,
                    0.004517101217061281
                ],
                "key_ts": [
                    -0.1018131822347641,
                    -0.03118932619690895,
                    0.14911063015460968,
                    0.054699841886758804,
                    0.3162568509578705,
                    0.04694671556353569,
                    0.20115463435649872,
                    0.11341086030006409,
                    -0.17820541560649872,
                    0.2776772975921631,
                    -0.2544547915458679,
                    0.2539677023887634,
                    -0.2145613133907318,
                    0.06685540825128555,
                    -0.25275641679763794,
                    -0.159499853849411,
                    -0.2120620310306549,
                    0.007456752937287092,
                    -0.35958415269851685,
                    0.2229885309934616
                ]
            },
            "optimizer_parameters": {
                "y_lr": 0.05,
                "t_lr": 0.05,
                "scheduler_step_size": 10,
                "scheduler_gamma": 0.99
            }
        },
        "bottom_spline": {
            "parameters": {
                "key_xs": [
                    0.0,
                    0.05263157933950424,
                    0.10526315867900848,
                    0.15789473056793213,
                    0.21052631735801697,
                    0.2631579041481018,
                    0.31578946113586426,
                    0.3684210479259491,
                    0.42105263471603394,
                    0.4736842215061188,
                    0.5263158082962036,
                    0.5789473652839661,
                    0.6315789222717285,
                    0.6842105388641357,
                    0.7368420958518982,
                    0.7894736528396606,
                    0.8421052694320679,
                    0.8947368264198303,
                    0.9473684430122375,
                    1.0
                ],
                "key_ys": [
                    0.26622864603996277,
                    0.1385328769683838,
                    0.1375720202922821,
                    0.1846551150083542,
                    0.38990774750709534,
                    0.512644350528717,
                    0.5939645767211914,
                    0.652255654335022,
                    0.7337144017219543,
                    0.7503037452697754,
                    0.7421852350234985,
                    0.7327021360397339,
                    0.7085247039794922,
                    0.6814737319946289,
                    0.6007432341575623,
                    0.4937637448310852,
                    0.395035982131958,
                    0.2220059484243393,
                    0.07988740503787994,
                    -0.010894345119595528
                ],
                "key_ts": [
                    -0.07600037008523941,
                    -0.12474233657121658,
                    0.30090826749801636,
                    0.17835436761379242,
                    0.22175386548042297,
                    0.1697455197572708,
                    -0.018016232177615166,
                    0.252009779214859,
                    -0.154283806681633,
                    0.2525175213813782,
                    -0.26094773411750793,
                    -0.12236792594194412,
                    -0.14090780913829803,
                    -0.08904214948415756,
                    -0.1410687267780304,
                    -0.254880428314209,
                    0.06787331402301788,
                    -0.29859527945518494,
                    -0.09117667376995087,
                    0.10902480036020279
                ]
            },
            "optimizer_parameters": {
                "y_lr": 0.05,
                "t_lr": 0.05,
                "scheduler_step_size": 10,
                "scheduler_gamma": 0.99
            }
        },
        "thickness_spline": {
            "parameters": {
                "key_xs": [
                    0.0,
                    0.10000000149011612,
                    0.20000000298023224,
                    0.30000001192092896,
                    0.4000000059604645,
                    0.6000000238418579,
                    0.699999988079071,
                    0.800000011920929,
                    0.8999999761581421,
                    1.0
                ],
                "key_ys": [
                    0.0,
                    0.6000000238418579,
                    0.75,
                    0.8299999833106995,
                    0.8999999761581421,
                    0.8500000238418579,
                    0.75,
                    0.6000000238418579,
                    0.4000000059604645,
                    0.0
                ],
                "key_ts": [
                    5.0,
                    4.0,
                    2.0,
                    1.0,
                    0.10000000149011612,
                    -0.10000000149011612,
                    -0.5,
                    -0.699999988079071,
                    -1.0,
                    -4.0
                ]
            },
            "optimizer_parameters": {
                "y_lr": 0.05,
                "t_lr": 0.05,
                "scheduler_step_size": 10,
                "scheduler_gamma": 0.99
            }
        },