{
    "parameters": {
        "grow_mode": "double_sided",
        "wave_angle": -1.2000000476837158,
        "start_uv": [
            0.6484355330467224,
            0.28030797839164734
        ],
        "end_uv": [
            0.6633499264717102,
            0.3971514403820038
        ],
        "start_dir": [
            0.7956213355064392
        ],
        "end_dir": [
            -0.36122435331344604
        ],
        "init_height": 0.2,
        "sil_spline": {
            "parameters": {
                "key_xs": [
                    0.0,
                    0.05263157933950424,
                    0.10526315867900848,
                    0.15789473056793213,
                    0.21052631735801697,
                    0.2631579041481018,
                    0.31578946113586426,
                    0.3684210479259491,
                    0.42105263471603394,
                    0.4736842215061188,
                    0.5263158082962036,
                    0.5789473652839661,
                    0.6315789222717285,
                    0.6842105388641357,
                    0.7368420958518982,
                    0.7894736528396606,
                    0.8421052694320679,
                    0.8947368264198303,
                    0.9473684430122375,
                    1.0
                ],
                "key_ys": [
                    0.1304674595594406,
                    0.13236933946609497,
                    0.1436309665441513,
                    0.1528359055519104,
                    0.1626981645822525,
                    0.17065444588661194,
                    0.18110541999340057,
                    0.19355538487434387,
                    0.20841391384601593,
                    0.22469744086265564,
                    0.23808607459068298,
                    0.2541032135486603,
                    0.2697955369949341,
                    0.2831672728061676,
                    0.306544691324234,
                    0.32730981707572937,
                    0.34185072779655457,
                    0.3588467836380005,
                    0.404669851064682,
                    0.49949613213539124
                ],
                "key_ts": [
                    -0.0012674264144152403,
                    0.008759839460253716,
                    -0.0005631717504002154,
                    0.0019081649370491505,
                    0.00910358875989914,
                    0.0041059693321585655,
                    0.004172600340098143,
                    -0.0036406945437192917,
                    0.005507581401616335,
                    0.01246674358844757,
                    0.028057709336280823,
                    0.04223311319947243,
                    0.05302157253026962,
                    -0.024915866553783417,
                    0.011511044576764107,
                    -0.03717708960175514,
                    0.03320297226309776,
                    -0.039988089352846146,
                    0.03391425311565399,
                    -0.0008523254655301571
                ]
            },
            "optimizer_parameters": {
                "y_lr": 0.05,
                "t_lr": 0.05,
                "scheduler_step_size": 10,
                "scheduler_gamma": 0.99
            }
        },
        "thickness_spline": {
            "parameters": {
                "key_xs": [
                    0.0,
                    0.30000001192092896,
                    0.5,
                    0.699999988079071,
                    1.0
                ],
                "key_ys": [
                    0.0,
                    0.009999999776482582,
                    0.013000000268220901,
                    0.009999999776482582,
                    0.0
                ],
                "key_ts": [
                    0.009999999776482582,
                    0.0020000000949949026,
                    0.0,
                    -0.0020000000949949026,
                    -0.009999999776482582
                ]
            },
            "optimizer_parameters": {
                "y_lr": 0.05,
                "t_lr": 0.05,
                "scheduler_step_size": 10,
                "scheduler_gamma": 0.99
            }
        },
        "uv_reshape_bb": {
            "uv": [
                0.3352864583333333,
                0.3352864583333333
            ],
            "size": [
                0.3138020833333333,
                0.3138020833333333
            ]
        }
    },
    "optimizer_parameters": {
        "uv_lr": 0.005,
        "dir_lr": 0.05,
        "scheduler_step_size": 10,
        "scheduler_gamma": 0.99
    }
}