{
    "parameters": {
        "grow_mode": "single_sided",
        "wave_angle": -1.0471975803375244,
        "start_uv": [
            0.6943363547325134,
            -0.00193333113566041
        ],
        "end_uv": [
            0.4887612760066986,
            -0.0010021735215559602
        ],
        "start_dir": [
            -1.2946606874465942
        ],
        "end_dir": [
            -0.6176486015319824
        ],
        "init_height": 0.2,
        "sil_spline": {
            "parameters": {
                "key_xs": [
                    0.0,
                    0.05263157933950424,
                    0.10526315867900848,
                    0.15789473056793213,
                    0.21052631735801697,
                    0.2631579041481018,
                    0.31578946113586426,
                    0.3684210479259491,
                    0.42105263471603394,
                    0.4736842215061188,
                    0.5263158082962036,
                    0.5789473652839661,
                    0.6315789222717285,
                    0.6842105388641357,
                    0.7368420958518982,
                    0.7894736528396606,
                    0.8421052694320679,
                    0.8947368264198303,
                    0.9473684430122375,
                    1.0
                ],
                "key_ys": [
                    0.1448952555656433,
                    0.17338061332702637,
                    -0.0012914674589410424,
                    0.14759065210819244,
                    0.14575937390327454,
                    0.13675622642040253,
                    0.1412084847688675,
                    0.14181356132030487,
                    0.13877470791339874,
                    0.13071276247501373,
                    0.12677031755447388,
                    0.13090452551841736,
                    0.13506533205509186,
                    0.1362866759300232,
                    0.141852468252182,
                    0.14478978514671326,
                    0.14984658360481262,
                    0.14753317832946777,
                    0.16699539124965668,
                    0.017007455229759216
                ],
                "key_ts": [
                    -0.00010687703615985811,
                    -0.005227863322943449,
                    0.008071420714259148,
                    -0.017521889880299568,
                    0.025024862959980965,
                    -0.042266301810741425,
                    0.04261697828769684,
                    -0.045963846147060394,
                    0.008983264677226543,
                    0.014949622564017773,
                    -0.048193350434303284,
                    -0.021269675344228745,
                    -0.020839935168623924,
                    0.040815018117427826,
                    0.029493074864149094,
                    0.02143397368490696,
                    0.023934686556458473,
                    -0.04841683432459831,
                    0.004474942572414875,
                    0.019329775124788284
                ]
            },
            "optimizer_parameters": {
                "y_lr": 0.05,
                "t_lr": 0.05,
                "scheduler_step_size": 10,
                "scheduler_gamma": 0.99
            }
        },
        "thickness_spline": {
            "parameters": {
                "key_xs": [
                    0.0,
                    1.0
                ],
                "key_ys": [
                    0.0,
                    0.0
                ],
                "key_ts": [
                    0.0,
                    0.0
                ]
            },
            "optimizer_parameters": {
                "y_lr": 0,
                "t_lr": 0,
                "scheduler_step_size": 0,
                "scheduler_gamma": 0
            }
        },
        "uv_reshape_bb": {
            "uv": [
                0.3352864583333333,
                0.6686197916666666
            ],
            "size": [
                0.3138020833333333,
                0.3138020833333333
            ]
        }
    },
    "optimizer_parameters": {
        "uv_lr": 0.005,
        "dir_lr": 0.05,
        "scheduler_step_size": 10,
        "scheduler_gamma": 0.99
    }
}