{
    "0_anal_fin_mask.png": [
        [
            0.39562406930193594,
            0.4205782468490248
        ],
        [
            0.2525688122652471,
            0.5128371069445602
        ]
    ],
    "0_body_mask.png": [
        [
            0.16398247958708856,
            0.5597315775264278
        ],
        [
            0.8199573566834464,
            0.47000792719379647
        ]
    ],
    "0_caudal_fin_mask.png": [
        [
            0.1635765114022576,
            0.5063072099716044
        ],
        [
            0.16282807258209664,
            0.62381210473688
        ]
    ],
    "0_dorsal_fin_mask.png": [
        [
            0.3105496504117907,
            0.5973604431572812
        ],
        [
            0.6727080063273331,
            0.6203720179658332
        ]
    ],
    "0_pectoral_fin_mask.png": [
        [
            0.6259813415385234,
            0.377587753697328
        ],
        [
            0.604641556996743,
            0.3760413924986482
        ]
    ],
    "0_pelvic_fin_mask.png": [
        [
            0.552065276241632,
            0.3683095865052495
        ],
        [
            0.48031411662289236,
            0.37696920921785604
        ]
    ]
}