{
    "parameters": {
        "start_uv": [
            0.18279938399791718,
            0.0
        ],
        "end_uv": [
            0.09424730390310287,
            0.0
        ],
        "start_dir": [
            -0.5005708336830139
        ],
        "end_dir": [
            -0.710262656211853
        ],
        "init_height": 0.2,
        "sil_spline": {
            "parameters": {
                "key_xs": [
                    0.0,
                    0.05263157933950424,
                    0.10526315867900848,
                    0.15789473056793213,
                    0.21052631735801697,
                    0.2631579041481018,
                    0.31578946113586426,
                    0.3684210479259491,
                    0.42105263471603394,
                    0.4736842215061188,
                    0.5263158082962036,
                    0.5789473652839661,
                    0.6315789222717285,
                    0.6842105388641357,
                    0.7368420958518982,
                    0.7894736528396606,
                    0.8421052694320679,
                    0.8947368264198303,
                    0.9473684430122375,
                    1.0
                ],
                "key_ys": [
                    0.2626611590385437,
                    0.5743289589881897,
                    0.7581628561019897,
                    0.7509395480155945,
                    0.7316533327102661,
                    0.7090993523597717,
                    0.6892361640930176,
                    0.7167354226112366,
                    0.6925287842750549,
                    0.6703742146492004,
                    0.6479581594467163,
                    0.6362088918685913,
                    0.625979483127594,
                    0.6260656714439392,
                    0.6024132966995239,
                    0.5836700797080994,
                    0.5403343439102173,
                    0.5023553371429443,
                    0.3917912244796753,
                    0.3640958368778229
                ],
                "key_ts": [
                    -2.8567798137664795,
                    5.036248683929443,
                    -1.8735127449035645,
                    -0.619617223739624,
                    -0.2982017993927002,
                    -0.1244565024971962,
                    -0.3115825951099396,
                    -0.3080157935619354,
                    -0.36040180921554565,
                    -0.4140841066837311,
                    -0.4029414653778076,
                    -0.5216567516326904,
                    1.0845733880996704,
                    -0.5482894778251648,
                    -0.4625978469848633,
                    -0.292003333568573,
                    -0.014351929537951946,
                    -2.193387269973755,
                    -0.07989104092121124,
                    -0.41723349690437317
                ]
            },
            "optimizer_parameters": {
                "y_lr": 0.05,
                "t_lr": 0.05,
                "scheduler_step_size": 20,
                "scheduler_gamma": 0.99
            }
        }
    },
    "optimizer_parameters": {
        "uv_lr": 0.005,
        "dir_lr": 0.005,
        "scheduler_step_size": 20,
        "scheduler_gamma": 0.99
    }
}