{
    "parameters": {
        "start_uv": [
            0.0,
            -7.153792012104532e-06
        ],
        "end_uv": [
            0.0,
            0.9099295139312744
        ],
        "start_dir": [
            0.17952458560466766
        ],
        "end_dir": [
            -0.5067390203475952
        ],
        "init_height": 0.2,
        "sil_spline": {
            "parameters": {
                "key_xs": [
                    0.0,
                    0.05263157933950424,
                    0.10526315867900848,
                    0.15789473056793213,
                    0.21052631735801697,
                    0.2631579041481018,
                    0.31578946113586426,
                    0.3684210479259491,
                    0.42105263471603394,
                    0.4736842215061188,
                    0.5263158082962036,
                    0.5789473652839661,
                    0.6315789222717285,
                    0.6842105388641357,
                    0.7368420958518982,
                    0.7894736528396606,
                    0.8421052694320679,
                    0.8947368264198303,
                    0.9473684430122375,
                    1.0
                ],
                "key_ys": [
                    1.2880983352661133,
                    1.0158244371414185,
                    0.9185537099838257,
                    0.8423665165901184,
                    0.7133799195289612,
                    0.7139156460762024,
                    0.4573633372783661,
                    0.5080298781394958,
                    1.1438559293746948,
                    1.3951246738433838,
                    1.5335392951965332,
                    1.6525795459747314,
                    1.757729172706604,
                    1.901366114616394,
                    1.8841742277145386,
                    1.735676884651184,
                    1.5561723709106445,
                    1.3791004419326782,
                    1.04747474193573,
                    0.7263529896736145
                ],
                "key_ts": [
                    -0.3175952732563019,
                    1.9173495769500732,
                    -1.506208896636963,
                    -0.9648113250732422,
                    1.124895691871643,
                    0.839650571346283,
                    2.436258316040039,
                    1.9073752164840698,
                    1.686220407485962,
                    1.934747576713562,
                    1.4760727882385254,
                    2.099882125854492,
                    1.3103455305099487,
                    -1.308545708656311,
                    -2.146574020385742,
                    -1.5289127826690674,
                    -0.4101508557796478,
                    -0.4077781140804291,
                    -3.220482110977173,
                    -0.23240020871162415
                ]
            },
            "optimizer_parameters": {
                "y_lr": 0.05,
                "t_lr": 0.05,
                "scheduler_step_size": 20,
                "scheduler_gamma": 0.99
            }
        }
    },
    "optimizer_parameters": {
        "uv_lr": 0.005,
        "dir_lr": 0.005,
        "scheduler_step_size": 20,
        "scheduler_gamma": 0.99
    }
}