{
    "parameters": {
        "start_uv": [
            0.057613421231508255,
            1.0
        ],
        "end_uv": [
            0.48674964904785156,
            1.0
        ],
        "start_dir": [
            -0.14800873398780823
        ],
        "end_dir": [
            0.5238845348358154
        ],
        "init_height": 0.2,
        "sil_spline": {
            "parameters": {
                "key_xs": [
                    0.0,
                    0.05263157933950424,
                    0.10526315867900848,
                    0.15789473056793213,
                    0.21052631735801697,
                    0.2631579041481018,
                    0.31578946113586426,
                    0.3684210479259491,
                    0.42105263471603394,
                    0.4736842215061188,
                    0.5263158082962036,
                    0.5789473652839661,
                    0.6315789222717285,
                    0.6842105388641357,
                    0.7368420958518982,
                    0.7894736528396606,
                    0.8421052694320679,
                    0.8947368264198303,
                    0.9473684430122375,
                    1.0
                ],
                "key_ys": [
                    0.3926183581352234,
                    0.30845633149147034,
                    0.3339030146598816,
                    0.3644929528236389,
                    0.38808494806289673,
                    0.4006047248840332,
                    0.3971921503543854,
                    0.4243617355823517,
                    0.7042174935340881,
                    0.680272102355957,
                    0.6545708775520325,
                    0.668673038482666,
                    0.6231696009635925,
                    0.6851363778114319,
                    0.5762842297554016,
                    0.4912126958370209,
                    0.5271368622779846,
                    0.4841500520706177,
                    0.45438531041145325,
                    0.3232845067977905
                ],
                "key_ts": [
                    -1.4943791627883911,
                    2.9245591163635254,
                    1.3662320375442505,
                    -0.35768699645996094,
                    -0.17367148399353027,
                    0.7882003784179688,
                    0.4671303927898407,
                    2.2515132427215576,
                    0.2450742870569229,
                    -1.854649543762207,
                    0.7554836273193359,
                    -0.41626423597335815,
                    0.08680328726768494,
                    -0.5608815550804138,
                    -1.6316895484924316,
                    -3.54376220703125,
                    3.5531275272369385,
                    -1.1632697582244873,
                    1.3454504013061523,
                    0.08798789232969284
                ]
            },
            "optimizer_parameters": {
                "y_lr": 0.05,
                "t_lr": 0.05,
                "scheduler_step_size": 20,
                "scheduler_gamma": 0.99
            }
        }
    },
    "optimizer_parameters": {
        "uv_lr": 0.005,
        "dir_lr": 0.005,
        "scheduler_step_size": 20,
        "scheduler_gamma": 0.99
    }
}