{
    "parameters": {
        "start_uv": [
            0.4851299822330475,
            0.2737537622451782
        ],
        "end_uv": [
            0.5651299953460693,
            0.3965812623500824
        ],
        "start_dir": [
            0.3677138090133667
        ],
        "end_dir": [
            0.6501374244689941
        ],
        "init_height": 0.2,
        "sil_spline": {
            "parameters": {
                "key_xs": [
                    0.0,
                    0.05263157933950424,
                    0.10526315867900848,
                    0.15789473056793213,
                    0.21052631735801697,
                    0.2631579041481018,
                    0.31578946113586426,
                    0.3684210479259491,
                    0.42105263471603394,
                    0.4736842215061188,
                    0.5263158082962036,
                    0.5789473652839661,
                    0.6315789222717285,
                    0.6842105388641357,
                    0.7368420958518982,
                    0.7894736528396606,
                    0.8421052694320679,
                    0.8947368264198303,
                    0.9473684430122375,
                    1.0
                ],
                "key_ys": [
                    0.39452505111694336,
                    0.33513858914375305,
                    0.3793417811393738,
                    0.38329699635505676,
                    0.3850141167640686,
                    0.3870267868041992,
                    0.39141929149627686,
                    0.39850255846977234,
                    0.40248095989227295,
                    0.41695457696914673,
                    0.4237992465496063,
                    0.42600780725479126,
                    0.4414809048175812,
                    0.4508471190929413,
                    0.45490923523902893,
                    0.4657198488712311,
                    0.4755391478538513,
                    0.4816364049911499,
                    0.488985538482666,
                    0.49957209825515747
                ],
                "key_ts": [
                    -2.270906686782837,
                    3.3358869552612305,
                    0.17350755631923676,
                    0.08380850404500961,
                    0.021597156301140785,
                    0.011037856340408325,
                    -0.17901337146759033,
                    -0.34592461585998535,
                    0.13219283521175385,
                    0.1346101015806198,
                    0.16128142178058624,
                    0.22974450886249542,
                    0.06606204062700272,
                    0.07018205523490906,
                    0.12651000916957855,
                    0.10838329792022705,
                    0.10550370067358017,
                    0.04127323627471924,
                    0.08526219427585602,
                    0.12387978285551071
                ]
            },
            "optimizer_parameters": {
                "y_lr": 0.05,
                "t_lr": 0.05,
                "scheduler_step_size": 20,
                "scheduler_gamma": 0.99
            }
        }
    },
    "optimizer_parameters": {
        "uv_lr": 0.005,
        "dir_lr": 0.005,
        "scheduler_step_size": 20,
        "scheduler_gamma": 0.99
    }
}