{
    "parameters": {
        "start_uv": [
            0.5114830732345581,
            0.0
        ],
        "end_uv": [
            0.3236033618450165,
            0.0
        ],
        "start_dir": [
            -0.5690569877624512
        ],
        "end_dir": [
            -0.7477107644081116
        ],
        "init_height": 0.2,
        "sil_spline": {
            "parameters": {
                "key_xs": [
                    0.0,
                    0.05263157933950424,
                    0.10526315867900848,
                    0.15789473056793213,
                    0.21052631735801697,
                    0.2631579041481018,
                    0.31578946113586426,
                    0.3684210479259491,
                    0.42105263471603394,
                    0.4736842215061188,
                    0.5263158082962036,
                    0.5789473652839661,
                    0.6315789222717285,
                    0.6842105388641357,
                    0.7368420958518982,
                    0.7894736528396606,
                    0.8421052694320679,
                    0.8947368264198303,
                    0.9473684430122375,
                    1.0
                ],
                "key_ys": [
                    0.49737223982810974,
                    0.3497805595397949,
                    0.43918073177337646,
                    0.39514610171318054,
                    0.44290128350257874,
                    0.491915225982666,
                    0.6508830189704895,
                    0.6956597566604614,
                    0.9340336918830872,
                    0.9029697179794312,
                    0.883144736289978,
                    0.8470746874809265,
                    0.8155868053436279,
                    0.7835747599601746,
                    0.7317814826965332,
                    0.6884976029396057,
                    0.6565141081809998,
                    0.5852546691894531,
                    0.5030829906463623,
                    0.42434632778167725
                ],
                "key_ts": [
                    -3.6309361457824707,
                    3.5934109687805176,
                    0.9805248975753784,
                    -0.45372626185417175,
                    1.1430108547210693,
                    6.005773544311523,
                    0.19336171448230743,
                    -3.693218469619751,
                    -2.10680890083313,
                    -0.5396424531936646,
                    -0.24873650074005127,
                    -0.3741590976715088,
                    -0.6459504961967468,
                    -1.028570294380188,
                    -0.31186795234680176,
                    -1.6835968494415283,
                    -0.6693790555000305,
                    -1.6652302742004395,
                    -2.1828320026397705,
                    0.8378610610961914
                ]
            },
            "optimizer_parameters": {
                "y_lr": 0.05,
                "t_lr": 0.05,
                "scheduler_step_size": 20,
                "scheduler_gamma": 0.99
            }
        }
    },
    "optimizer_parameters": {
        "uv_lr": 0.005,
        "dir_lr": 0.005,
        "scheduler_step_size": 20,
        "scheduler_gamma": 0.99
    }
}