{
    "parameters": {
        "grow_mode": "single_sided",
        "wave_angle": -1.0471975803375244,
        "start_uv": [
            0.2197662591934204,
            -0.00036621326580643654
        ],
        "end_uv": [
            0.0796569287776947,
            -0.0001773601834429428
        ],
        "start_dir": [
            0.24572521448135376
        ],
        "end_dir": [
            -1.8505141735076904
        ],
        "init_height": 0.2,
        "sil_spline": {
            "parameters": {
                "key_xs": [
                    0.0,
                    0.05263157933950424,
                    0.10526315867900848,
                    0.15789473056793213,
                    0.21052631735801697,
                    0.2631579041481018,
                    0.31578946113586426,
                    0.3684210479259491,
                    0.42105263471603394,
                    0.4736842215061188,
                    0.5263158082962036,
                    0.5789473652839661,
                    0.6315789222717285,
                    0.6842105388641357,
                    0.7368420958518982,
                    0.7894736528396606,
                    0.8421052694320679,
                    0.8947368264198303,
                    0.9473684430122375,
                    1.0
                ],
                "key_ys": [
                    0.05374060571193695,
                    0.27734091877937317,
                    0.3202488124370575,
                    0.34102362394332886,
                    0.3409746587276459,
                    0.3402658998966217,
                    0.33707568049430847,
                    0.3210994601249695,
                    0.30552786588668823,
                    0.2910740077495575,
                    0.2761809825897217,
                    0.24369968473911285,
                    0.20386050641536713,
                    0.16221480071544647,
                    0.12951144576072693,
                    0.009223184548318386,
                    0.031603459268808365,
                    -0.0009423485025763512,
                    -0.07785455137491226,
                    -0.19614312052726746
                ],
                "key_ts": [
                    0.009241294115781784,
                    -0.013574488461017609,
                    0.00216172868385911,
                    0.03310462087392807,
                    -0.01955719292163849,
                    0.007319694850593805,
                    -0.016150685027241707,
                    -0.0008429400040768087,
                    -0.03149150684475899,
                    -0.02703256905078888,
                    -0.02933053858578205,
                    -0.0260874442756176,
                    -0.02906816266477108,
                    -0.0263686440885067,
                    -0.016713449731469154,
                    -0.018719537183642387,
                    -0.00789271667599678,
                    -0.002243549795821309,
                    -0.005446916911751032,
                    0.004316125065088272
                ]
            },
            "optimizer_parameters": {
                "y_lr": 0.05,
                "t_lr": 0.05,
                "scheduler_step_size": 10,
                "scheduler_gamma": 0.99
            }
        },
        "thickness_spline": {
            "parameters": {
                "key_xs": [
                    0.0,
                    0.30000001192092896,
                    0.5,
                    0.699999988079071,
                    1.0
                ],
                "key_ys": [
                    0.0,
                    0.029999999329447746,
                    0.03999999910593033,
                    0.029999999329447746,
                    0.0
                ],
                "key_ts": [
                    0.05000000074505806,
                    0.009999999776482582,
                    0.0,
                    -0.009999999776482582,
                    -0.05000000074505806
                ]
            },
            "optimizer_parameters": {
                "y_lr": 0.05,
                "t_lr": 0.05,
                "scheduler_step_size": 10,
                "scheduler_gamma": 0.99
            }
        },
        "uv_reshape_bb": {
            "uv": [
                0.001953125,
                0.3352864583333333
            ],
            "size": [
                0.3138020833333333,
                0.3138020833333333
            ]
        }
    },
    "optimizer_parameters": {
        "uv_lr": 0.005,
        "dir_lr": 0.05,
        "scheduler_step_size": 10,
        "scheduler_gamma": 0.99
    }
}