{
    "parameters": {
        "grow_mode": "single_sided",
        "wave_angle": -1.0471975803375244,
        "start_uv": [
            -0.00046194699825719,
            -0.00010931400902336463
        ],
        "end_uv": [
            -0.010007956996560097,
            1.0001592636108398
        ],
        "start_dir": [
            1.0036412477493286
        ],
        "end_dir": [
            -0.5502795577049255
        ],
        "init_height": 0.2,
        "sil_spline": {
            "parameters": {
                "key_xs": [
                    0.0,
                    0.05263157933950424,
                    0.10526315867900848,
                    0.15789473056793213,
                    0.21052631735801697,
                    0.2631579041481018,
                    0.31578946113586426,
                    0.3684210479259491,
                    0.42105263471603394,
                    0.4736842215061188,
                    0.5263158082962036,
                    0.5789473652839661,
                    0.6315789222717285,
                    0.6842105388641357,
                    0.7368420958518982,
                    0.7894736528396606,
                    0.8421052694320679,
                    0.8947368264198303,
                    0.9473684430122375,
                    1.0
                ],
                "key_ys": [
                    0.3361240029335022,
                    0.6776188015937805,
                    0.8409917950630188,
                    0.6371363401412964,
                    0.499116450548172,
                    0.4626798629760742,
                    0.42693865299224854,
                    0.41013777256011963,
                    0.39660772681236267,
                    0.39581945538520813,
                    0.39497241377830505,
                    0.4008955657482147,
                    0.41761448979377747,
                    0.44174936413764954,
                    0.4767679274082184,
                    0.5188772678375244,
                    0.5698679089546204,
                    0.6311577558517456,
                    0.707756757736206,
                    1.0373687744140625
                ],
                "key_ts": [
                    0.015935981646180153,
                    0.004830240271985531,
                    0.04499632120132446,
                    -0.06235790252685547,
                    0.055045243352651596,
                    -0.0357297845184803,
                    -0.011508932337164879,
                    -0.033115535974502563,
                    0.008030889555811882,
                    -0.05995655432343483,
                    0.03762666881084442,
                    -0.021707449108362198,
                    0.043734800070524216,
                    0.050619132816791534,
                    0.04467103257775307,
                    0.04748021066188812,
                    0.05251319706439972,
                    0.04601316526532173,
                    -0.015457743778824806,
                    0.005547470413148403
                ]
            },
            "optimizer_parameters": {
                "y_lr": 0.05,
                "t_lr": 0.05,
                "scheduler_step_size": 10,
                "scheduler_gamma": 0.99
            }
        },
        "thickness_spline": {
            "parameters": {
                "key_xs": [
                    0.0,
                    0.30000001192092896,
                    0.5,
                    0.699999988079071,
                    1.0
                ],
                "key_ys": [
                    0.0,
                    0.009999999776482582,
                    0.012000000104308128,
                    0.009999999776482582,
                    0.0
                ],
                "key_ts": [
                    0.009999999776482582,
                    0.0020000000949949026,
                    0.0,
                    -0.0020000000949949026,
                    -0.009999999776482582
                ]
            },
            "optimizer_parameters": {
                "y_lr": 0.05,
                "t_lr": 0.05,
                "scheduler_step_size": 10,
                "scheduler_gamma": 0.99
            }
        },
        "uv_reshape_bb": {
            "uv": [
                0.001953125,
                0.6686197916666666
            ],
            "size": [
                0.3138020833333333,
                0.3138020833333333
            ]
        }
    },
    "optimizer_parameters": {
        "uv_lr": 0.005,
        "dir_lr": 0.05,
        "scheduler_step_size": 10,
        "scheduler_gamma": 0.99
    }
}