{
    "parameters": {
        "grow_mode": "single_sided",
        "wave_angle": -1.0471975803375244,
        "start_uv": [
            0.16943570971488953,
            1.0000615119934082
        ],
        "end_uv": [
            0.5123598575592041,
            1.0036884546279907
        ],
        "start_dir": [
            0.723884642124176
        ],
        "end_dir": [
            -0.2191951721906662
        ],
        "init_height": 0.2,
        "sil_spline": {
            "parameters": {
                "key_xs": [
                    0.0,
                    0.05263157933950424,
                    0.10526315867900848,
                    0.15789473056793213,
                    0.21052631735801697,
                    0.2631579041481018,
                    0.31578946113586426,
                    0.3684210479259491,
                    0.42105263471603394,
                    0.4736842215061188,
                    0.5263158082962036,
                    0.5789473652839661,
                    0.6315789222717285,
                    0.6842105388641357,
                    0.7368420958518982,
                    0.7894736528396606,
                    0.8421052694320679,
                    0.8947368264198303,
                    0.9473684430122375,
                    1.0
                ],
                "key_ys": [
                    0.24276946485042572,
                    0.28062760829925537,
                    0.3054232895374298,
                    0.3285501301288605,
                    0.3486931025981903,
                    0.3670044541358948,
                    0.39712172746658325,
                    0.4209594130516052,
                    0.4432840347290039,
                    0.4708860516548157,
                    0.4907625615596771,
                    0.515997588634491,
                    0.5497046113014221,
                    0.5635865330696106,
                    0.5738844871520996,
                    0.5694692134857178,
                    0.594734787940979,
                    0.5992602109909058,
                    0.6089057922363281,
                    0.35397636890411377
                ],
                "key_ts": [
                    0.002217852510511875,
                    0.03768671303987503,
                    -0.03179769217967987,
                    0.052189722657203674,
                    -0.004820066504180431,
                    0.02062387764453888,
                    0.01345983799546957,
                    0.0062990253791213036,
                    0.062107689678668976,
                    -0.015521014109253883,
                    0.027735523879528046,
                    0.06975235044956207,
                    0.020296888425946236,
                    -0.0633493959903717,
                    0.029107630252838135,
                    0.050084665417671204,
                    -0.07462743669748306,
                    0.05195792019367218,
                    -0.0330222062766552,
                    -0.0031615206971764565
                ]
            },
            "optimizer_parameters": {
                "y_lr": 0.05,
                "t_lr": 0.05,
                "scheduler_step_size": 10,
                "scheduler_gamma": 0.99
            }
        },
        "thickness_spline": {
            "parameters": {
                "key_xs": [
                    0.0,
                    0.10000000149011612,
                    0.5,
                    0.8999999761581421,
                    1.0
                ],
                "key_ys": [
                    0.0,
                    0.03999999910593033,
                    0.05000000074505806,
                    0.03999999910593033,
                    0.0
                ],
                "key_ts": [
                    0.07999999821186066,
                    0.019999999552965164,
                    0.0,
                    -0.019999999552965164,
                    -0.07999999821186066
                ]
            },
            "optimizer_parameters": {
                "y_lr": 0.05,
                "t_lr": 0.05,
                "scheduler_step_size": 10,
                "scheduler_gamma": 0.99
            }
        },
        "uv_reshape_bb": {
            "uv": [
                0.3352864583333333,
                0.001953125
            ],
            "size": [
                0.3138020833333333,
                0.3138020833333333
            ]
        }
    },
    "optimizer_parameters": {
        "uv_lr": 0.005,
        "dir_lr": 0.05,
        "scheduler_step_size": 10,
        "scheduler_gamma": 0.99
    }
}