{
    "parameters": {
        "origin_xy": [
            -1.1364926099777222,
            0.026563845574855804
        ],
        "origin_z": 0.0,
        "length_x": 2.890697956085205,
        "length_y": 0.0,
        "length_z": 0.0,
        "uv_reshape_bb": {
            "uv": [
                0.001953125,
                0.001953125
            ],
            "size": [
                0.3138020833333333,
                0.3138020833333333
            ]
        },
        "top_spline": {
            "parameters": {
                "key_xs": [
                    0.0,
                    0.05263157933950424,
                    0.10526315867900848,
                    0.15789473056793213,
                    0.21052631735801697,
                    0.2631579041481018,
                    0.31578946113586426,
                    0.3684210479259491,
                    0.42105263471603394,
                    0.4736842215061188,
                    0.5263158082962036,
                    0.5789473652839661,
                    0.6315789222717285,
                    0.6842105388641357,
                    0.7368420958518982,
                    0.7894736528396606,
                    0.8421052694320679,
                    0.8947368264198303,
                    0.9473684430122375,
                    1.0
                ],
                "key_ys": [
                    0.2698417603969574,
                    0.2863883078098297,
                    0.3298361003398895,
                    0.3888413608074188,
                    0.4786384403705597,
                    0.5419018864631653,
                    0.6021398901939392,
                    0.6522607803344727,
                    0.6833638548851013,
                    0.6925008893013,
                    0.6791340112686157,
                    0.6495527029037476,
                    0.6151338219642639,
                    0.5736162662506104,
                    0.5174177885055542,
                    0.43970558047294617,
                    0.35724523663520813,
                    0.29009342193603516,
                    0.10428734123706818,
                    0.06585392355918884
                ],
                "key_ts": [
                    -0.10179844498634338,
                    0.08832313865423203,
                    0.1120918020606041,
                    0.24058406054973602,
                    0.08885534852743149,
                    0.13340960443019867,
                    0.20389357209205627,
                    0.07348518818616867,
                    0.1863289177417755,
                    0.136952206492424,
                    -0.3054758906364441,
                    -0.04259704798460007,
                    -0.19461004436016083,
                    -0.08418314903974533,
                    -0.17493478953838348,
                    -0.18979820609092712,
                    -0.18436609208583832,
                    0.025413375347852707,
                    -0.31586503982543945,
                    0.18448506295681
                ]
            },
            "optimizer_parameters": {
                "y_lr": 0.05,
                "t_lr": 0.05,
                "scheduler_step_size": 10,
                "scheduler_gamma": 0.99
            }
        },
        "bottom_spline": {
            "parameters": {
                "key_xs": [
                    0.0,
                    0.05263157933950424,
                    0.10526315867900848,
                    0.15789473056793213,
                    0.21052631735801697,
                    0.2631579041481018,
                    0.31578946113586426,
                    0.3684210479259491,
                    0.42105263471603394,
                    0.4736842215061188,
                    0.5263158082962036,
                    0.5789473652839661,
                    0.6315789222717285,
                    0.6842105388641357,
                    0.7368420958518982,
                    0.7894736528396606,
                    0.8421052694320679,
                    0.8947368264198303,
                    0.9473684430122375,
                    1.0
                ],
                "key_ys": [
                    -0.11212140321731567,
                    -0.06612518429756165,
                    0.056481268256902695,
                    0.13376829028129578,
                    0.22948753833770752,
                    0.308747798204422,
                    0.39759963750839233,
                    0.46954604983329773,
                    0.5573951005935669,
                    0.6308216452598572,
                    0.6697892546653748,
                    0.6865605711936951,
                    0.6630314588546753,
                    0.6041358709335327,
                    0.5575082898139954,
                    0.4967798590660095,
                    0.4332679808139801,
                    0.33108189702033997,
                    0.20909826457500458,
                    0.13540372252464294
                ],
                "key_ts": [
                    -0.14897789061069489,
                    0.30909860134124756,
                    0.023914232850074768,
                    0.2667331099510193,
                    0.04580485820770264,
                    0.24341775476932526,
                    0.17498038709163666,
                    0.1291690468788147,
                    0.2983408272266388,
                    -0.09043179452419281,
                    0.2253882735967636,
                    -0.3330766260623932,
                    -0.17154757678508759,
                    0.04605896398425102,
                    -0.1685040444135666,
                    -0.23055019974708557,
                    0.027700867503881454,
                    -0.3099324405193329,
                    0.07003850489854813,
                    0.01491047628223896
                ]
            },
            "optimizer_parameters": {
                "y_lr": 0.05,
                "t_lr": 0.05,
                "scheduler_step_size": 10,
                "scheduler_gamma": 0.99
            }
        },
        "thickness_spline": {
            "parameters": {
                "key_xs": [
                    0.0,
                    0.10000000149011612,
                    0.20000000298023224,
                    0.30000001192092896,
                    0.4000000059604645,
                    0.6000000238418579,
                    0.699999988079071,
                    0.800000011920929,
                    0.8999999761581421,
                    1.0
                ],
                "key_ys": [
                    0.0,
                    0.6000000238418579,
                    0.75,
                    0.8299999833106995,
                    0.8999999761581421,
                    0.8500000238418579,
                    0.75,
                    0.6000000238418579,
                    0.4000000059604645,
                    0.0
                ],
                "key_ts": [
                    5.0,
                    4.0,
                    2.0,
                    1.0,
                    0.10000000149011612,
                    -0.10000000149011612,
                    -0.5,
                    -0.699999988079071,
                    -1.0,
                    -4.0
                ]
            },
            "optimizer_parameters": {
                "y_lr": 0.05,
                "t_lr": 0.05,
                "scheduler_step_size": 10,
                "scheduler_gamma": 0.99
            }
        },