{
    "parameters": {
        "grow_mode": "double_sided",
        "wave_angle": -1.2000000476837158,
        "start_uv": [
            0.5364829301834106,
            0.36554983258247375
        ],
        "end_uv": [
            0.5397294163703918,
            0.5364633798599243
        ],
        "start_dir": [
            0.6188034415245056
        ],
        "end_dir": [
            -0.058194600045681
        ],
        "init_height": 0.2,
        "sil_spline": {
            "parameters": {
                "key_xs": [
                    0.0,
                    0.05263157933950424,
                    0.10526315867900848,
                    0.15789473056793213,
                    0.21052631735801697,
                    0.2631579041481018,
                    0.31578946113586426,
                    0.3684210479259491,
                    0.42105263471603394,
                    0.4736842215061188,
                    0.5263158082962036,
                    0.5789473652839661,
                    0.6315789222717285,
                    0.6842105388641357,
                    0.7368420958518982,
                    0.7894736528396606,
                    0.8421052694320679,
                    0.8947368264198303,
                    0.9473684430122375,
                    1.0
                ],
                "key_ys": [
                    0.15844154357910156,
                    0.24225415289402008,
                    0.28321710228919983,
                    0.34057092666625977,
                    0.40788930654525757,
                    0.4961753189563751,
                    0.5168287754058838,
                    0.5211276412010193,
                    0.5128266215324402,
                    0.5069860219955444,
                    0.5020096898078918,
                    0.4989878833293915,
                    0.4907562732696533,
                    0.47683537006378174,
                    0.4631536602973938,
                    0.4495261013507843,
                    0.4432477653026581,
                    0.43649354577064514,
                    0.43997859954833984,
                    0.17817255854606628
                ],
                "key_ts": [
                    -0.0015201191417872906,
                    0.018025051802396774,
                    0.012535396963357925,
                    -0.030246218666434288,
                    0.0022204257547855377,
                    0.041460245847702026,
                    -0.026252835988998413,
                    -0.022738218307495117,
                    -0.007343286648392677,
                    -0.011683282442390919,
                    -0.01800360716879368,
                    0.03575980290770531,
                    -0.04753416031599045,
                    -0.04375239461660385,
                    0.0014461674727499485,
                    -0.05163652449846268,
                    0.03673462197184563,
                    -0.0028152894228696823,
                    -0.016917875036597252,
                    0.01128627359867096
                ]
            },
            "optimizer_parameters": {
                "y_lr": 0.05,
                "t_lr": 0.05,
                "scheduler_step_size": 10,
                "scheduler_gamma": 0.99
            }
        },
        "thickness_spline": {
            "parameters": {
                "key_xs": [
                    0.0,
                    0.30000001192092896,
                    0.5,
                    0.699999988079071,
                    1.0
                ],
                "key_ys": [
                    0.0,
                    0.009999999776482582,
                    0.013000000268220901,
                    0.009999999776482582,
                    0.0
                ],
                "key_ts": [
                    0.009999999776482582,
                    0.0020000000949949026,
                    0.0,
                    -0.0020000000949949026,
                    -0.009999999776482582
                ]
            },
            "optimizer_parameters": {
                "y_lr": 0.05,
                "t_lr": 0.05,
                "scheduler_step_size": 10,
                "scheduler_gamma": 0.99
            }
        },
        "uv_reshape_bb": {
            "uv": [
                0.3352864583333333,
                0.3352864583333333
            ],
            "size": [
                0.3138020833333333,
                0.3138020833333333
            ]
        }
    },
    "optimizer_parameters": {
        "uv_lr": 0.005,
        "dir_lr": 0.05,
        "scheduler_step_size": 10,
        "scheduler_gamma": 0.99
    }
}