{
    "parameters": {
        "grow_mode": "single_sided",
        "wave_angle": -1.0471975803375244,
        "start_uv": [
            0.565409243106842,
            -0.0004800281021744013
        ],
        "end_uv": [
            0.4364783763885498,
            -0.003807813860476017
        ],
        "start_dir": [
            0.28602778911590576
        ],
        "end_dir": [
            -0.2943289875984192
        ],
        "init_height": 0.2,
        "sil_spline": {
            "parameters": {
                "key_xs": [
                    0.0,
                    0.05263157933950424,
                    0.10526315867900848,
                    0.15789473056793213,
                    0.21052631735801697,
                    0.2631579041481018,
                    0.31578946113586426,
                    0.3684210479259491,
                    0.42105263471603394,
                    0.4736842215061188,
                    0.5263158082962036,
                    0.5789473652839661,
                    0.6315789222717285,
                    0.6842105388641357,
                    0.7368420958518982,
                    0.7894736528396606,
                    0.8421052694320679,
                    0.8947368264198303,
                    0.9473684430122375,
                    1.0
                ],
                "key_ys": [
                    0.05238698795437813,
                    0.4242698848247528,
                    0.5822320580482483,
                    0.6945359110832214,
                    0.7954320311546326,
                    0.89921635389328,
                    0.9888618588447571,
                    1.0783554315567017,
                    1.1501611471176147,
                    1.2102898359298706,
                    1.3444218635559082,
                    0.7400638461112976,
                    0.6421208381652832,
                    0.5672600865364075,
                    0.5027272701263428,
                    0.44871586561203003,
                    0.3998596966266632,
                    0.333030641078949,
                    0.29433178901672363,
                    0.21933376789093018
                ],
                "key_ts": [
                    -0.0007143130642361939,
                    0.012143588624894619,
                    -0.001655766973271966,
                    0.009076601825654507,
                    0.026937196031212807,
                    0.031750451773405075,
                    0.004831309430301189,
                    0.04389777034521103,
                    0.046047572046518326,
                    -0.048214346170425415,
                    0.05643891170620918,
                    0.03908945992588997,
                    -0.03502582386136055,
                    -0.03898470476269722,
                    -0.046531397849321365,
                    -0.02312130108475685,
                    -0.04923585429787636,
                    -0.03281315788626671,
                    0.0061186207458376884,
                    0.0034134797751903534
                ]
            },
            "optimizer_parameters": {
                "y_lr": 0.05,
                "t_lr": 0.05,
                "scheduler_step_size": 10,
                "scheduler_gamma": 0.99
            }
        },
        "thickness_spline": {
            "parameters": {
                "key_xs": [
                    0.0,
                    1.0
                ],
                "key_ys": [
                    0.0,
                    0.0
                ],
                "key_ts": [
                    0.0,
                    0.0
                ]
            },
            "optimizer_parameters": {
                "y_lr": 0,
                "t_lr": 0,
                "scheduler_step_size": 0,
                "scheduler_gamma": 0
            }
        },
        "uv_reshape_bb": {
            "uv": [
                0.3352864583333333,
                0.6686197916666666
            ],
            "size": [
                0.3138020833333333,
                0.3138020833333333
            ]
        }
    },
    "optimizer_parameters": {
        "uv_lr": 0.005,
        "dir_lr": 0.05,
        "scheduler_step_size": 10,
        "scheduler_gamma": 0.99
    }
}