{
    "parameters": {
        "grow_mode": "single_sided",
        "wave_angle": -1.0471975803375244,
        "start_uv": [
            0.35658174753189087,
            -0.0025421506725251675
        ],
        "end_uv": [
            0.10234567523002625,
            -0.0002861310204025358
        ],
        "start_dir": [
            -0.35374778509140015
        ],
        "end_dir": [
            -0.17654113471508026
        ],
        "init_height": 0.2,
        "sil_spline": {
            "parameters": {
                "key_xs": [
                    0.0,
                    0.05263157933950424,
                    0.10526315867900848,
                    0.15789473056793213,
                    0.21052631735801697,
                    0.2631579041481018,
                    0.31578946113586426,
                    0.3684210479259491,
                    0.42105263471603394,
                    0.4736842215061188,
                    0.5263158082962036,
                    0.5789473652839661,
                    0.6315789222717285,
                    0.6842105388641357,
                    0.7368420958518982,
                    0.7894736528396606,
                    0.8421052694320679,
                    0.8947368264198303,
                    0.9473684430122375,
                    1.0
                ],
                "key_ys": [
                    0.16586633026599884,
                    0.17520497739315033,
                    0.1727340966463089,
                    0.16306282579898834,
                    0.16555717587471008,
                    0.17712964117527008,
                    0.17952853441238403,
                    0.1706325262784958,
                    0.17161628603935242,
                    0.17922690510749817,
                    0.17895421385765076,
                    0.1641026884317398,
                    0.15663684904575348,
                    0.15529245138168335,
                    0.1468784660100937,
                    0.1289672553539276,
                    0.11993543058633804,
                    0.10472770780324936,
                    0.09238830208778381,
                    0.0832938700914383
                ],
                "key_ts": [
                    0.012860332615673542,
                    -0.014691460877656937,
                    0.014037959277629852,
                    -0.003439725609496236,
                    0.02552729658782482,
                    0.0029934770427644253,
                    0.0020294326823204756,
                    -0.008850328624248505,
                    0.019371015951037407,
                    0.004216648638248444,
                    -0.004850543104112148,
                    -0.011654225178062916,
                    0.006712003611028194,
                    -0.005983621347695589,
                    -0.001480013714171946,
                    -0.013589488342404366,
                    0.0008824120741337538,
                    -0.009301519952714443,
                    -0.024555588141083717,
                    0.01455984078347683
                ]
            },
            "optimizer_parameters": {
                "y_lr": 0.05,
                "t_lr": 0.05,
                "scheduler_step_size": 10,
                "scheduler_gamma": 0.99
            }
        },
        "thickness_spline": {
            "parameters": {
                "key_xs": [
                    0.0,
                    0.30000001192092896,
                    0.5,
                    0.699999988079071,
                    1.0
                ],
                "key_ys": [
                    0.0,
                    0.029999999329447746,
                    0.03999999910593033,
                    0.029999999329447746,
                    0.0
                ],
                "key_ts": [
                    0.05000000074505806,
                    0.009999999776482582,
                    0.0,
                    -0.009999999776482582,
                    -0.05000000074505806
                ]
            },
            "optimizer_parameters": {
                "y_lr": 0.05,
                "t_lr": 0.05,
                "scheduler_step_size": 10,
                "scheduler_gamma": 0.99
            }
        },
        "uv_reshape_bb": {
            "uv": [
                0.0,
                0.3333333333333333
            ],
            "size": [
                0.3313802083333333,
                0.3313802083333333
            ]
        }
    },
    "optimizer_parameters": {
        "uv_lr": 0.005,
        "dir_lr": 0.05,
        "scheduler_step_size": 10,
        "scheduler_gamma": 0.99
    }
}