{
    "parameters": {
        "grow_mode": "single_sided",
        "wave_angle": -1.0471975803375244,
        "start_uv": [
            -0.0004890477866865695,
            -7.88742327131331e-05
        ],
        "end_uv": [
            -0.0016162545653060079,
            1.0000226497650146
        ],
        "start_dir": [
            0.6208849549293518
        ],
        "end_dir": [
            -0.916991651058197
        ],
        "init_height": 0.2,
        "sil_spline": {
            "parameters": {
                "key_xs": [
                    0.0,
                    0.05263157933950424,
                    0.10526315867900848,
                    0.15789473056793213,
                    0.21052631735801697,
                    0.2631579041481018,
                    0.31578946113586426,
                    0.3684210479259491,
                    0.42105263471603394,
                    0.4736842215061188,
                    0.5263158082962036,
                    0.5789473652839661,
                    0.6315789222717285,
                    0.6842105388641357,
                    0.7368420958518982,
                    0.7894736528396606,
                    0.8421052694320679,
                    0.8947368264198303,
                    0.9473684430122375,
                    1.0
                ],
                "key_ys": [
                    0.29715749621391296,
                    0.5345302820205688,
                    0.41155365109443665,
                    0.35736173391342163,
                    0.29975056648254395,
                    0.26326805353164673,
                    0.23261499404907227,
                    0.21663083136081696,
                    0.20365500450134277,
                    0.19652259349822998,
                    0.19094087183475494,
                    0.19178009033203125,
                    0.197275772690773,
                    0.2040993720293045,
                    0.21325935423374176,
                    0.23781506717205048,
                    0.2719120979309082,
                    0.3269791007041931,
                    0.45177361369132996,
                    0.6187041401863098
                ],
                "key_ts": [
                    0.004861045628786087,
                    -0.027383185923099518,
                    0.023532632738351822,
                    -0.025019291788339615,
                    0.0064034657552838326,
                    0.00024890192435123026,
                    -0.015589199028909206,
                    -0.0023962974082678556,
                    -0.005195221863687038,
                    0.00240463949739933,
                    -0.008639463223516941,
                    0.007543180137872696,
                    -0.0015261949738487601,
                    -0.006910878233611584,
                    0.00542641244828701,
                    0.002834558254107833,
                    0.007817302830517292,
                    -0.006755925714969635,
                    0.02634655497968197,
                    -0.012776380404829979
                ]
            },
            "optimizer_parameters": {
                "y_lr": 0.05,
                "t_lr": 0.05,
                "scheduler_step_size": 10,
                "scheduler_gamma": 0.99
            }
        },
        "thickness_spline": {
            "parameters": {
                "key_xs": [
                    0.0,
                    0.30000001192092896,
                    0.5,
                    0.699999988079071,
                    1.0
                ],
                "key_ys": [
                    0.0,
                    0.009999999776482582,
                    0.012000000104308128,
                    0.009999999776482582,
                    0.0
                ],
                "key_ts": [
                    0.009999999776482582,
                    0.0020000000949949026,
                    0.0,
                    -0.0020000000949949026,
                    -0.009999999776482582
                ]
            },
            "optimizer_parameters": {
                "y_lr": 0.05,
                "t_lr": 0.05,
                "scheduler_step_size": 10,
                "scheduler_gamma": 0.99
            }
        },
        "uv_reshape_bb": {
            "uv": [
                0.0,
                0.6666666666666666
            ],
            "size": [
                0.3313802083333333,
                0.3313802083333333
            ]
        }
    },
    "optimizer_parameters": {
        "uv_lr": 0.005,
        "dir_lr": 0.05,
        "scheduler_step_size": 10,
        "scheduler_gamma": 0.99
    }
}