{
    "parameters": {
        "grow_mode": "single_sided",
        "wave_angle": -1.0471975803375244,
        "start_uv": [
            0.09304492920637131,
            1.000882625579834
        ],
        "end_uv": [
            0.5890874266624451,
            1.0035881996154785
        ],
        "start_dir": [
            -0.7478432655334473
        ],
        "end_dir": [
            0.7570332884788513
        ],
        "init_height": 0.2,
        "sil_spline": {
            "parameters": {
                "key_xs": [
                    0.0,
                    0.05263157933950424,
                    0.10526315867900848,
                    0.15789473056793213,
                    0.21052631735801697,
                    0.2631579041481018,
                    0.31578946113586426,
                    0.3684210479259491,
                    0.42105263471603394,
                    0.4736842215061188,
                    0.5263158082962036,
                    0.5789473652839661,
                    0.6315789222717285,
                    0.6842105388641357,
                    0.7368420958518982,
                    0.7894736528396606,
                    0.8421052694320679,
                    0.8947368264198303,
                    0.9473684430122375,
                    1.0
                ],
                "key_ys": [
                    0.09436418861150742,
                    0.13849952816963196,
                    0.155209019780159,
                    0.19363753497600555,
                    0.15146660804748535,
                    0.18122750520706177,
                    0.15891095995903015,
                    0.1818351000547409,
                    0.16723541915416718,
                    0.18839500844478607,
                    0.148566335439682,
                    0.4433968961238861,
                    0.4053119421005249,
                    0.40344861149787903,
                    0.3713185489177704,
                    0.35775986313819885,
                    0.3237498700618744,
                    0.30904534459114075,
                    0.2938324809074402,
                    0.24726641178131104
                ],
                "key_ts": [
                    0.0050048138946294785,
                    -0.011959361843764782,
                    0.004129944369196892,
                    -0.0012889148201793432,
                    0.004068100359290838,
                    -0.014327061362564564,
                    0.0061086565256118774,
                    0.041244786232709885,
                    -0.02172137051820755,
                    -0.026717795059084892,
                    0.0037175873294472694,
                    -0.012994267046451569,
                    -0.0021837688982486725,
                    0.013607274740934372,
                    -0.019009007140994072,
                    0.008938651531934738,
                    -0.008479894138872623,
                    0.0034017893485724926,
                    0.0009384927689097822,
                    -0.0058833155781030655
                ]
            },
            "optimizer_parameters": {
                "y_lr": 0.05,
                "t_lr": 0.05,
                "scheduler_step_size": 10,
                "scheduler_gamma": 0.99
            }
        },
        "thickness_spline": {
            "parameters": {
                "key_xs": [
                    0.0,
                    0.10000000149011612,
                    0.5,
                    0.8999999761581421,
                    1.0
                ],
                "key_ys": [
                    0.0,
                    0.03999999910593033,
                    0.05000000074505806,
                    0.03999999910593033,
                    0.0
                ],
                "key_ts": [
                    0.07999999821186066,
                    0.019999999552965164,
                    0.0,
                    -0.019999999552965164,
                    -0.07999999821186066
                ]
            },
            "optimizer_parameters": {
                "y_lr": 0.05,
                "t_lr": 0.05,
                "scheduler_step_size": 10,
                "scheduler_gamma": 0.99
            }
        },
        "uv_reshape_bb": {
            "uv": [
                0.3333333333333333,
                0.0
            ],
            "size": [
                0.3313802083333333,
                0.3313802083333333
            ]
        }
    },
    "optimizer_parameters": {
        "uv_lr": 0.005,
        "dir_lr": 0.05,
        "scheduler_step_size": 10,
        "scheduler_gamma": 0.99
    }
}