{
    "parameters": {
        "origin_xy": [
            -1.629746675491333,
            0.06834638118743896
        ],
        "origin_z": 0.0,
        "length_x": 3.103463888168335,
        "length_y": 0.0,
        "length_z": 0.0,
        "uv_reshape_bb": {
            "uv": [
                0.0,
                0.0
            ],
            "size": [
                0.3313802083333333,
                0.3313802083333333
            ]
        },
        "top_spline": {
            "parameters": {
                "key_xs": [
                    0.0,
                    0.05263157933950424,
                    0.10526315867900848,
                    0.15789473056793213,
                    0.21052631735801697,
                    0.2631579041481018,
                    0.31578946113586426,
                    0.3684210479259491,
                    0.42105263471603394,
                    0.4736842215061188,
                    0.5263158082962036,
                    0.5789473652839661,
                    0.6315789222717285,
                    0.6842105388641357,
                    0.7368420958518982,
                    0.7894736528396606,
                    0.8421052694320679,
                    0.8947368264198303,
                    0.9473684430122375,
                    1.0
                ],
                "key_ys": [
                    0.15121245384216309,
                    0.15625253319740295,
                    0.18680518865585327,
                    0.28122416138648987,
                    0.3895123600959778,
                    0.4745461940765381,
                    0.5586453080177307,
                    0.6223517060279846,
                    0.6712291240692139,
                    0.7236549854278564,
                    0.7606170773506165,
                    0.774239718914032,
                    0.7455381155014038,
                    0.6968352794647217,
                    0.6383816003799438,
                    0.5743713974952698,
                    0.5016956329345703,
                    0.2065267711877823,
                    0.004815430846065283,
                    -0.07236670702695847
                ],
                "key_ts": [
                    -0.029748590663075447,
                    -0.06144095957279205,
                    0.1593761444091797,
                    0.24939848482608795,
                    0.10367679595947266,
                    0.20887120068073273,
                    0.14930148422718048,
                    0.18807946145534515,
                    0.1284758299589157,
                    0.18063543736934662,
                    -0.01849524863064289,
                    0.10001468658447266,
                    -0.18826119601726532,
                    -0.10693862289190292,
                    -0.1305408626794815,
                    -0.15915396809577942,
                    -0.01896659843623638,
                    -0.3363094925880432,
                    -0.04587994143366814,
                    0.12269902229309082
                ]
            },
            "optimizer_parameters": {
                "y_lr": 0.05,
                "t_lr": 0.05,
                "scheduler_step_size": 10,
                "scheduler_gamma": 0.99
            }
        },
        "bottom_spline": {
            "parameters": {
                "key_xs": [
                    0.0,
                    0.05263157933950424,
                    0.10526315867900848,
                    0.15789473056793213,
                    0.21052631735801697,
                    0.2631579041481018,
                    0.31578946113586426,
                    0.3684210479259491,
                    0.42105263471603394,
                    0.4736842215061188,
                    0.5263158082962036,
                    0.5789473652839661,
                    0.6315789222717285,
                    0.6842105388641357,
                    0.7368420958518982,
                    0.7894736528396606,
                    0.8421052694320679,
                    0.8947368264198303,
                    0.9473684430122375,
                    1.0
                ],
                "key_ys": [
                    -0.031459514051675797,
                    -0.004054227843880653,
                    0.07941518723964691,
                    0.21994386613368988,
                    0.3519951403141022,
                    0.48986855149269104,
                    0.5918906331062317,
                    0.6622415781021118,
                    0.7357894778251648,
                    0.798982560634613,
                    0.817827582359314,
                    0.8169815540313721,
                    0.828311026096344,
                    0.8131788372993469,
                    0.7773414850234985,
                    0.7182475924491882,
                    0.6341210007667542,
                    0.5531081557273865,
                    0.18476805090904236,
                    0.08804444968700409
                ],
                "key_ts": [
                    -0.06039289012551308,
                    -0.04807353392243385,
                    0.31376001238822937,
                    0.15230895578861237,
                    0.06833959370851517,
                    0.22797027230262756,
                    0.15012067556381226,
                    -0.0011880069505423307,
                    0.28051286935806274,
                    -0.06149529293179512,
                    -0.002662140177562833,
                    0.043862976133823395,
                    -0.1122654601931572,
                    0.02206961251795292,
                    -0.14472848176956177,
                    -0.07740719616413116,
                    -0.27001431584358215,
                    0.06651441752910614,
                    -0.031764157116413116,
                    0.032006364315748215
                ]
            },
            "optimizer_parameters": {
                "y_lr": 0.05,
                "t_lr": 0.05,
                "scheduler_step_size": 10,
                "scheduler_gamma": 0.99
            }
        },
        "thickness_spline": {
            "parameters": {
                "key_xs": [
                    0.0,
                    0.10000000149011612,
                    0.20000000298023224,
                    0.30000001192092896,
                    0.4000000059604645,
                    0.6000000238418579,
                    0.699999988079071,
                    0.800000011920929,
                    0.8999999761581421,
                    1.0
                ],
                "key_ys": [
                    0.0,
                    0.6000000238418579,
                    0.75,
                    0.8299999833106995,
                    0.8999999761581421,
                    0.8500000238418579,
                    0.75,
                    0.6000000238418579,
                    0.4000000059604645,
                    0.0
                ],
                "key_ts": [
                    5.0,
                    4.0,
                    2.0,
                    1.0,
                    0.10000000149011612,
                    -0.10000000149011612,
                    -0.5,
                    -0.699999988079071,
                    -1.0,
                    -4.0
                ]
            },
            "optimizer_parameters": {
                "y_lr": 0.05,
                "t_lr": 0.05,
                "scheduler_step_size": 10,
                "scheduler_gamma": 0.99
            }
        },