{
    "parameters": {
        "grow_mode": "double_sided",
        "wave_angle": -1.2000000476837158,
        "start_uv": [
            0.609889566898346,
            0.3238695561885834
        ],
        "end_uv": [
            0.6284951567649841,
            0.3660140037536621
        ],
        "start_dir": [
            -0.13747695088386536
        ],
        "end_dir": [
            0.31674566864967346
        ],
        "init_height": 0.2,
        "sil_spline": {
            "parameters": {
                "key_xs": [
                    0.0,
                    0.05263157933950424,
                    0.10526315867900848,
                    0.15789473056793213,
                    0.21052631735801697,
                    0.2631579041481018,
                    0.31578946113586426,
                    0.3684210479259491,
                    0.42105263471603394,
                    0.4736842215061188,
                    0.5263158082962036,
                    0.5789473652839661,
                    0.6315789222717285,
                    0.6842105388641357,
                    0.7368420958518982,
                    0.7894736528396606,
                    0.8421052694320679,
                    0.8947368264198303,
                    0.9473684430122375,
                    1.0
                ],
                "key_ys": [
                    0.31489264965057373,
                    0.31763434410095215,
                    0.3200898766517639,
                    0.32378867268562317,
                    0.32637742161750793,
                    0.3308238089084625,
                    0.3347971439361572,
                    0.3374864161014557,
                    0.3471260368824005,
                    0.3516030013561249,
                    0.360154926776886,
                    0.3623616397380829,
                    0.37045738101005554,
                    0.37437793612480164,
                    0.3904775083065033,
                    0.40011435747146606,
                    0.4147788882255554,
                    0.4275374710559845,
                    0.4230383634567261,
                    0.5544426441192627
                ],
                "key_ts": [
                    0.0007124175899662077,
                    0.004556449595838785,
                    -0.003264825325459242,
                    0.005562707781791687,
                    -0.0015078855212777853,
                    0.0071073067374527454,
                    0.007129854988306761,
                    0.005940916482359171,
                    0.005531481001526117,
                    -0.0010103000095114112,
                    -0.00331861712038517,
                    -0.00024127268989104778,
                    0.006810631137341261,
                    -0.002959649311378598,
                    0.003152452874928713,
                    -0.003246925538405776,
                    0.005461471620947123,
                    -0.004917548969388008,
                    -0.041614044457674026,
                    0.02562994323670864
                ]
            },
            "optimizer_parameters": {
                "y_lr": 0.05,
                "t_lr": 0.05,
                "scheduler_step_size": 10,
                "scheduler_gamma": 0.99
            }
        },
        "thickness_spline": {
            "parameters": {
                "key_xs": [
                    0.0,
                    0.30000001192092896,
                    0.5,
                    0.699999988079071,
                    1.0
                ],
                "key_ys": [
                    0.0,
                    0.009999999776482582,
                    0.013000000268220901,
                    0.009999999776482582,
                    0.0
                ],
                "key_ts": [
                    0.009999999776482582,
                    0.0020000000949949026,
                    0.0,
                    -0.0020000000949949026,
                    -0.009999999776482582
                ]
            },
            "optimizer_parameters": {
                "y_lr": 0.05,
                "t_lr": 0.05,
                "scheduler_step_size": 10,
                "scheduler_gamma": 0.99
            }
        },
        "uv_reshape_bb": {
            "uv": [
                0.3333333333333333,
                0.3333333333333333
            ],
            "size": [
                0.3313802083333333,
                0.3313802083333333
            ]
        }
    },
    "optimizer_parameters": {
        "uv_lr": 0.005,
        "dir_lr": 0.05,
        "scheduler_step_size": 10,
        "scheduler_gamma": 0.99
    }
}