{
    "parameters": {
        "grow_mode": "single_sided",
        "wave_angle": -1.0471975803375244,
        "start_uv": [
            0.5259562134742737,
            -0.00016860218602232635
        ],
        "end_uv": [
            0.423627644777298,
            -0.0021091047674417496
        ],
        "start_dir": [
            -0.42278924584388733
        ],
        "end_dir": [
            -0.3550657629966736
        ],
        "init_height": 0.2,
        "sil_spline": {
            "parameters": {
                "key_xs": [
                    0.0,
                    0.05263157933950424,
                    0.10526315867900848,
                    0.15789473056793213,
                    0.21052631735801697,
                    0.2631579041481018,
                    0.31578946113586426,
                    0.3684210479259491,
                    0.42105263471603394,
                    0.4736842215061188,
                    0.5263158082962036,
                    0.5789473652839661,
                    0.6315789222717285,
                    0.6842105388641357,
                    0.7368420958518982,
                    0.7894736528396606,
                    0.8421052694320679,
                    0.8947368264198303,
                    0.9473684430122375,
                    1.0
                ],
                "key_ys": [
                    0.3078172504901886,
                    0.33863186836242676,
                    0.3870377838611603,
                    0.4058966040611267,
                    0.437288373708725,
                    0.46310362219810486,
                    0.4810979962348938,
                    0.4994184076786041,
                    0.5147927403450012,
                    0.5232490301132202,
                    0.5397554636001587,
                    0.5471641421318054,
                    0.559952974319458,
                    0.5764901041984558,
                    0.5944092869758606,
                    0.6043744087219238,
                    0.6242472529411316,
                    0.6307710409164429,
                    0.6332443356513977,
                    0.6571511626243591
                ],
                "key_ts": [
                    0.009065637364983559,
                    -0.008376507088541985,
                    0.011003891937434673,
                    -0.0023071563336998224,
                    0.006820113398134708,
                    0.002969992347061634,
                    0.007192972581833601,
                    0.015134974382817745,
                    0.01074287947267294,
                    0.014314810745418072,
                    0.00908748060464859,
                    0.007897495292127132,
                    0.007989185862243176,
                    0.006067985203117132,
                    0.003248932072892785,
                    0.0035918056964874268,
                    -0.0026880407240241766,
                    0.003116551088169217,
                    -0.0015900712460279465,
                    -0.0039459713734686375
                ]
            },
            "optimizer_parameters": {
                "y_lr": 0.05,
                "t_lr": 0.05,
                "scheduler_step_size": 10,
                "scheduler_gamma": 0.99
            }
        },
        "thickness_spline": {
            "parameters": {
                "key_xs": [
                    0.0,
                    1.0
                ],
                "key_ys": [
                    0.0,
                    0.0
                ],
                "key_ts": [
                    0.0,
                    0.0
                ]
            },
            "optimizer_parameters": {
                "y_lr": 0,
                "t_lr": 0,
                "scheduler_step_size": 0,
                "scheduler_gamma": 0
            }
        },
        "uv_reshape_bb": {
            "uv": [
                0.3333333333333333,
                0.6666666666666666
            ],
            "size": [
                0.3313802083333333,
                0.3313802083333333
            ]
        }
    },
    "optimizer_parameters": {
        "uv_lr": 0.005,
        "dir_lr": 0.05,
        "scheduler_step_size": 10,
        "scheduler_gamma": 0.99
    }
}