{
    "parameters": {
        "grow_mode": "single_sided",
        "wave_angle": -1.0471975803375244,
        "start_uv": [
            0.2561579644680023,
            -0.0004057526821270585
        ],
        "end_uv": [
            0.15378254652023315,
            -0.0004552702303044498
        ],
        "start_dir": [
            -0.2353818416595459
        ],
        "end_dir": [
            -1.0562021732330322
        ],
        "init_height": 0.2,
        "sil_spline": {
            "parameters": {
                "key_xs": [
                    0.0,
                    0.05263157933950424,
                    0.10526315867900848,
                    0.15789473056793213,
                    0.21052631735801697,
                    0.2631579041481018,
                    0.31578946113586426,
                    0.3684210479259491,
                    0.42105263471603394,
                    0.4736842215061188,
                    0.5263158082962036,
                    0.5789473652839661,
                    0.6315789222717285,
                    0.6842105388641357,
                    0.7368420958518982,
                    0.7894736528396606,
                    0.8421052694320679,
                    0.8947368264198303,
                    0.9473684430122375,
                    1.0
                ],
                "key_ys": [
                    0.08865421265363693,
                    0.17488667368888855,
                    0.23848746716976166,
                    0.29227930307388306,
                    0.3558250069618225,
                    0.38837897777557373,
                    0.39377206563949585,
                    0.40836313366889954,
                    0.39632973074913025,
                    0.36281830072402954,
                    0.321207195520401,
                    0.2784142792224884,
                    0.24502979218959808,
                    0.21087101101875305,
                    0.1837945133447647,
                    0.15535418689250946,
                    0.08349847793579102,
                    0.06300957500934601,
                    0.050508562475442886,
                    0.0320323146879673
                ],
                "key_ts": [
                    0.0012733219191432,
                    0.00025389023358002305,
                    0.0007750403019599617,
                    -0.0012847768375650048,
                    0.003135150298476219,
                    0.0014988402836024761,
                    0.001019133604131639,
                    0.0026663283351808786,
                    -0.00111704645678401,
                    0.00034127954859286547,
                    0.0020134826190769672,
                    -0.0030354480259120464,
                    -0.00307412538677454,
                    -0.0030237692408263683,
                    -0.005768922157585621,
                    -0.0023679828736931086,
                    -0.002534430706873536,
                    -0.0013044070219621062,
                    8.422357495874166e-05,
                    4.000425906269811e-05
                ]
            },
            "optimizer_parameters": {
                "y_lr": 0.05,
                "t_lr": 0.05,
                "scheduler_step_size": 10,
                "scheduler_gamma": 0.99
            }
        },
        "thickness_spline": {
            "parameters": {
                "key_xs": [
                    0.0,
                    0.30000001192092896,
                    0.5,
                    0.699999988079071,
                    1.0
                ],
                "key_ys": [
                    0.0,
                    0.029999999329447746,
                    0.03999999910593033,
                    0.029999999329447746,
                    0.0
                ],
                "key_ts": [
                    0.05000000074505806,
                    0.009999999776482582,
                    0.0,
                    -0.009999999776482582,
                    -0.05000000074505806
                ]
            },
            "optimizer_parameters": {
                "y_lr": 0.05,
                "t_lr": 0.05,
                "scheduler_step_size": 10,
                "scheduler_gamma": 0.99
            }
        },
        "uv_reshape_bb": {
            "uv": [
                0.001953125,
                0.3352864583333333
            ],
            "size": [
                0.3138020833333333,
                0.3138020833333333
            ]
        }
    },
    "optimizer_parameters": {
        "uv_lr": 0.005,
        "dir_lr": 0.05,
        "scheduler_step_size": 10,
        "scheduler_gamma": 0.99
    }
}