{
    "parameters": {
        "grow_mode": "single_sided",
        "wave_angle": -1.0471975803375244,
        "start_uv": [
            -0.008101305924355984,
            -0.000816820771433413
        ],
        "end_uv": [
            -0.009682903997600079,
            1.0047194957733154
        ],
        "start_dir": [
            0.38015109300613403
        ],
        "end_dir": [
            -0.2956271171569824
        ],
        "init_height": 0.2,
        "sil_spline": {
            "parameters": {
                "key_xs": [
                    0.0,
                    0.05263157933950424,
                    0.10526315867900848,
                    0.15789473056793213,
                    0.21052631735801697,
                    0.2631579041481018,
                    0.31578946113586426,
                    0.3684210479259491,
                    0.42105263471603394,
                    0.4736842215061188,
                    0.5263158082962036,
                    0.5789473652839661,
                    0.6315789222717285,
                    0.6842105388641357,
                    0.7368420958518982,
                    0.7894736528396606,
                    0.8421052694320679,
                    0.8947368264198303,
                    0.9473684430122375,
                    1.0
                ],
                "key_ys": [
                    0.29509595036506653,
                    0.5973604917526245,
                    0.6664353013038635,
                    0.5589593648910522,
                    0.5165888667106628,
                    0.46434229612350464,
                    0.430489718914032,
                    0.40168964862823486,
                    0.38868248462677,
                    0.3725224733352661,
                    0.3648422360420227,
                    0.4010009765625,
                    0.41817086935043335,
                    0.4513412117958069,
                    0.5039635300636292,
                    0.5476589798927307,
                    0.6337010264396667,
                    0.702748715877533,
                    0.5778398513793945,
                    0.26036590337753296
                ],
                "key_ts": [
                    0.001053172629326582,
                    0.0054947505705058575,
                    -0.007735435385257006,
                    0.0021651359274983406,
                    -0.006092415191233158,
                    -0.00014001416275277734,
                    -0.007961926981806755,
                    -0.0011245089117437601,
                    0.0033479270059615374,
                    -0.006168617866933346,
                    -0.005144442431628704,
                    0.009478197433054447,
                    -0.0003718887746799737,
                    0.005283757112920284,
                    0.0030582977924495935,
                    0.004083136562258005,
                    0.005282088648527861,
                    -0.0014119555708020926,
                    0.00038431593566201627,
                    -0.0017289917450398207
                ]
            },
            "optimizer_parameters": {
                "y_lr": 0.05,
                "t_lr": 0.05,
                "scheduler_step_size": 10,
                "scheduler_gamma": 0.99
            }
        },
        "thickness_spline": {
            "parameters": {
                "key_xs": [
                    0.0,
                    0.30000001192092896,
                    0.5,
                    0.699999988079071,
                    1.0
                ],
                "key_ys": [
                    0.0,
                    0.009999999776482582,
                    0.012000000104308128,
                    0.009999999776482582,
                    0.0
                ],
                "key_ts": [
                    0.009999999776482582,
                    0.0020000000949949026,
                    0.0,
                    -0.0020000000949949026,
                    -0.009999999776482582
                ]
            },
            "optimizer_parameters": {
                "y_lr": 0.05,
                "t_lr": 0.05,
                "scheduler_step_size": 10,
                "scheduler_gamma": 0.99
            }
        },
        "uv_reshape_bb": {
            "uv": [
                0.001953125,
                0.6686197916666666
            ],
            "size": [
                0.3138020833333333,
                0.3138020833333333
            ]
        }
    },
    "optimizer_parameters": {
        "uv_lr": 0.005,
        "dir_lr": 0.05,
        "scheduler_step_size": 10,
        "scheduler_gamma": 0.99
    }
}