{
    "parameters": {
        "grow_mode": "single_sided",
        "wave_angle": -1.0471975803375244,
        "start_uv": [
            0.12881584465503693,
            1.0011638402938843
        ],
        "end_uv": [
            0.19452638924121857,
            1.00001060962677
        ],
        "start_dir": [
            0.8551085591316223
        ],
        "end_dir": [
            -0.6621726155281067
        ],
        "init_height": 0.2,
        "sil_spline": {
            "parameters": {
                "key_xs": [
                    0.0,
                    0.05263157933950424,
                    0.10526315867900848,
                    0.15789473056793213,
                    0.21052631735801697,
                    0.2631579041481018,
                    0.31578946113586426,
                    0.3684210479259491,
                    0.42105263471603394,
                    0.4736842215061188,
                    0.5263158082962036,
                    0.5789473652839661,
                    0.6315789222717285,
                    0.6842105388641357,
                    0.7368420958518982,
                    0.7894736528396606,
                    0.8421052694320679,
                    0.8947368264198303,
                    0.9473684430122375,
                    1.0
                ],
                "key_ys": [
                    0.00960158184170723,
                    0.14237557351589203,
                    0.23419685661792755,
                    0.2885446846485138,
                    0.31791093945503235,
                    0.3473496735095978,
                    0.3805162310600281,
                    0.5766422748565674,
                    0.4802348017692566,
                    0.40000712871551514,
                    0.3180082440376282,
                    0.25595057010650635,
                    0.20876066386699677,
                    0.15752865374088287,
                    0.114314965903759,
                    0.08454567193984985,
                    0.06895821541547775,
                    0.05863834172487259,
                    0.04974522069096565,
                    0.038659412413835526
                ],
                "key_ts": [
                    4.479832205106504e-05,
                    -0.00045809324365109205,
                    0.000422020151745528,
                    0.004190515261143446,
                    -0.0019251737976446748,
                    -0.00014453064068220556,
                    0.005289167165756226,
                    -0.01117723435163498,
                    0.0008452492766082287,
                    -0.008249572478234768,
                    -0.002501421608030796,
                    -0.004069708287715912,
                    -0.001967857126146555,
                    -0.0006890141521580517,
                    -0.0001726381597109139,
                    -0.0001766049099387601,
                    -0.000680513447150588,
                    -0.000646300963126123,
                    -0.00039158822619356215,
                    0.0003447321359999478
                ]
            },
            "optimizer_parameters": {
                "y_lr": 0.05,
                "t_lr": 0.05,
                "scheduler_step_size": 10,
                "scheduler_gamma": 0.99
            }
        },
        "thickness_spline": {
            "parameters": {
                "key_xs": [
                    0.0,
                    0.10000000149011612,
                    0.5,
                    0.8999999761581421,
                    1.0
                ],
                "key_ys": [
                    0.0,
                    0.03999999910593033,
                    0.05000000074505806,
                    0.03999999910593033,
                    0.0
                ],
                "key_ts": [
                    0.07999999821186066,
                    0.019999999552965164,
                    0.0,
                    -0.019999999552965164,
                    -0.07999999821186066
                ]
            },
            "optimizer_parameters": {
                "y_lr": 0.05,
                "t_lr": 0.05,
                "scheduler_step_size": 10,
                "scheduler_gamma": 0.99
            }
        },
        "uv_reshape_bb": {
            "uv": [
                0.3352864583333333,
                0.001953125
            ],
            "size": [
                0.3138020833333333,
                0.3138020833333333
            ]
        }
    },
    "optimizer_parameters": {
        "uv_lr": 0.005,
        "dir_lr": 0.05,
        "scheduler_step_size": 10,
        "scheduler_gamma": 0.99
    }
}