{
    "parameters": {
        "grow_mode": "single_sided",
        "wave_angle": -1.0471975803375244,
        "start_uv": [
            0.24098414182662964,
            1.0008635520935059
        ],
        "end_uv": [
            0.6396429538726807,
            1.0020726919174194
        ],
        "start_dir": [
            0.05391865596175194
        ],
        "end_dir": [
            -0.04552244395017624
        ],
        "init_height": 0.2,
        "sil_spline": {
            "parameters": {
                "key_xs": [
                    0.0,
                    0.05263157933950424,
                    0.10526315867900848,
                    0.15789473056793213,
                    0.21052631735801697,
                    0.2631579041481018,
                    0.31578946113586426,
                    0.3684210479259491,
                    0.42105263471603394,
                    0.4736842215061188,
                    0.5263158082962036,
                    0.5789473652839661,
                    0.6315789222717285,
                    0.6842105388641357,
                    0.7368420958518982,
                    0.7894736528396606,
                    0.8421052694320679,
                    0.8947368264198303,
                    0.9473684430122375,
                    1.0
                ],
                "key_ys": [
                    0.09457972645759583,
                    0.10497624427080154,
                    0.13874919712543488,
                    0.1312142014503479,
                    0.16020934283733368,
                    0.16155268251895905,
                    0.17512483894824982,
                    0.20318301022052765,
                    0.18296591937541962,
                    0.22061938047409058,
                    0.2109447717666626,
                    0.20873092114925385,
                    0.24299226701259613,
                    0.21080513298511505,
                    0.2251002937555313,
                    0.1813839077949524,
                    0.23639114201068878,
                    0.19652782380580902,
                    0.10774712264537811,
                    0.16347938776016235
                ],
                "key_ts": [
                    -0.0026286793872714043,
                    0.009699184447526932,
                    -0.008443704806268215,
                    0.006935051642358303,
                    -0.002572581870481372,
                    0.0018801991827785969,
                    0.003242243081331253,
                    -0.005876047071069479,
                    0.005374864209443331,
                    0.0036996565759181976,
                    -0.008008590899407864,
                    0.008117829449474812,
                    -0.011489094235002995,
                    0.010265517048537731,
                    -0.0037987951654940844,
                    0.0036684239748865366,
                    -0.005632755812257528,
                    -0.00026393966982141137,
                    -0.009521139785647392,
                    0.005855757277458906
                ]
            },
            "optimizer_parameters": {
                "y_lr": 0.05,
                "t_lr": 0.05,
                "scheduler_step_size": 10,
                "scheduler_gamma": 0.99
            }
        },
        "thickness_spline": {
            "parameters": {
                "key_xs": [
                    0.0,
                    0.10000000149011612,
                    0.5,
                    0.8999999761581421,
                    1.0
                ],
                "key_ys": [
                    0.0,
                    0.03999999910593033,
                    0.05000000074505806,
                    0.03999999910593033,
                    0.0
                ],
                "key_ts": [
                    0.07999999821186066,
                    0.019999999552965164,
                    0.0,
                    -0.019999999552965164,
                    -0.07999999821186066
                ]
            },
            "optimizer_parameters": {
                "y_lr": 0.05,
                "t_lr": 0.05,
                "scheduler_step_size": 10,
                "scheduler_gamma": 0.99
            }
        },
        "uv_reshape_bb": {
            "uv": [
                0.3352864583333333,
                0.3352864583333333
            ],
            "size": [
                0.3138020833333333,
                0.3138020833333333
            ]
        }
    },
    "optimizer_parameters": {
        "uv_lr": 0.005,
        "dir_lr": 0.05,
        "scheduler_step_size": 10,
        "scheduler_gamma": 0.99
    }
}