{
    "parameters": {
        "origin_xy": [
            -1.2113616466522217,
            0.005120337009429932
        ],
        "origin_z": 0.0,
        "length_x": 3.1465675830841064,
        "length_y": 0.0,
        "length_z": 0.0,
        "uv_reshape_bb": {
            "uv": [
                0.001953125,
                0.001953125
            ],
            "size": [
                0.3138020833333333,
                0.3138020833333333
            ]
        },
        "top_spline": {
            "parameters": {
                "key_xs": [
                    0.0,
                    0.05263157933950424,
                    0.10526315867900848,
                    0.15789473056793213,
                    0.21052631735801697,
                    0.2631579041481018,
                    0.31578946113586426,
                    0.3684210479259491,
                    0.42105263471603394,
                    0.4736842215061188,
                    0.5263158082962036,
                    0.5789473652839661,
                    0.6315789222717285,
                    0.6842105388641357,
                    0.7368420958518982,
                    0.7894736528396606,
                    0.8421052694320679,
                    0.8947368264198303,
                    0.9473684430122375,
                    1.0
                ],
                "key_ys": [
                    0.01572931371629238,
                    0.005682909395545721,
                    0.03886623680591583,
                    0.23970453441143036,
                    0.29580461978912354,
                    0.4167652726173401,
                    0.5225785970687866,
                    0.5931851267814636,
                    0.6569792032241821,
                    0.7094133496284485,
                    0.7380428910255432,
                    0.7475459575653076,
                    0.7237019538879395,
                    0.6864506006240845,
                    0.6276890635490417,
                    0.5410869717597961,
                    0.43194687366485596,
                    0.319131463766098,
                    0.19821210205554962,
                    0.1422254741191864
                ],
                "key_ts": [
                    -0.13803747296333313,
                    0.08043982833623886,
                    0.2951526343822479,
                    0.16078847646713257,
                    -0.09421002864837646,
                    0.32868000864982605,
                    -0.00020009286527056247,
                    0.21695543825626373,
                    0.15743425488471985,
                    0.0923420712351799,
                    -0.06393538415431976,
                    0.04678964987397194,
                    -0.057585541158914566,
                    -0.01736912503838539,
                    -0.20646262168884277,
                    -0.1307077258825302,
                    -0.17146573960781097,
                    -0.07343078404664993,
                    -0.30541542172431946,
                    0.2103240042924881
                ]
            },
            "optimizer_parameters": {
                "y_lr": 0.05,
                "t_lr": 0.05,
                "scheduler_step_size": 10,
                "scheduler_gamma": 0.99
            }
        },
        "bottom_spline": {
            "parameters": {
                "key_xs": [
                    0.0,
                    0.05263157933950424,
                    0.10526315867900848,
                    0.15789473056793213,
                    0.21052631735801697,
                    0.2631579041481018,
                    0.31578946113586426,
                    0.3684210479259491,
                    0.42105263471603394,
                    0.4736842215061188,
                    0.5263158082962036,
                    0.5789473652839661,
                    0.6315789222717285,
                    0.6842105388641357,
                    0.7368420958518982,
                    0.7894736528396606,
                    0.8421052694320679,
                    0.8947368264198303,
                    0.9473684430122375,
                    1.0
                ],
                "key_ys": [
                    0.30829209089279175,
                    0.29005759954452515,
                    0.2958795130252838,
                    0.34715536236763,
                    0.43392708897590637,
                    0.5197564959526062,
                    0.5621641278266907,
                    0.5955415964126587,
                    0.6149770617485046,
                    0.6295117139816284,
                    0.6316378116607666,
                    0.6324158906936646,
                    0.6165182590484619,
                    0.6043037176132202,
                    0.5741394758224487,
                    0.5273932814598083,
                    0.4170196056365967,
                    0.24724538624286652,
                    0.021546659991145134,
                    -0.16767235100269318
                ],
                "key_ts": [
                    -0.06780192255973816,
                    0.21409212052822113,
                    -0.12742716073989868,
                    0.20190078020095825,
                    0.24070721864700317,
                    -0.04351203143596649,
                    0.22571714222431183,
                    0.08728913962841034,
                    0.17401930689811707,
                    0.2254941314458847,
                    -0.031591445207595825,
                    0.020847512409090996,
                    -0.1222468838095665,
                    -0.03912505507469177,
                    -0.12115034461021423,
                    -0.08157987892627716,
                    -0.22368183732032776,
                    -0.17232784628868103,
                    -0.3120145797729492,
                    0.2064955234527588
                ]
            },
            "optimizer_parameters": {
                "y_lr": 0.05,
                "t_lr": 0.05,
                "scheduler_step_size": 10,
                "scheduler_gamma": 0.99
            }
        },
        "thickness_spline": {
            "parameters": {
                "key_xs": [
                    0.0,
                    0.10000000149011612,
                    0.20000000298023224,
                    0.30000001192092896,
                    0.4000000059604645,
                    0.6000000238418579,
                    0.699999988079071,
                    0.800000011920929,
                    0.8999999761581421,
                    1.0
                ],
                "key_ys": [
                    0.0,
                    0.6000000238418579,
                    0.75,
                    0.8299999833106995,
                    0.8999999761581421,
                    0.8500000238418579,
                    0.75,
                    0.6000000238418579,
                    0.4000000059604645,
                    0.0
                ],
                "key_ts": [
                    5.0,
                    4.0,
                    2.0,
                    1.0,
                    0.10000000149011612,
                    -0.10000000149011612,
                    -0.5,
                    -0.699999988079071,
                    -1.0,
                    -4.0
                ]
            },
            "optimizer_parameters": {
                "y_lr": 0.05,
                "t_lr": 0.05,
                "scheduler_step_size": 10,
                "scheduler_gamma": 0.99
            }
        },