{
    "parameters": {
        "grow_mode": "single_sided",
        "wave_angle": -1.0471975803375244,
        "start_uv": [
            0.6931861639022827,
            0.038539156317710876
        ],
        "end_uv": [
            0.6518080830574036,
            0.006077421363443136
        ],
        "start_dir": [
            -0.9459050297737122
        ],
        "end_dir": [
            -1.2097057104110718
        ],
        "init_height": 0.2,
        "sil_spline": {
            "parameters": {
                "key_xs": [
                    0.0,
                    0.05263157933950424,
                    0.10526315867900848,
                    0.15789473056793213,
                    0.21052631735801697,
                    0.2631579041481018,
                    0.31578946113586426,
                    0.3684210479259491,
                    0.42105263471603394,
                    0.4736842215061188,
                    0.5263158082962036,
                    0.5789473652839661,
                    0.6315789222717285,
                    0.6842105388641357,
                    0.7368420958518982,
                    0.7894736528396606,
                    0.8421052694320679,
                    0.8947368264198303,
                    0.9473684430122375,
                    1.0
                ],
                "key_ys": [
                    0.17398399114608765,
                    0.17087677121162415,
                    0.18829050660133362,
                    0.2068764567375183,
                    0.21109539270401,
                    0.22673030197620392,
                    0.23620903491973877,
                    0.245441272854805,
                    0.25412851572036743,
                    0.26576894521713257,
                    0.27536529302597046,
                    0.28781476616859436,
                    0.29134806990623474,
                    0.32965442538261414,
                    0.20959985256195068,
                    0.2217670977115631,
                    0.21085675060749054,
                    0.19568543136119843,
                    0.18192139267921448,
                    0.1763654202222824
                ],
                "key_ts": [
                    -0.0003530606918502599,
                    -0.0003665555559564382,
                    0.0009123533382080495,
                    -9.863734885584563e-05,
                    -0.00030524696921929717,
                    0.0003631303261499852,
                    0.0008764800732024014,
                    -0.00022292732319328934,
                    -0.0005687838420271873,
                    0.00012146152585046366,
                    0.00033123278990387917,
                    0.0018098775763064623,
                    -0.005179781932383776,
                    0.007463305257260799,
                    0.00017784225929062814,
                    -0.00038812836282886565,
                    6.703372491756454e-05,
                    -0.00035470648435875773,
                    -0.00036868397728540003,
                    -7.863085920689628e-05
                ]
            },
            "optimizer_parameters": {
                "y_lr": 0.05,
                "t_lr": 0.05,
                "scheduler_step_size": 10,
                "scheduler_gamma": 0.99
            }
        },
        "thickness_spline": {
            "parameters": {
                "key_xs": [
                    0.0,
                    1.0
                ],
                "key_ys": [
                    0.0,
                    0.0
                ],
                "key_ts": [
                    0.0,
                    0.0
                ]
            },
            "optimizer_parameters": {
                "y_lr": 0,
                "t_lr": 0,
                "scheduler_step_size": 0,
                "scheduler_gamma": 0
            }
        },
        "uv_reshape_bb": {
            "uv": [
                0.3352864583333333,
                0.6686197916666666
            ],
            "size": [
                0.3138020833333333,
                0.3138020833333333
            ]
        }
    },
    "optimizer_parameters": {
        "uv_lr": 0.005,
        "dir_lr": 0.05,
        "scheduler_step_size": 10,
        "scheduler_gamma": 0.99
    }
}