{
    "parameters": {
        "grow_mode": "single_sided",
        "wave_angle": -1.0471975803375244,
        "start_uv": [
            0.34981822967529297,
            -0.0007486528484150767
        ],
        "end_uv": [
            0.23639248311519623,
            -0.00033470787457190454
        ],
        "start_dir": [
            -0.1197732537984848
        ],
        "end_dir": [
            -0.8153455257415771
        ],
        "init_height": 0.2,
        "sil_spline": {
            "parameters": {
                "key_xs": [
                    0.0,
                    0.05263157933950424,
                    0.10526315867900848,
                    0.15789473056793213,
                    0.21052631735801697,
                    0.2631579041481018,
                    0.31578946113586426,
                    0.3684210479259491,
                    0.42105263471603394,
                    0.4736842215061188,
                    0.5263158082962036,
                    0.5789473652839661,
                    0.6315789222717285,
                    0.6842105388641357,
                    0.7368420958518982,
                    0.7894736528396606,
                    0.8421052694320679,
                    0.8947368264198303,
                    0.9473684430122375,
                    1.0
                ],
                "key_ys": [
                    0.023982292041182518,
                    0.5475755929946899,
                    0.5543299317359924,
                    0.5512382388114929,
                    0.5366436243057251,
                    0.5309689044952393,
                    0.5183064341545105,
                    0.5071581602096558,
                    0.50065016746521,
                    0.4949412941932678,
                    0.4898046851158142,
                    0.4856555759906769,
                    0.47867050766944885,
                    0.47911006212234497,
                    0.4740809202194214,
                    0.462581604719162,
                    0.45593518018722534,
                    0.44278663396835327,
                    0.42491665482521057,
                    0.36631155014038086
                ],
                "key_ts": [
                    -0.003775837132707238,
                    0.006095042452216148,
                    -0.008943730033934116,
                    0.0010372116230428219,
                    -0.006943036336451769,
                    -0.0018670721910893917,
                    -0.005859766621142626,
                    -0.0060185925103724,
                    -0.0036238525062799454,
                    -0.004683681298047304,
                    -0.00418096361681819,
                    -0.0008416241034865379,
                    -0.003988312091678381,
                    -0.0011931037297472358,
                    0.005627473350614309,
                    -0.004190069157630205,
                    -0.0010327682830393314,
                    -0.0018641522619873285,
                    0.002212045481428504,
                    -0.0011798373889178038
                ]
            },
            "optimizer_parameters": {
                "y_lr": 0.05,
                "t_lr": 0.05,
                "scheduler_step_size": 10,
                "scheduler_gamma": 0.99
            }
        },
        "thickness_spline": {
            "parameters": {
                "key_xs": [
                    0.0,
                    0.30000001192092896,
                    0.5,
                    0.699999988079071,
                    1.0
                ],
                "key_ys": [
                    0.0,
                    0.029999999329447746,
                    0.03999999910593033,
                    0.029999999329447746,
                    0.0
                ],
                "key_ts": [
                    0.05000000074505806,
                    0.009999999776482582,
                    0.0,
                    -0.009999999776482582,
                    -0.05000000074505806
                ]
            },
            "optimizer_parameters": {
                "y_lr": 0.05,
                "t_lr": 0.05,
                "scheduler_step_size": 10,
                "scheduler_gamma": 0.99
            }
        },
        "uv_reshape_bb": {
            "uv": [
                0.001953125,
                0.3352864583333333
            ],
            "size": [
                0.3138020833333333,
                0.3138020833333333
            ]
        }
    },
    "optimizer_parameters": {
        "uv_lr": 0.005,
        "dir_lr": 0.05,
        "scheduler_step_size": 10,
        "scheduler_gamma": 0.99
    }
}