{
    "parameters": {
        "grow_mode": "single_sided",
        "wave_angle": -1.0471975803375244,
        "start_uv": [
            -0.008400081656873226,
            -0.0006510784151032567
        ],
        "end_uv": [
            -0.007282467558979988,
            1.0010788440704346
        ],
        "start_dir": [
            0.606490969657898
        ],
        "end_dir": [
            -0.6058658957481384
        ],
        "init_height": 0.2,
        "sil_spline": {
            "parameters": {
                "key_xs": [
                    0.0,
                    0.05263157933950424,
                    0.10526315867900848,
                    0.15789473056793213,
                    0.21052631735801697,
                    0.2631579041481018,
                    0.31578946113586426,
                    0.3684210479259491,
                    0.42105263471603394,
                    0.4736842215061188,
                    0.5263158082962036,
                    0.5789473652839661,
                    0.6315789222717285,
                    0.6842105388641357,
                    0.7368420958518982,
                    0.7894736528396606,
                    0.8421052694320679,
                    0.8947368264198303,
                    0.9473684430122375,
                    1.0
                ],
                "key_ys": [
                    0.7135136723518372,
                    0.7989168167114258,
                    0.803417444229126,
                    0.7529586553573608,
                    0.6854532361030579,
                    0.6283915638923645,
                    0.5824334025382996,
                    0.5479772090911865,
                    0.5301396250724792,
                    0.5296323299407959,
                    0.5282522439956665,
                    0.5471893548965454,
                    0.5890318155288696,
                    0.6502548456192017,
                    0.7589820623397827,
                    0.8670204281806946,
                    0.8567556738853455,
                    0.7828812599182129,
                    0.012315915897488594,
                    0.02142438292503357
                ],
                "key_ts": [
                    0.0027073509991168976,
                    0.001878869254142046,
                    -0.0018898257985711098,
                    -0.0050888811238110065,
                    -0.00367875793017447,
                    -0.004472207278013229,
                    -0.0019127816194668412,
                    -0.003056818386539817,
                    0.0001858855684986338,
                    0.0010259778937324882,
                    -0.0012336806394159794,
                    0.0036463916767388582,
                    0.004138719290494919,
                    0.006236521061509848,
                    0.004759668372571468,
                    0.0025407804641872644,
                    -0.0009958174778148532,
                    -0.006461511831730604,
                    0.000877958897035569,
                    0.000289700721623376
                ]
            },
            "optimizer_parameters": {
                "y_lr": 0.05,
                "t_lr": 0.05,
                "scheduler_step_size": 10,
                "scheduler_gamma": 0.99
            }
        },
        "thickness_spline": {
            "parameters": {
                "key_xs": [
                    0.0,
                    0.30000001192092896,
                    0.5,
                    0.699999988079071,
                    1.0
                ],
                "key_ys": [
                    0.0,
                    0.009999999776482582,
                    0.012000000104308128,
                    0.009999999776482582,
                    0.0
                ],
                "key_ts": [
                    0.009999999776482582,
                    0.0020000000949949026,
                    0.0,
                    -0.0020000000949949026,
                    -0.009999999776482582
                ]
            },
            "optimizer_parameters": {
                "y_lr": 0.05,
                "t_lr": 0.05,
                "scheduler_step_size": 10,
                "scheduler_gamma": 0.99
            }
        },
        "uv_reshape_bb": {
            "uv": [
                0.001953125,
                0.6686197916666666
            ],
            "size": [
                0.3138020833333333,
                0.3138020833333333
            ]
        }
    },
    "optimizer_parameters": {
        "uv_lr": 0.005,
        "dir_lr": 0.05,
        "scheduler_step_size": 10,
        "scheduler_gamma": 0.99
    }
}