{
    "parameters": {
        "grow_mode": "single_sided",
        "wave_angle": -1.0471975803375244,
        "start_uv": [
            0.3017050623893738,
            1.000005841255188
        ],
        "end_uv": [
            0.3945879638195038,
            1.0003044605255127
        ],
        "start_dir": [
            0.9818617701530457
        ],
        "end_dir": [
            -0.5296000838279724
        ],
        "init_height": 0.2,
        "sil_spline": {
            "parameters": {
                "key_xs": [
                    0.0,
                    0.05263157933950424,
                    0.10526315867900848,
                    0.15789473056793213,
                    0.21052631735801697,
                    0.2631579041481018,
                    0.31578946113586426,
                    0.3684210479259491,
                    0.42105263471603394,
                    0.4736842215061188,
                    0.5263158082962036,
                    0.5789473652839661,
                    0.6315789222717285,
                    0.6842105388641357,
                    0.7368420958518982,
                    0.7894736528396606,
                    0.8421052694320679,
                    0.8947368264198303,
                    0.9473684430122375,
                    1.0
                ],
                "key_ys": [
                    0.2888268828392029,
                    0.313746839761734,
                    0.33481138944625854,
                    0.3569483160972595,
                    0.38027423620224,
                    0.40511688590049744,
                    0.43180209398269653,
                    0.45666196942329407,
                    0.48317867517471313,
                    0.5201953053474426,
                    0.5599092245101929,
                    0.586044430732727,
                    0.4501219689846039,
                    0.33664506673812866,
                    0.24340152740478516,
                    0.17347173392772675,
                    0.09407012909650803,
                    0.059816498309373856,
                    0.02171555906534195,
                    -0.005351901054382324
                ],
                "key_ts": [
                    0.0007595429779030383,
                    -0.0049501569010317326,
                    0.008021794259548187,
                    -0.0020749049726873636,
                    0.0036401827819645405,
                    0.0007332102977670729,
                    0.005324203055351973,
                    0.00605422118678689,
                    0.004904105793684721,
                    0.004650243557989597,
                    0.00914454273879528,
                    0.004523892421275377,
                    0.004419224336743355,
                    0.001247962354682386,
                    -0.004402675200253725,
                    -0.0015808335738256574,
                    -0.0023944724816828966,
                    -0.0006074940320104361,
                    -0.0001001403943519108,
                    0.0002713859430514276
                ]
            },
            "optimizer_parameters": {
                "y_lr": 0.05,
                "t_lr": 0.05,
                "scheduler_step_size": 10,
                "scheduler_gamma": 0.99
            }
        },
        "thickness_spline": {
            "parameters": {
                "key_xs": [
                    0.0,
                    0.10000000149011612,
                    0.5,
                    0.8999999761581421,
                    1.0
                ],
                "key_ys": [
                    0.0,
                    0.03999999910593033,
                    0.05000000074505806,
                    0.03999999910593033,
                    0.0
                ],
                "key_ts": [
                    0.07999999821186066,
                    0.019999999552965164,
                    0.0,
                    -0.019999999552965164,
                    -0.07999999821186066
                ]
            },
            "optimizer_parameters": {
                "y_lr": 0.05,
                "t_lr": 0.05,
                "scheduler_step_size": 10,
                "scheduler_gamma": 0.99
            }
        },
        "uv_reshape_bb": {
            "uv": [
                0.3352864583333333,
                0.001953125
            ],
            "size": [
                0.3138020833333333,
                0.3138020833333333
            ]
        }
    },
    "optimizer_parameters": {
        "uv_lr": 0.005,
        "dir_lr": 0.05,
        "scheduler_step_size": 10,
        "scheduler_gamma": 0.99
    }
}