{
    "parameters": {
        "origin_xy": [
            -1.215267539024353,
            0.0915905013680458
        ],
        "origin_z": 0.0,
        "length_x": 3.1859617233276367,
        "length_y": 0.0,
        "length_z": 0.0,
        "uv_reshape_bb": {
            "uv": [
                0.001953125,
                0.001953125
            ],
            "size": [
                0.3138020833333333,
                0.3138020833333333
            ]
        },
        "top_spline": {
            "parameters": {
                "key_xs": [
                    0.0,
                    0.05263157933950424,
                    0.10526315867900848,
                    0.15789473056793213,
                    0.21052631735801697,
                    0.2631579041481018,
                    0.31578946113586426,
                    0.3684210479259491,
                    0.42105263471603394,
                    0.4736842215061188,
                    0.5263158082962036,
                    0.5789473652839661,
                    0.6315789222717285,
                    0.6842105388641357,
                    0.7368420958518982,
                    0.7894736528396606,
                    0.8421052694320679,
                    0.8947368264198303,
                    0.9473684430122375,
                    1.0
                ],
                "key_ys": [
                    0.1646016240119934,
                    0.1656523495912552,
                    0.1658691167831421,
                    0.18685628473758698,
                    0.21780960261821747,
                    0.25690317153930664,
                    0.32589393854141235,
                    0.38078543543815613,
                    0.38185936212539673,
                    0.3823385238647461,
                    0.37545135617256165,
                    0.36064955592155457,
                    0.34594398736953735,
                    0.3233392536640167,
                    0.292913556098938,
                    0.25469842553138733,
                    0.21671001613140106,
                    0.17325830459594727,
                    0.12980768084526062,
                    0.028642095625400543
                ],
                "key_ts": [
                    -0.08065546303987503,
                    0.0004490912542678416,
                    0.14931082725524902,
                    0.14355216920375824,
                    0.20472517609596252,
                    0.05206373706459999,
                    0.24073351919651031,
                    0.1066179871559143,
                    0.01980946958065033,
                    0.11967241019010544,
                    -0.17650392651557922,
                    -0.12600812315940857,
                    -0.1624775230884552,
                    -0.13110095262527466,
                    -0.2030603289604187,
                    -0.13924755156040192,
                    -0.106154665350914,
                    -0.21632522344589233,
                    0.04434221610426903,
                    0.007631490007042885
                ]
            },
            "optimizer_parameters": {
                "y_lr": 0.05,
                "t_lr": 0.05,
                "scheduler_step_size": 10,
                "scheduler_gamma": 0.99
            }
        },
        "bottom_spline": {
            "parameters": {
                "key_xs": [
                    0.0,
                    0.05263157933950424,
                    0.10526315867900848,
                    0.15789473056793213,
                    0.21052631735801697,
                    0.2631579041481018,
                    0.31578946113586426,
                    0.3684210479259491,
                    0.42105263471603394,
                    0.4736842215061188,
                    0.5263158082962036,
                    0.5789473652839661,
                    0.6315789222717285,
                    0.6842105388641357,
                    0.7368420958518982,
                    0.7894736528396606,
                    0.8421052694320679,
                    0.8947368264198303,
                    0.9473684430122375,
                    1.0
                ],
                "key_ys": [
                    0.20294855535030365,
                    0.17892245948314667,
                    0.17684650421142578,
                    0.1774560958147049,
                    0.18513473868370056,
                    0.25494298338890076,
                    0.32892435789108276,
                    0.3663087785243988,
                    0.3795628845691681,
                    0.4426155686378479,
                    0.4997120499610901,
                    0.5297375917434692,
                    0.5216720104217529,
                    0.500825047492981,
                    0.4616675078868866,
                    0.39984366297721863,
                    0.32746902108192444,
                    0.24665260314941406,
                    0.15481574833393097,
                    -0.008589344099164009
                ],
                "key_ts": [
                    -0.11955288797616959,
                    0.06111042574048042,
                    0.1695043295621872,
                    0.2393544763326645,
                    0.040430061519145966,
                    0.20934529602527618,
                    0.31844592094421387,
                    -0.1595640331506729,
                    0.27928245067596436,
                    0.29024332761764526,
                    -0.0940123051404953,
                    0.09709328413009644,
                    -0.16039669513702393,
                    -0.11028097569942474,
                    -0.15814554691314697,
                    -0.15510636568069458,
                    -0.1409379094839096,
                    -0.10696417093276978,
                    -0.13617223501205444,
                    0.03351026773452759
                ]
            },
            "optimizer_parameters": {
                "y_lr": 0.05,
                "t_lr": 0.05,
                "scheduler_step_size": 10,
                "scheduler_gamma": 0.99
            }
        },
        "thickness_spline": {
            "parameters": {
                "key_xs": [
                    0.0,
                    0.10000000149011612,
                    0.20000000298023224,
                    0.30000001192092896,
                    0.4000000059604645,
                    0.6000000238418579,
                    0.699999988079071,
                    0.800000011920929,
                    0.8999999761581421,
                    1.0
                ],
                "key_ys": [
                    0.0,
                    0.6000000238418579,
                    0.75,
                    0.8299999833106995,
                    0.8999999761581421,
                    0.8500000238418579,
                    0.75,
                    0.6000000238418579,
                    0.4000000059604645,
                    0.0
                ],
                "key_ts": [
                    5.0,
                    4.0,
                    2.0,
                    1.0,
                    0.10000000149011612,
                    -0.10000000149011612,
                    -0.5,
                    -0.699999988079071,
                    -1.0,
                    -4.0
                ]
            },
            "optimizer_parameters": {
                "y_lr": 0.05,
                "t_lr": 0.05,
                "scheduler_step_size": 10,
                "scheduler_gamma": 0.99
            }
        },