{
    "parameters": {
        "grow_mode": "double_sided",
        "wave_angle": -1.2999999523162842,
        "start_uv": [
            0.7931150794029236,
            0.1808311641216278
        ],
        "end_uv": [
            0.7735352516174316,
            0.2488614320755005
        ],
        "start_dir": [
            -0.5717079043388367
        ],
        "end_dir": [
            -1.1172116994857788
        ],
        "init_height": 0.2,
        "sil_spline": {
            "parameters": {
                "key_xs": [
                    0.0,
                    0.05263157933950424,
                    0.10526315867900848,
                    0.15789473056793213,
                    0.21052631735801697,
                    0.2631579041481018,
                    0.31578946113586426,
                    0.3684210479259491,
                    0.42105263471603394,
                    0.4736842215061188,
                    0.5263158082962036,
                    0.5789473652839661,
                    0.6315789222717285,
                    0.6842105388641357,
                    0.7368420958518982,
                    0.7894736528396606,
                    0.8421052694320679,
                    0.8947368264198303,
                    0.9473684430122375,
                    1.0
                ],
                "key_ys": [
                    0.2859732508659363,
                    0.19596965610980988,
                    0.3475119471549988,
                    0.4014199674129486,
                    0.4261820316314697,
                    0.48429182171821594,
                    0.5158986449241638,
                    0.5392012000083923,
                    0.5611886978149414,
                    0.5848290920257568,
                    0.6081241369247437,
                    0.6235053539276123,
                    0.6318635940551758,
                    0.6425394415855408,
                    0.6322702169418335,
                    -0.09849971532821655,
                    0.12786129117012024,
                    0.04544125124812126,
                    0.04255208000540733,
                    0.03888930380344391
                ],
                "key_ts": [
                    -0.00018319403170607984,
                    0.00295239151455462,
                    -0.005384435877203941,
                    0.003784651169553399,
                    -0.002810527104884386,
                    0.0026622707955539227,
                    -0.0011290903203189373,
                    0.0005559072596952319,
                    0.0016464783111587167,
                    0.00014800838835071772,
                    0.007637608330696821,
                    -0.001558181131258607,
                    0.0026848192792385817,
                    -0.0006425711908377707,
                    -0.002791358157992363,
                    0.0028148924466222525,
                    -0.0004033501027151942,
                    -0.00026515297940932214,
                    -0.00011432119936216623,
                    0.0003174013691022992
                ]
            },
            "optimizer_parameters": {
                "y_lr": 0.05,
                "t_lr": 0.05,
                "scheduler_step_size": 10,
                "scheduler_gamma": 0.99
            }
        },
        "thickness_spline": {
            "parameters": {
                "key_xs": [
                    0.0,
                    0.30000001192092896,
                    0.5,
                    0.699999988079071,
                    1.0
                ],
                "key_ys": [
                    0.0,
                    0.009999999776482582,
                    0.013000000268220901,
                    0.009999999776482582,
                    0.0
                ],
                "key_ts": [
                    0.009999999776482582,
                    0.0020000000949949026,
                    0.0,
                    -0.0020000000949949026,
                    -0.009999999776482582
                ]
            },
            "optimizer_parameters": {
                "y_lr": 0.05,
                "t_lr": 0.05,
                "scheduler_step_size": 10,
                "scheduler_gamma": 0.99
            }
        },
        "uv_reshape_bb": {
            "uv": [
                0.3352864583333333,
                0.3352864583333333
            ],
            "size": [
                0.3138020833333333,
                0.3138020833333333
            ]
        }
    },
    "optimizer_parameters": {
        "uv_lr": 0.005,
        "dir_lr": 0.05,
        "scheduler_step_size": 10,
        "scheduler_gamma": 0.99
    }
}