{
    "parameters": {
        "grow_mode": "double_sided",
        "wave_angle": -1.0,
        "start_uv": [
            0.522983729839325,
            0.004855703096836805
        ],
        "end_uv": [
            0.501544713973999,
            -0.007970934733748436
        ],
        "start_dir": [
            -0.39859816431999207
        ],
        "end_dir": [
            -1.5339990854263306
        ],
        "init_height": 0.2,
        "sil_spline": {
            "parameters": {
                "key_xs": [
                    0.0,
                    0.05263157933950424,
                    0.10526315867900848,
                    0.15789473056793213,
                    0.21052631735801697,
                    0.2631579041481018,
                    0.31578946113586426,
                    0.3684210479259491,
                    0.42105263471603394,
                    0.4736842215061188,
                    0.5263158082962036,
                    0.5789473652839661,
                    0.6315789222717285,
                    0.6842105388641357,
                    0.7368420958518982,
                    0.7894736528396606,
                    0.8421052694320679,
                    0.8947368264198303,
                    0.9473684430122375,
                    1.0
                ],
                "key_ys": [
                    0.4983398914337158,
                    0.5781952738761902,
                    0.5640928149223328,
                    0.545029878616333,
                    0.5242319107055664,
                    0.5044122934341431,
                    0.4816186726093292,
                    0.461099237203598,
                    0.4455429017543793,
                    0.4267134964466095,
                    0.41592615842819214,
                    0.3977420926094055,
                    0.3807525038719177,
                    0.3665263056755066,
                    0.3546629250049591,
                    0.34427711367607117,
                    0.30988842248916626,
                    0.056960947811603546,
                    0.07652988284826279,
                    0.05759882181882858
                ],
                "key_ts": [
                    0.002782180905342102,
                    -0.004992582369595766,
                    0.0027069186326116323,
                    0.0010980849619954824,
                    -0.0045142690651118755,
                    0.001627215649932623,
                    0.0004411532427184284,
                    -0.0018341742688789964,
                    0.0007344671175815165,
                    -0.00589290726929903,
                    0.0032982092816382647,
                    -0.004222119227051735,
                    -0.001615075278095901,
                    -0.0014446828281506896,
                    -0.000626863504294306,
                    -0.0013729477068409324,
                    -0.0013063112273812294,
                    -0.0003733683261089027,
                    -0.0003137877502012998,
                    0.00028218195075169206
                ]
            },
            "optimizer_parameters": {
                "y_lr": 0.05,
                "t_lr": 0.05,
                "scheduler_step_size": 10,
                "scheduler_gamma": 0.99
            }
        },
        "thickness_spline": {
            "parameters": {
                "key_xs": [
                    0.0,
                    1.0
                ],
                "key_ys": [
                    0.0,
                    0.0
                ],
                "key_ts": [
                    0.0,
                    0.0
                ]
            },
            "optimizer_parameters": {
                "y_lr": 0,
                "t_lr": 0,
                "scheduler_step_size": 0,
                "scheduler_gamma": 0
            }
        },
        "uv_reshape_bb": {
            "uv": [
                0.3352864583333333,
                0.6686197916666666
            ],
            "size": [
                0.3138020833333333,
                0.3138020833333333
            ]
        }
    },
    "optimizer_parameters": {
        "uv_lr": 0.005,
        "dir_lr": 0.05,
        "scheduler_step_size": 10,
        "scheduler_gamma": 0.99
    }
}