{
    "parameters": {
        "start_uv": [
            0.3463473618030548,
            0.0
        ],
        "end_uv": [
            0.018699731677770615,
            0.0
        ],
        "start_dir": [
            -0.07604046165943146
        ],
        "end_dir": [
            -0.09525124728679657
        ],
        "init_height": 0.2,
        "sil_spline": {
            "parameters": {
                "key_xs": [
                    0.0,
                    0.05263157933950424,
                    0.10526315867900848,
                    0.15789473056793213,
                    0.21052631735801697,
                    0.2631579041481018,
                    0.31578946113586426,
                    0.3684210479259491,
                    0.42105263471603394,
                    0.4736842215061188,
                    0.5263158082962036,
                    0.5789473652839661,
                    0.6315789222717285,
                    0.6842105388641357,
                    0.7368420958518982,
                    0.7894736528396606,
                    0.8421052694320679,
                    0.8947368264198303,
                    0.9473684430122375,
                    1.0
                ],
                "key_ys": [
                    -0.008525182493031025,
                    -0.015076634474098682,
                    -0.03658556565642357,
                    -0.02348407357931137,
                    -0.004048099275678396,
                    -0.007608039304614067,
                    -0.014111788012087345,
                    0.0032726891804486513,
                    0.05327437072992325,
                    0.03841212019324303,
                    0.1663150042295456,
                    0.35291215777397156,
                    0.3539915978908539,
                    0.41768401861190796,
                    0.48696717619895935,
                    0.4840991795063019,
                    0.5849576592445374,
                    0.4367639422416687,
                    0.48287275433540344,
                    0.5662240982055664
                ],
                "key_ts": [
                    -0.3238482177257538,
                    0.27554500102996826,
                    0.16641923785209656,
                    0.09714680910110474,
                    0.06939675658941269,
                    -0.018774181604385376,
                    0.0324333980679512,
                    0.3876284062862396,
                    0.036446601152420044,
                    -0.5286678075790405,
                    0.5505841970443726,
                    -0.13215835392475128,
                    0.7600919604301453,
                    -0.0677957758307457,
                    0.2832390367984772,
                    0.5218332409858704,
                    -0.23705895245075226,
                    -0.2584940195083618,
                    0.5384737849235535,
                    -0.32090261578559875
                ]
            },
            "optimizer_parameters": {
                "y_lr": 0.05,
                "t_lr": 0.05,
                "scheduler_step_size": 20,
                "scheduler_gamma": 0.99
            }
        }
    },
    "optimizer_parameters": {
        "uv_lr": 0.005,
        "dir_lr": 0.005,
        "scheduler_step_size": 20,
        "scheduler_gamma": 0.99
    }
}