{
    "parameters": {
        "start_uv": [
            0.0,
            -0.00010461611964274198
        ],
        "end_uv": [
            0.0,
            1.0009673833847046
        ],
        "start_dir": [
            0.054781459271907806
        ],
        "end_dir": [
            -0.10081299394369125
        ],
        "init_height": 0.2,
        "sil_spline": {
            "parameters": {
                "key_xs": [
                    0.0,
                    0.05263157933950424,
                    0.10526315867900848,
                    0.15789473056793213,
                    0.21052631735801697,
                    0.2631579041481018,
                    0.31578946113586426,
                    0.3684210479259491,
                    0.42105263471603394,
                    0.4736842215061188,
                    0.5263158082962036,
                    0.5789473652839661,
                    0.6315789222717285,
                    0.6842105388641357,
                    0.7368420958518982,
                    0.7894736528396606,
                    0.8421052694320679,
                    0.8947368264198303,
                    0.9473684430122375,
                    1.0
                ],
                "key_ys": [
                    0.978863537311554,
                    0.9072974920272827,
                    0.7589641809463501,
                    0.7300517559051514,
                    0.703744649887085,
                    0.6577149629592896,
                    0.6266019344329834,
                    0.6417279839515686,
                    0.594032347202301,
                    0.6374290585517883,
                    0.6048288941383362,
                    0.6936042904853821,
                    1.0553621053695679,
                    1.0980054140090942,
                    1.0928161144256592,
                    1.095479130744934,
                    1.0929162502288818,
                    1.081386923789978,
                    1.1013407707214355,
                    1.0974020957946777
                ],
                "key_ts": [
                    0.7652541995048523,
                    -0.783236563205719,
                    -0.43308478593826294,
                    -0.40838170051574707,
                    -0.5858891010284424,
                    -0.5358243584632874,
                    -0.3728845715522766,
                    -0.36480313539505005,
                    -0.14923663437366486,
                    0.1209813803434372,
                    -0.28437769412994385,
                    0.726841151714325,
                    0.8875017762184143,
                    0.8826775550842285,
                    0.9009121060371399,
                    0.8807244896888733,
                    0.8790016174316406,
                    0.8780848383903503,
                    0.8646431565284729,
                    -0.9097175598144531
                ]
            },
            "optimizer_parameters": {
                "y_lr": 0.05,
                "t_lr": 0.05,
                "scheduler_step_size": 20,
                "scheduler_gamma": 0.99
            }
        }
    },
    "optimizer_parameters": {
        "uv_lr": 0.005,
        "dir_lr": 0.005,
        "scheduler_step_size": 20,
        "scheduler_gamma": 0.99
    }
}