{
    "parameters": {
        "start_uv": [
            0.008833082392811775,
            1.0
        ],
        "end_uv": [
            0.9218785166740417,
            1.0
        ],
        "start_dir": [
            0.017053687945008278
        ],
        "end_dir": [
            0.04787072911858559
        ],
        "init_height": 0.2,
        "sil_spline": {
            "parameters": {
                "key_xs": [
                    0.0,
                    0.05263157933950424,
                    0.10526315867900848,
                    0.15789473056793213,
                    0.21052631735801697,
                    0.2631579041481018,
                    0.31578946113586426,
                    0.3684210479259491,
                    0.42105263471603394,
                    0.4736842215061188,
                    0.5263158082962036,
                    0.5789473652839661,
                    0.6315789222717285,
                    0.6842105388641357,
                    0.7368420958518982,
                    0.7894736528396606,
                    0.8421052694320679,
                    0.8947368264198303,
                    0.9473684430122375,
                    1.0
                ],
                "key_ys": [
                    0.3770003914833069,
                    0.23133006691932678,
                    0.39745381474494934,
                    0.41840437054634094,
                    0.4118790030479431,
                    0.6708458662033081,
                    0.5762751698493958,
                    0.5239806771278381,
                    0.433180570602417,
                    0.21063865721225739,
                    -0.030329765751957893,
                    -0.01791197620332241,
                    -0.023205142468214035,
                    -0.008777237497270107,
                    -0.02906656265258789,
                    -0.013449626043438911,
                    -0.025200732052326202,
                    -0.019382942467927933,
                    -0.017873911187052727,
                    -0.013162676244974136
                ],
                "key_ts": [
                    -0.07335659116506577,
                    0.4578804671764374,
                    0.14198841154575348,
                    -0.11108144372701645,
                    0.0408683605492115,
                    -0.3599849343299866,
                    -0.07175973057746887,
                    -0.028832564130425453,
                    -0.03737371414899826,
                    -0.5109012722969055,
                    0.5600787997245789,
                    -0.1459546685218811,
                    -0.036553408950567245,
                    -0.3093259930610657,
                    0.02747194841504097,
                    -0.13143739104270935,
                    -0.013523616828024387,
                    -0.016514839604496956,
                    0.11576507985591888,
                    0.1986362785100937
                ]
            },
            "optimizer_parameters": {
                "y_lr": 0.05,
                "t_lr": 0.05,
                "scheduler_step_size": 20,
                "scheduler_gamma": 0.99
            }
        }
    },
    "optimizer_parameters": {
        "uv_lr": 0.005,
        "dir_lr": 0.005,
        "scheduler_step_size": 20,
        "scheduler_gamma": 0.99
    }
}