{
    "parameters": {
        "origin_xy": [
            -0.24973849952220917,
            -0.04530763998627663
        ],
        "origin_z": 0.0,
        "length_x": 2.150448799133301,
        "length_y": 0.0,
        "length_z": 0.0,
        "top_spline": {
            "parameters": {
                "key_xs": [
                    0.0,
                    0.05263157933950424,
                    0.10526315867900848,
                    0.15789473056793213,
                    0.21052631735801697,
                    0.2631579041481018,
                    0.31578946113586426,
                    0.3684210479259491,
                    0.42105263471603394,
                    0.4736842215061188,
                    0.5263158082962036,
                    0.5789473652839661,
                    0.6315789222717285,
                    0.6842105388641357,
                    0.7368420958518982,
                    0.7894736528396606,
                    0.8421052694320679,
                    0.8947368264198303,
                    0.9473684430122375,
                    1.0
                ],
                "key_ys": [
                    0.18818029761314392,
                    0.20968706905841827,
                    0.2586418092250824,
                    0.29705479741096497,
                    0.3328872621059418,
                    0.37490496039390564,
                    0.4098832309246063,
                    0.4475579857826233,
                    0.46277374029159546,
                    0.476723849773407,
                    0.46886637806892395,
                    0.45866042375564575,
                    0.43829283118247986,
                    0.4098484516143799,
                    0.3677355945110321,
                    0.3228619694709778,
                    0.26784512400627136,
                    0.21369673311710358,
                    0.1570906937122345,
                    0.11026830226182938
                ],
                "key_ts": [
                    -0.6643425226211548,
                    0.699897825717926,
                    0.7491275668144226,
                    0.1641131490468979,
                    0.4111312925815582,
                    0.3909851610660553,
                    0.4155162274837494,
                    0.5549232959747314,
                    0.5528070330619812,
                    -0.010305711068212986,
                    -0.2469363808631897,
                    -0.383099228143692,
                    -0.48473432660102844,
                    -0.9563358426094055,
                    -0.6679596304893494,
                    -1.2695393562316895,
                    -1.2820658683776855,
                    -1.3854552507400513,
                    -1.1613407135009766,
                    -0.04294617474079132
                ]
            },
            "optimizer_parameters": {
                "y_lr": 0.05,
                "t_lr": 0.05,
                "scheduler_step_size": 20,
                "scheduler_gamma": 0.99
            }
        },
        "bottom_spline": {
            "parameters": {
                "key_xs": [
                    0.0,
                    0.05263157933950424,
                    0.10526315867900848,
                    0.15789473056793213,
                    0.21052631735801697,
                    0.2631579041481018,
                    0.31578946113586426,
                    0.3684210479259491,
                    0.42105263471603394,
                    0.4736842215061188,
                    0.5263158082962036,
                    0.5789473652839661,
                    0.6315789222717285,
                    0.6842105388641357,
                    0.7368420958518982,
                    0.7894736528396606,
                    0.8421052694320679,
                    0.8947368264198303,
                    0.9473684430122375,
                    1.0
                ],
                "key_ys": [
                    0.08438904583454132,
                    0.10194361209869385,
                    0.1635688692331314,
                    0.2274722158908844,
                    0.28321099281311035,
                    0.32549649477005005,
                    0.36184799671173096,
                    0.39497044682502747,
                    0.4271353781223297,
                    0.44820812344551086,
                    0.4581838548183441,
                    0.4572037160396576,
                    0.45756012201309204,
                    0.44945988059043884,
                    0.4315636157989502,
                    0.4042860269546509,
                    0.36864128708839417,
                    0.32322701811790466,
                    0.26439687609672546,
                    0.15628311038017273
                ],
                "key_ts": [
                    -1.3742436170578003,
                    0.416170597076416,
                    1.3304005861282349,
                    1.9476433992385864,
                    0.7933061122894287,
                    0.7180361151695251,
                    0.6748459339141846,
                    0.6755237579345703,
                    0.5162292122840881,
                    -0.029727835208177567,
                    -0.16603435575962067,
                    -0.0225914865732193,
                    0.04314602538943291,
                    -0.304879754781723,
                    -0.47793108224868774,
                    -0.6872563362121582,
                    -0.9798128604888916,
                    -1.0051307678222656,
                    -1.2590911388397217,
                    -3.487170934677124
                ]
            },
            "optimizer_parameters": {
                "y_lr": 0.05,
                "t_lr": 0.05,
                "scheduler_step_size": 20,
                "scheduler_gamma": 0.99
            }
        }
    },
    "optimizer_parameters": {
        "origin_pos_lr": 0.05,
        "length_xyz_lr": 0.05,
        "scheduler_step_size": 20,
        "scheduler_gamma": 0.99
    }
}