{
    "parameters": {
        "origin_xy": [
            -0.2850385010242462,
            -0.013711897656321526
        ],
        "origin_z": 0.0,
        "length_x": 2.1863887310028076,
        "length_y": 0.0,
        "length_z": 0.0,
        "top_spline": {
            "parameters": {
                "key_xs": [
                    0.0,
                    0.05263157933950424,
                    0.10526315867900848,
                    0.15789473056793213,
                    0.21052631735801697,
                    0.2631579041481018,
                    0.31578946113586426,
                    0.3684210479259491,
                    0.42105263471603394,
                    0.4736842215061188,
                    0.5263158082962036,
                    0.5789473652839661,
                    0.6315789222717285,
                    0.6842105388641357,
                    0.7368420958518982,
                    0.7894736528396606,
                    0.8421052694320679,
                    0.8947368264198303,
                    0.9473684430122375,
                    1.0
                ],
                "key_ys": [
                    0.15734919905662537,
                    0.1681734025478363,
                    0.21389374136924744,
                    0.2686010003089905,
                    0.3185255229473114,
                    0.364288866519928,
                    0.40567657351493835,
                    0.42713505029678345,
                    0.4386036992073059,
                    0.448189377784729,
                    0.4357762038707733,
                    0.43287393450737,
                    0.41218656301498413,
                    0.38808929920196533,
                    0.3418594002723694,
                    0.30099916458129883,
                    0.24413453042507172,
                    0.1857699751853943,
                    0.12978149950504303,
                    0.08136960864067078
                ],
                "key_ts": [
                    -0.6509764790534973,
                    0.33847641944885254,
                    1.116058111190796,
                    0.6270405650138855,
                    0.9614231586456299,
                    0.8120527267456055,
                    0.3500466048717499,
                    0.6322758793830872,
                    0.36666932702064514,
                    0.34917205572128296,
                    -0.30886751413345337,
                    -0.49130091071128845,
                    -0.48834529519081116,
                    -0.8538721203804016,
                    -0.5217456817626953,
                    -1.0282866954803467,
                    -0.9823837876319885,
                    -1.1719036102294922,
                    -0.8613072633743286,
                    0.5569952726364136
                ]
            },
            "optimizer_parameters": {
                "y_lr": 0.05,
                "t_lr": 0.05,
                "scheduler_step_size": 20,
                "scheduler_gamma": 0.99
            }
        },
        "bottom_spline": {
            "parameters": {
                "key_xs": [
                    0.0,
                    0.05263157933950424,
                    0.10526315867900848,
                    0.15789473056793213,
                    0.21052631735801697,
                    0.2631579041481018,
                    0.31578946113586426,
                    0.3684210479259491,
                    0.42105263471603394,
                    0.4736842215061188,
                    0.5263158082962036,
                    0.5789473652839661,
                    0.6315789222717285,
                    0.6842105388641357,
                    0.7368420958518982,
                    0.7894736528396606,
                    0.8421052694320679,
                    0.8947368264198303,
                    0.9473684430122375,
                    1.0
                ],
                "key_ys": [
                    0.1181778684258461,
                    0.12006758153438568,
                    0.18282295763492584,
                    0.2514526844024658,
                    0.30191677808761597,
                    0.34676557779312134,
                    0.3848969340324402,
                    0.4201233685016632,
                    0.45771345496177673,
                    0.4761040508747101,
                    0.48965343832969666,
                    0.4864746928215027,
                    0.4851938486099243,
                    0.4812356233596802,
                    0.4677113890647888,
                    0.4419660270214081,
                    0.4041866362094879,
                    0.35722145438194275,
                    0.2989126741886139,
                    0.20480193197727203
                ],
                "key_ts": [
                    -0.9779826402664185,
                    0.5016053318977356,
                    2.1301817893981934,
                    0.2188296914100647,
                    0.7180125117301941,
                    0.7495176792144775,
                    0.5592640042304993,
                    0.4469745457172394,
                    0.3856164515018463,
                    0.6911351084709167,
                    -0.1526038497686386,
                    -0.0724693089723587,
                    -0.008698941208422184,
                    -0.48888641595840454,
                    -0.4523658752441406,
                    -0.5294719934463501,
                    -0.76057368516922,
                    -0.8123538494110107,
                    -0.39301589131355286,
                    0.1634453684091568
                ]
            },
            "optimizer_parameters": {
                "y_lr": 0.05,
                "t_lr": 0.05,
                "scheduler_step_size": 20,
                "scheduler_gamma": 0.99
            }
        }
    },
    "optimizer_parameters": {
        "origin_pos_lr": 0.05,
        "length_xyz_lr": 0.05,
        "scheduler_step_size": 20,
        "scheduler_gamma": 0.99
    }
}