{
    "0_anal_fin_mask.png": [
        [
            0.5342433951996225,
            0.42809759806884395
        ],
        [
            0.48714775659664145,
            0.4561450006763518
        ]
    ],
    "0_body_mask.png": [
        [
            0.4383551648861101,
            0.5119096232879035
        ],
        [
            0.9306405480938091,
            0.5100819477399631
        ]
    ],
    "0_caudal_fin_mask.png": [
        [
            0.4383125613039176,
            0.47022018583725256
        ],
        [
            0.4383125613039176,
            0.5362982165333287
        ]
    ],
    "0_dorsal_fin_mask.png": [
        [
            0.4864237558590666,
            0.5480764757812697
        ],
        [
            0.6725843336921045,
            0.5984319278019333
        ]
    ],
    "0_pectoral_fin_mask.png": [
        [
            0.7060019032905288,
            0.4586792121986466
        ],
        [
            0.7044048511891131,
            0.4828346252325597
        ]
    ],
    "0_pelvic_fin_mask.png": [
        [
            0.6925074891259548,
            0.3984869636465418
        ],
        [
            0.684708211395525,
            0.4032865191729602
        ]
    ]
}