{
    "parameters": {
        "start_uv": [
            0.5069577097892761,
            0.3177127540111542
        ],
        "end_uv": [
            0.5294250249862671,
            0.47958579659461975
        ],
        "start_dir": [
            -0.07448012381792068
        ],
        "end_dir": [
            -0.0016768784262239933
        ],
        "init_height": 0.2,
        "sil_spline": {
            "parameters": {
                "key_xs": [
                    0.0,
                    0.05263157933950424,
                    0.10526315867900848,
                    0.15789473056793213,
                    0.21052631735801697,
                    0.2631579041481018,
                    0.31578946113586426,
                    0.3684210479259491,
                    0.42105263471603394,
                    0.4736842215061188,
                    0.5263158082962036,
                    0.5789473652839661,
                    0.6315789222717285,
                    0.6842105388641357,
                    0.7368420958518982,
                    0.7894736528396606,
                    0.8421052694320679,
                    0.8947368264198303,
                    0.9473684430122375,
                    1.0
                ],
                "key_ys": [
                    0.3256053030490875,
                    0.3204382658004761,
                    0.3108932375907898,
                    0.3010922968387604,
                    0.36569806933403015,
                    0.3634088933467865,
                    0.3048051595687866,
                    0.3506123125553131,
                    0.33452939987182617,
                    0.39311906695365906,
                    0.37920090556144714,
                    0.3843725621700287,
                    0.3512546122074127,
                    0.3704826235771179,
                    0.37889936566352844,
                    0.34247270226478577,
                    0.3121294677257538,
                    0.24980975687503815,
                    0.18149706721305847,
                    0.2050546407699585
                ],
                "key_ts": [
                    -0.16442066431045532,
                    0.31994038820266724,
                    -0.1588984727859497,
                    0.09370800107717514,
                    0.004148258361965418,
                    -0.05027526617050171,
                    0.4516212046146393,
                    0.19420959055423737,
                    0.16610555350780487,
                    -0.04207207262516022,
                    0.03617226332426071,
                    0.09363042563199997,
                    -0.02095358818769455,
                    -0.0858180820941925,
                    -0.0701272040605545,
                    -0.02377723529934883,
                    -0.07861146330833435,
                    -0.19268929958343506,
                    -0.3178914785385132,
                    0.10495863109827042
                ]
            },
            "optimizer_parameters": {
                "y_lr": 0.05,
                "t_lr": 0.05,
                "scheduler_step_size": 20,
                "scheduler_gamma": 0.99
            }
        }
    },
    "optimizer_parameters": {
        "uv_lr": 0.005,
        "dir_lr": 0.005,
        "scheduler_step_size": 20,
        "scheduler_gamma": 0.99
    }
}