{
    "parameters": {
        "start_uv": [
            0.5436166524887085,
            0.33939746022224426
        ],
        "end_uv": [
            0.5403940081596375,
            0.4585764706134796
        ],
        "start_dir": [
            0.050341710448265076
        ],
        "end_dir": [
            -0.47144752740859985
        ],
        "init_height": 0.2,
        "sil_spline": {
            "parameters": {
                "key_xs": [
                    0.0,
                    0.05263157933950424,
                    0.10526315867900848,
                    0.15789473056793213,
                    0.21052631735801697,
                    0.2631579041481018,
                    0.31578946113586426,
                    0.3684210479259491,
                    0.42105263471603394,
                    0.4736842215061188,
                    0.5263158082962036,
                    0.5789473652839661,
                    0.6315789222717285,
                    0.6842105388641357,
                    0.7368420958518982,
                    0.7894736528396606,
                    0.8421052694320679,
                    0.8947368264198303,
                    0.9473684430122375,
                    1.0
                ],
                "key_ys": [
                    0.25489962100982666,
                    0.21553103625774384,
                    0.2556096017360687,
                    0.2707250118255615,
                    0.28965499997138977,
                    0.3024890124797821,
                    0.32742393016815186,
                    0.34454259276390076,
                    0.35886797308921814,
                    0.3670196831226349,
                    0.3802116811275482,
                    0.4052644670009613,
                    0.42101335525512695,
                    0.4348742663860321,
                    0.4532237648963928,
                    0.4066559970378876,
                    0.3180730938911438,
                    0.22323568165302277,
                    0.2040688395500183,
                    0.2011886090040207
                ],
                "key_ts": [
                    -0.011348491534590721,
                    0.017222611233592033,
                    -0.010849829763174057,
                    0.013473576866090298,
                    0.0026240134611725807,
                    0.010788625106215477,
                    0.011809781193733215,
                    0.007273276336491108,
                    0.008966648019850254,
                    0.0061432598158717155,
                    0.014215684495866299,
                    -0.00033971355878748,
                    0.0038647872861474752,
                    0.003242718055844307,
                    -0.004284914582967758,
                    -0.007550596259534359,
                    -0.0023417354095727205,
                    0.0010556185152381659,
                    -0.008941097185015678,
                    0.0042274706065654755
                ]
            },
            "optimizer_parameters": {
                "y_lr": 0.05,
                "t_lr": 0.05,
                "scheduler_step_size": 10,
                "scheduler_gamma": 0.99
            }
        }
    },
    "optimizer_parameters": {
        "uv_lr": 0.005,
        "dir_lr": 0.05,
        "scheduler_step_size": 10,
        "scheduler_gamma": 0.99
    }
}