{
    "parameters": {
        "start_uv": [
            0.5162868499755859,
            0.04216477647423744
        ],
        "end_uv": [
            0.5004463791847229,
            0.06371837854385376
        ],
        "start_dir": [
            -0.18144439160823822
        ],
        "end_dir": [
            -0.8850533366203308
        ],
        "init_height": 0.2,
        "sil_spline": {
            "parameters": {
                "key_xs": [
                    0.0,
                    0.05263157933950424,
                    0.10526315867900848,
                    0.15789473056793213,
                    0.21052631735801697,
                    0.2631579041481018,
                    0.31578946113586426,
                    0.3684210479259491,
                    0.42105263471603394,
                    0.4736842215061188,
                    0.5263158082962036,
                    0.5789473652839661,
                    0.6315789222717285,
                    0.6842105388641357,
                    0.7368420958518982,
                    0.7894736528396606,
                    0.8421052694320679,
                    0.8947368264198303,
                    0.9473684430122375,
                    1.0
                ],
                "key_ys": [
                    0.3873334527015686,
                    0.31548845767974854,
                    0.43256956338882446,
                    0.4845333695411682,
                    0.5838398933410645,
                    0.7916068434715271,
                    1.0897752046585083,
                    1.0903352499008179,
                    1.0838757753372192,
                    1.071296215057373,
                    1.051995873451233,
                    1.0262985229492188,
                    1.000892996788025,
                    0.9496115446090698,
                    0.8946099281311035,
                    0.8375767469406128,
                    0.7857637405395508,
                    0.7352901697158813,
                    0.6734565496444702,
                    0.593582808971405
                ],
                "key_ts": [
                    -0.005906610284000635,
                    0.013113032095134258,
                    -0.010157410055398941,
                    0.005640511400997639,
                    0.014028004370629787,
                    -0.013263934291899204,
                    -0.009739376604557037,
                    -0.003838101401925087,
                    -0.002672968665137887,
                    -0.009629985317587852,
                    -0.002399640390649438,
                    -0.004176621790975332,
                    -0.00558830751106143,
                    -0.003200083738192916,
                    0.0013974879402667284,
                    -0.008989320136606693,
                    -0.012136089615523815,
                    -0.0004824809147976339,
                    -0.010943162254989147,
                    -0.002933561336249113
                ]
            },
            "optimizer_parameters": {
                "y_lr": 0.05,
                "t_lr": 0.05,
                "scheduler_step_size": 10,
                "scheduler_gamma": 0.99
            }
        }
    },
    "optimizer_parameters": {
        "uv_lr": 0.005,
        "dir_lr": 0.05,
        "scheduler_step_size": 10,
        "scheduler_gamma": 0.99
    }
}