{
    "parameters": {
        "start_uv": [
            0.6563970446586609,
            0.0
        ],
        "end_uv": [
            0.3117852210998535,
            0.0
        ],
        "start_dir": [
            -0.07832564413547516
        ],
        "end_dir": [
            -0.09894762933254242
        ],
        "init_height": 0.2,
        "sil_spline": {
            "parameters": {
                "key_xs": [
                    0.0,
                    0.05263157933950424,
                    0.10526315867900848,
                    0.15789473056793213,
                    0.21052631735801697,
                    0.2631579041481018,
                    0.31578946113586426,
                    0.3684210479259491,
                    0.42105263471603394,
                    0.4736842215061188,
                    0.5263158082962036,
                    0.5789473652839661,
                    0.6315789222717285,
                    0.6842105388641357,
                    0.7368420958518982,
                    0.7894736528396606,
                    0.8421052694320679,
                    0.8947368264198303,
                    0.9473684430122375,
                    1.0
                ],
                "key_ys": [
                    0.04447299242019653,
                    -0.018943432718515396,
                    -0.03631437569856644,
                    -0.04639251530170441,
                    -0.0304642952978611,
                    -0.03678852319717407,
                    0.014670182950794697,
                    0.007034715265035629,
                    0.05021393299102783,
                    0.14061997830867767,
                    0.14829203486442566,
                    0.24635064601898193,
                    0.32815083861351013,
                    0.3616405427455902,
                    0.4323984980583191,
                    0.45374032855033875,
                    0.46715399622917175,
                    0.5283759832382202,
                    0.5664757490158081,
                    0.6171948909759521
                ],
                "key_ts": [
                    -0.3286254107952118,
                    0.31024834513664246,
                    0.21933788061141968,
                    0.15408150851726532,
                    0.08590647578239441,
                    0.1104947105050087,
                    0.15490736067295074,
                    0.16407042741775513,
                    0.33015820384025574,
                    0.2799060046672821,
                    -0.0007388730882667005,
                    0.378812700510025,
                    0.023104723542928696,
                    0.2888376712799072,
                    -0.07093454897403717,
                    0.24159328639507294,
                    0.19881388545036316,
                    0.4084649980068207,
                    0.40711772441864014,
                    -0.4085007905960083
                ]
            },
            "optimizer_parameters": {
                "y_lr": 0.05,
                "t_lr": 0.05,
                "scheduler_step_size": 20,
                "scheduler_gamma": 0.99
            }
        }
    },
    "optimizer_parameters": {
        "uv_lr": 0.005,
        "dir_lr": 0.005,
        "scheduler_step_size": 20,
        "scheduler_gamma": 0.99
    }
}