{
    "parameters": {
        "grow_mode": "single_sided",
        "wave_angle": -1.0471975803375244,
        "start_uv": [
            0.44587936997413635,
            -0.004618472419679165
        ],
        "end_uv": [
            0.0590045303106308,
            -0.003668115008622408
        ],
        "start_dir": [
            -0.10879410803318024
        ],
        "end_dir": [
            -0.7487346529960632
        ],
        "init_height": 0.2,
        "sil_spline": {
            "parameters": {
                "key_xs": [
                    0.0,
                    0.05263157933950424,
                    0.10526315867900848,
                    0.15789473056793213,
                    0.21052631735801697,
                    0.2631579041481018,
                    0.31578946113586426,
                    0.3684210479259491,
                    0.42105263471603394,
                    0.4736842215061188,
                    0.5263158082962036,
                    0.5789473652839661,
                    0.6315789222717285,
                    0.6842105388641357,
                    0.7368420958518982,
                    0.7894736528396606,
                    0.8421052694320679,
                    0.8947368264198303,
                    0.9473684430122375,
                    1.0
                ],
                "key_ys": [
                    0.03315531834959984,
                    0.09899089485406876,
                    0.17642471194267273,
                    0.20620505511760712,
                    0.22445610165596008,
                    0.28817760944366455,
                    0.2911563217639923,
                    0.31371137499809265,
                    0.33800897002220154,
                    0.3212268650531769,
                    0.3293241262435913,
                    0.3314785957336426,
                    0.31927016377449036,
                    0.31689587235450745,
                    0.29943937063217163,
                    0.30271026492118835,
                    0.299753338098526,
                    0.28093504905700684,
                    0.2714079022407532,
                    0.2410169392824173
                ],
                "key_ts": [
                    0.00032033611205406487,
                    -0.005276739597320557,
                    0.009490272961556911,
                    -0.00704552186653018,
                    0.0011923960410058498,
                    0.0023536758963018656,
                    -0.005040377378463745,
                    0.0027568095829337835,
                    -0.005083255469799042,
                    -0.003620738396421075,
                    0.009733418002724648,
                    -0.010162652470171452,
                    0.006713803857564926,
                    -0.0015907753258943558,
                    -0.0030238432809710503,
                    0.009472060017287731,
                    -0.009207705967128277,
                    0.004349409602582455,
                    -0.00785815715789795,
                    4.456947499420494e-05
                ]
            },
            "optimizer_parameters": {
                "y_lr": 0.05,
                "t_lr": 0.05,
                "scheduler_step_size": 10,
                "scheduler_gamma": 0.99
            }
        },
        "thickness_spline": {
            "parameters": {
                "key_xs": [
                    0.0,
                    0.30000001192092896,
                    0.5,
                    0.699999988079071,
                    1.0
                ],
                "key_ys": [
                    0.0,
                    0.029999999329447746,
                    0.03999999910593033,
                    0.029999999329447746,
                    0.0
                ],
                "key_ts": [
                    0.05000000074505806,
                    0.009999999776482582,
                    0.0,
                    -0.009999999776482582,
                    -0.05000000074505806
                ]
            },
            "optimizer_parameters": {
                "y_lr": 0.05,
                "t_lr": 0.05,
                "scheduler_step_size": 10,
                "scheduler_gamma": 0.99
            }
        },
        "uv_reshape_bb": {
            "uv": [
                0.001953125,
                0.3352864583333333
            ],
            "size": [
                0.3138020833333333,
                0.3138020833333333
            ]
        }
    },
    "optimizer_parameters": {
        "uv_lr": 0.005,
        "dir_lr": 0.05,
        "scheduler_step_size": 10,
        "scheduler_gamma": 0.99
    }
}