{
    "parameters": {
        "grow_mode": "single_sided",
        "wave_angle": -1.0471975803375244,
        "start_uv": [
            0.006133473943918943,
            0.14632895588874817
        ],
        "end_uv": [
            0.006161584053188562,
            1.0077695846557617
        ],
        "start_dir": [
            0.379978209733963
        ],
        "end_dir": [
            -2.2593305110931396
        ],
        "init_height": 0.2,
        "sil_spline": {
            "parameters": {
                "key_xs": [
                    0.0,
                    0.05263157933950424,
                    0.10526315867900848,
                    0.15789473056793213,
                    0.21052631735801697,
                    0.2631579041481018,
                    0.31578946113586426,
                    0.3684210479259491,
                    0.42105263471603394,
                    0.4736842215061188,
                    0.5263158082962036,
                    0.5789473652839661,
                    0.6315789222717285,
                    0.6842105388641357,
                    0.7368420958518982,
                    0.7894736528396606,
                    0.8421052694320679,
                    0.8947368264198303,
                    0.9473684430122375,
                    1.0
                ],
                "key_ys": [
                    0.5047571063041687,
                    0.6548177003860474,
                    0.6225159764289856,
                    0.6039409041404724,
                    0.5938048362731934,
                    0.584815502166748,
                    0.5775552988052368,
                    0.5971969962120056,
                    0.6289309859275818,
                    0.6664372086524963,
                    0.771783173084259,
                    0.24619963765144348,
                    0.15552425384521484,
                    0.05708656460046768,
                    -0.013127355836331844,
                    -0.02065942995250225,
                    -0.03402730077505112,
                    -0.010410729795694351,
                    -0.008272463455796242,
                    -0.0010234841611236334
                ],
                "key_ts": [
                    0.00700785918161273,
                    -0.007374036591500044,
                    -0.0023377803154289722,
                    -0.0013203874696046114,
                    -0.0017721423646435142,
                    -0.005230272188782692,
                    0.00520822498947382,
                    -0.002540810499340296,
                    0.006842962000519037,
                    -0.00618460588157177,
                    0.008554745465517044,
                    -0.000769537000451237,
                    -0.003308752551674843,
                    -1.796127799025271e-05,
                    -0.00027215262525714934,
                    -1.3401027899817564e-05,
                    1.9025754227186553e-05,
                    7.175405335146934e-05,
                    -5.008281004847959e-05,
                    0.00022882726625539362
                ]
            },
            "optimizer_parameters": {
                "y_lr": 0.05,
                "t_lr": 0.05,
                "scheduler_step_size": 10,
                "scheduler_gamma": 0.99
            }
        },
        "thickness_spline": {
            "parameters": {
                "key_xs": [
                    0.0,
                    0.30000001192092896,
                    0.5,
                    0.699999988079071,
                    1.0
                ],
                "key_ys": [
                    0.0,
                    0.009999999776482582,
                    0.012000000104308128,
                    0.009999999776482582,
                    0.0
                ],
                "key_ts": [
                    0.009999999776482582,
                    0.0020000000949949026,
                    0.0,
                    -0.0020000000949949026,
                    -0.009999999776482582
                ]
            },
            "optimizer_parameters": {
                "y_lr": 0.05,
                "t_lr": 0.05,
                "scheduler_step_size": 10,
                "scheduler_gamma": 0.99
            }
        },
        "uv_reshape_bb": {
            "uv": [
                0.001953125,
                0.6686197916666666
            ],
            "size": [
                0.3138020833333333,
                0.3138020833333333
            ]
        }
    },
    "optimizer_parameters": {
        "uv_lr": 0.005,
        "dir_lr": 0.05,
        "scheduler_step_size": 10,
        "scheduler_gamma": 0.99
    }
}