{
    "parameters": {
        "grow_mode": "single_sided",
        "wave_angle": -1.0471975803375244,
        "start_uv": [
            0.05698920413851738,
            1.003340721130371
        ],
        "end_uv": [
            0.7637999057769775,
            1.0035278797149658
        ],
        "start_dir": [
            0.6886988878250122
        ],
        "end_dir": [
            -0.3315329849720001
        ],
        "init_height": 0.2,
        "sil_spline": {
            "parameters": {
                "key_xs": [
                    0.0,
                    0.05263157933950424,
                    0.10526315867900848,
                    0.15789473056793213,
                    0.21052631735801697,
                    0.2631579041481018,
                    0.31578946113586426,
                    0.3684210479259491,
                    0.42105263471603394,
                    0.4736842215061188,
                    0.5263158082962036,
                    0.5789473652839661,
                    0.6315789222717285,
                    0.6842105388641357,
                    0.7368420958518982,
                    0.7894736528396606,
                    0.8421052694320679,
                    0.8947368264198303,
                    0.9473684430122375,
                    1.0
                ],
                "key_ys": [
                    0.22900092601776123,
                    0.2552091181278229,
                    0.28365108370780945,
                    0.29620885848999023,
                    0.3142586648464203,
                    0.33334267139434814,
                    0.37060123682022095,
                    0.3916819393634796,
                    0.40920040011405945,
                    0.4220915734767914,
                    0.43412670493125916,
                    0.43149334192276,
                    0.4467381536960602,
                    0.45293310284614563,
                    0.45872753858566284,
                    0.4409486949443817,
                    0.46374598145484924,
                    0.3863528370857239,
                    0.38693442940711975,
                    0.08034392446279526
                ],
                "key_ts": [
                    0.0022835859563201666,
                    -0.008023162372410297,
                    -0.00010799025767482817,
                    -0.005271564237773418,
                    0.008810018189251423,
                    -0.005768768489360809,
                    -0.005273085553199053,
                    0.008918384090065956,
                    -0.009921666234731674,
                    0.009339709766209126,
                    0.01063274685293436,
                    0.01024674903601408,
                    -0.00892725121229887,
                    -0.008195250295102596,
                    0.010168729349970818,
                    -0.008575175888836384,
                    0.0066470555029809475,
                    0.0011348220286890864,
                    -0.002441420452669263,
                    0.006428796332329512
                ]
            },
            "optimizer_parameters": {
                "y_lr": 0.05,
                "t_lr": 0.05,
                "scheduler_step_size": 10,
                "scheduler_gamma": 0.99
            }
        },
        "thickness_spline": {
            "parameters": {
                "key_xs": [
                    0.0,
                    0.10000000149011612,
                    0.5,
                    0.8999999761581421,
                    1.0
                ],
                "key_ys": [
                    0.0,
                    0.03999999910593033,
                    0.05000000074505806,
                    0.03999999910593033,
                    0.0
                ],
                "key_ts": [
                    0.07999999821186066,
                    0.019999999552965164,
                    0.0,
                    -0.019999999552965164,
                    -0.07999999821186066
                ]
            },
            "optimizer_parameters": {
                "y_lr": 0.05,
                "t_lr": 0.05,
                "scheduler_step_size": 10,
                "scheduler_gamma": 0.99
            }
        },
        "uv_reshape_bb": {
            "uv": [
                0.3352864583333333,
                0.001953125
            ],
            "size": [
                0.3138020833333333,
                0.3138020833333333
            ]
        }
    },
    "optimizer_parameters": {
        "uv_lr": 0.005,
        "dir_lr": 0.05,
        "scheduler_step_size": 10,
        "scheduler_gamma": 0.99
    }
}