{
    "parameters": {
        "origin_xy": [
            -1.2981497049331665,
            -0.010418778285384178
        ],
        "origin_z": 0.0,
        "length_x": 3.2158021926879883,
        "length_y": 0.0,
        "length_z": 0.0,
        "uv_reshape_bb": {
            "uv": [
                0.001953125,
                0.001953125
            ],
            "size": [
                0.3138020833333333,
                0.3138020833333333
            ]
        },
        "top_spline": {
            "parameters": {
                "key_xs": [
                    0.0,
                    0.05263157933950424,
                    0.10526315867900848,
                    0.15789473056793213,
                    0.21052631735801697,
                    0.2631579041481018,
                    0.31578946113586426,
                    0.3684210479259491,
                    0.42105263471603394,
                    0.4736842215061188,
                    0.5263158082962036,
                    0.5789473652839661,
                    0.6315789222717285,
                    0.6842105388641357,
                    0.7368420958518982,
                    0.7894736528396606,
                    0.8421052694320679,
                    0.8947368264198303,
                    0.9473684430122375,
                    1.0
                ],
                "key_ys": [
                    0.18350867927074432,
                    0.20676596462726593,
                    0.3632301092147827,
                    0.4692395329475403,
                    0.5591264963150024,
                    0.6371597647666931,
                    0.6942328810691833,
                    0.7310376167297363,
                    0.7656421661376953,
                    0.7899006009101868,
                    0.7994863986968994,
                    0.8056305646896362,
                    0.8025331497192383,
                    0.800857424736023,
                    0.7894856929779053,
                    0.7021134495735168,
                    0.56504887342453,
                    0.4170509874820709,
                    0.17310363054275513,
                    -0.15819337964057922
                ],
                "key_ts": [
                    -0.03931773081421852,
                    0.12306885421276093,
                    0.1265987604856491,
                    0.13441504538059235,
                    0.11952982097864151,
                    0.13008905947208405,
                    0.19534167647361755,
                    0.12360170483589172,
                    0.07834574580192566,
                    -0.12545683979988098,
                    0.26457151770591736,
                    0.07274460792541504,
                    -0.2935166656970978,
                    0.09313704818487167,
                    0.057362738996744156,
                    -0.2824314534664154,
                    0.0118733961135149,
                    -0.2105734944343567,
                    -0.20397061109542847,
                    0.09083829820156097
                ]
            },
            "optimizer_parameters": {
                "y_lr": 0.05,
                "t_lr": 0.05,
                "scheduler_step_size": 10,
                "scheduler_gamma": 0.99
            }
        },
        "bottom_spline": {
            "parameters": {
                "key_xs": [
                    0.0,
                    0.05263157933950424,
                    0.10526315867900848,
                    0.15789473056793213,
                    0.21052631735801697,
                    0.2631579041481018,
                    0.31578946113586426,
                    0.3684210479259491,
                    0.42105263471603394,
                    0.4736842215061188,
                    0.5263158082962036,
                    0.5789473652839661,
                    0.6315789222717285,
                    0.6842105388641357,
                    0.7368420958518982,
                    0.7894736528396606,
                    0.8421052694320679,
                    0.8947368264198303,
                    0.9473684430122375,
                    1.0
                ],
                "key_ys": [
                    0.014223183505237103,
                    0.11434713751077652,
                    0.3250023424625397,
                    0.48396867513656616,
                    0.57673579454422,
                    0.6662391424179077,
                    0.7299925088882446,
                    0.7785925269126892,
                    0.8195250034332275,
                    0.8445597290992737,
                    0.8416074514389038,
                    0.8422983288764954,
                    0.8368240594863892,
                    0.8215541243553162,
                    0.7725622057914734,
                    0.71102374792099,
                    0.6336933970451355,
                    0.5275124907493591,
                    0.3634711802005768,
                    0.17169196903705597
                ],
                "key_ts": [
                    -0.048475682735443115,
                    0.1084546446800232,
                    0.1765838861465454,
                    0.2408042997121811,
                    0.05354062467813492,
                    0.027401991188526154,
                    0.18299737572669983,
                    0.09515377879142761,
                    0.13854169845581055,
                    -0.15003980696201324,
                    0.05431463569402695,
                    0.08310738950967789,
                    -0.11274297535419464,
                    -0.16100464761257172,
                    -0.12148431688547134,
                    -0.10603431612253189,
                    -0.10383809357881546,
                    -0.10812907665967941,
                    -0.05456708371639252,
                    -0.05441908910870552
                ]
            },
            "optimizer_parameters": {
                "y_lr": 0.05,
                "t_lr": 0.05,
                "scheduler_step_size": 10,
                "scheduler_gamma": 0.99
            }
        },
        "thickness_spline": {
            "parameters": {
                "key_xs": [
                    0.0,
                    0.10000000149011612,
                    0.20000000298023224,
                    0.30000001192092896,
                    0.4000000059604645,
                    0.6000000238418579,
                    0.699999988079071,
                    0.800000011920929,
                    0.8999999761581421,
                    1.0
                ],
                "key_ys": [
                    0.0,
                    0.6000000238418579,
                    0.75,
                    0.8299999833106995,
                    0.8999999761581421,
                    0.8500000238418579,
                    0.75,
                    0.6000000238418579,
                    0.4000000059604645,
                    0.0
                ],
                "key_ts": [
                    5.0,
                    4.0,
                    2.0,
                    1.0,
                    0.10000000149011612,
                    -0.10000000149011612,
                    -0.5,
                    -0.699999988079071,
                    -1.0,
                    -4.0
                ]
            },
            "optimizer_parameters": {
                "y_lr": 0.05,
                "t_lr": 0.05,
                "scheduler_step_size": 10,
                "scheduler_gamma": 0.99
            }
        },