{
    "parameters": {
        "grow_mode": "double_sided",
        "wave_angle": -1.2000000476837158,
        "start_uv": [
            0.7045943737030029,
            0.28837448358535767
        ],
        "end_uv": [
            0.7419847846031189,
            0.3396132290363312
        ],
        "start_dir": [
            0.6972799301147461
        ],
        "end_dir": [
            -0.20440541207790375
        ],
        "init_height": 0.2,
        "sil_spline": {
            "parameters": {
                "key_xs": [
                    0.0,
                    0.05263157933950424,
                    0.10526315867900848,
                    0.15789473056793213,
                    0.21052631735801697,
                    0.2631579041481018,
                    0.31578946113586426,
                    0.3684210479259491,
                    0.42105263471603394,
                    0.4736842215061188,
                    0.5263158082962036,
                    0.5789473652839661,
                    0.6315789222717285,
                    0.6842105388641357,
                    0.7368420958518982,
                    0.7894736528396606,
                    0.8421052694320679,
                    0.8947368264198303,
                    0.9473684430122375,
                    1.0
                ],
                "key_ys": [
                    0.21679678559303284,
                    0.22757476568222046,
                    0.2444150745868683,
                    0.2704187035560608,
                    0.28479233384132385,
                    0.3057307004928589,
                    0.3127867579460144,
                    0.33550241589546204,
                    0.35162150859832764,
                    0.3675394654273987,
                    0.38534775376319885,
                    0.4049518406391144,
                    0.42669421434402466,
                    0.45069384574890137,
                    0.4781326949596405,
                    0.5020848512649536,
                    0.5329328775405884,
                    0.553762674331665,
                    0.5701287984848022,
                    -0.05095290765166283
                ],
                "key_ts": [
                    1.623890238988679e-05,
                    -0.0006965483189560473,
                    0.006078965961933136,
                    -0.00212631793692708,
                    0.0014919789973646402,
                    0.004934784024953842,
                    -0.001292463974095881,
                    0.006631709635257721,
                    -0.0008237505680881441,
                    -0.0031661544926464558,
                    -0.0018846301827579737,
                    0.0015667557017877698,
                    0.0026502124965190887,
                    -0.00012762844562530518,
                    -0.0005293612484820187,
                    0.0072135888040065765,
                    -0.007377292029559612,
                    0.007066162768751383,
                    -0.006186380982398987,
                    0.001542549580335617
                ]
            },
            "optimizer_parameters": {
                "y_lr": 0.05,
                "t_lr": 0.05,
                "scheduler_step_size": 10,
                "scheduler_gamma": 0.99
            }
        },
        "thickness_spline": {
            "parameters": {
                "key_xs": [
                    0.0,
                    0.30000001192092896,
                    0.5,
                    0.699999988079071,
                    1.0
                ],
                "key_ys": [
                    0.0,
                    0.009999999776482582,
                    0.013000000268220901,
                    0.009999999776482582,
                    0.0
                ],
                "key_ts": [
                    0.009999999776482582,
                    0.0020000000949949026,
                    0.0,
                    -0.0020000000949949026,
                    -0.009999999776482582
                ]
            },
            "optimizer_parameters": {
                "y_lr": 0.05,
                "t_lr": 0.05,
                "scheduler_step_size": 10,
                "scheduler_gamma": 0.99
            }
        },
        "uv_reshape_bb": {
            "uv": [
                0.3352864583333333,
                0.3352864583333333
            ],
            "size": [
                0.3138020833333333,
                0.3138020833333333
            ]
        }
    },
    "optimizer_parameters": {
        "uv_lr": 0.005,
        "dir_lr": 0.05,
        "scheduler_step_size": 10,
        "scheduler_gamma": 0.99
    }
}