{
    "parameters": {
        "grow_mode": "single_sided",
        "wave_angle": -1.0471975803375244,
        "start_uv": [
            0.12465187907218933,
            -0.0018816703232005239
        ],
        "end_uv": [
            0.23125241696834564,
            1.0001909732818604
        ],
        "start_dir": [
            1.4550938606262207
        ],
        "end_dir": [
            -1.1654218435287476
        ],
        "init_height": 0.2,
        "sil_spline": {
            "parameters": {
                "key_xs": [
                    0.0,
                    0.05263157933950424,
                    0.10526315867900848,
                    0.15789473056793213,
                    0.21052631735801697,
                    0.2631579041481018,
                    0.31578946113586426,
                    0.3684210479259491,
                    0.42105263471603394,
                    0.4736842215061188,
                    0.5263158082962036,
                    0.5789473652839661,
                    0.6315789222717285,
                    0.6842105388641357,
                    0.7368420958518982,
                    0.7894736528396606,
                    0.8421052694320679,
                    0.8947368264198303,
                    0.9473684430122375,
                    1.0
                ],
                "key_ys": [
                    0.26903873682022095,
                    0.4048572778701782,
                    0.4641616940498352,
                    0.7300428152084351,
                    0.8573734164237976,
                    0.9821031093597412,
                    1.070032000541687,
                    1.1188292503356934,
                    1.17329740524292,
                    1.0862115621566772,
                    1.0646367073059082,
                    1.131925344467163,
                    1.1367484331130981,
                    1.1220149993896484,
                    1.1334067583084106,
                    0.9785686731338501,
                    0.7987076640129089,
                    0.6826303601264954,
                    0.4775964021682739,
                    0.2203160524368286
                ],
                "key_ts": [
                    0.0018906485056504607,
                    0.0010634157806634903,
                    0.001798036741092801,
                    0.000357200886355713,
                    0.006935286335647106,
                    -0.006898096762597561,
                    0.003043652046471834,
                    -0.0031239779200404882,
                    -0.0021036379039287567,
                    -0.004852179437875748,
                    0.0036156184505671263,
                    -0.0007109979633241892,
                    0.0037622246891260147,
                    -0.0011346901301294565,
                    0.002127088839188218,
                    0.003458319464698434,
                    -0.0028425538912415504,
                    0.0007552755414508283,
                    -0.0007257593679241836,
                    -0.0011383035453036427
                ]
            },
            "optimizer_parameters": {
                "y_lr": 0.05,
                "t_lr": 0.05,
                "scheduler_step_size": 10,
                "scheduler_gamma": 0.99
            }
        },
        "thickness_spline": {
            "parameters": {
                "key_xs": [
                    0.0,
                    0.30000001192092896,
                    0.5,
                    0.699999988079071,
                    1.0
                ],
                "key_ys": [
                    0.0,
                    0.009999999776482582,
                    0.012000000104308128,
                    0.009999999776482582,
                    0.0
                ],
                "key_ts": [
                    0.009999999776482582,
                    0.0020000000949949026,
                    0.0,
                    -0.0020000000949949026,
                    -0.009999999776482582
                ]
            },
            "optimizer_parameters": {
                "y_lr": 0.05,
                "t_lr": 0.05,
                "scheduler_step_size": 10,
                "scheduler_gamma": 0.99
            }
        },
        "uv_reshape_bb": {
            "uv": [
                0.001953125,
                0.3352864583333333
            ],
            "size": [
                0.3138020833333333,
                0.3138020833333333
            ]
        }
    },
    "optimizer_parameters": {
        "uv_lr": 0.005,
        "dir_lr": 0.05,
        "scheduler_step_size": 10,
        "scheduler_gamma": 0.99
    }
}