{
    "parameters": {
        "grow_mode": "single_sided",
        "wave_angle": -1.0471975803375244,
        "start_uv": [
            0.29721036553382874,
            1.0000147819519043
        ],
        "end_uv": [
            0.5814027190208435,
            1.000481367111206
        ],
        "start_dir": [
            -0.16960597038269043
        ],
        "end_dir": [
            -0.7059392333030701
        ],
        "init_height": 0.2,
        "sil_spline": {
            "parameters": {
                "key_xs": [
                    0.0,
                    0.05263157933950424,
                    0.10526315867900848,
                    0.15789473056793213,
                    0.21052631735801697,
                    0.2631579041481018,
                    0.31578946113586426,
                    0.3684210479259491,
                    0.42105263471603394,
                    0.4736842215061188,
                    0.5263158082962036,
                    0.5789473652839661,
                    0.6315789222717285,
                    0.6842105388641357,
                    0.7368420958518982,
                    0.7894736528396606,
                    0.8421052694320679,
                    0.8947368264198303,
                    0.9473684430122375,
                    1.0
                ],
                "key_ys": [
                    0.05838527902960777,
                    0.07680830359458923,
                    0.24984009563922882,
                    0.3288901150226593,
                    0.33258047699928284,
                    0.39416778087615967,
                    0.39885205030441284,
                    0.44846346974372864,
                    0.44847285747528076,
                    0.40544286370277405,
                    0.3612819314002991,
                    0.31658220291137695,
                    0.2833746075630188,
                    0.2355872392654419,
                    0.19655312597751617,
                    0.15596935153007507,
                    0.10430619865655899,
                    0.07476802915334702,
                    0.02707316167652607,
                    -0.0037073330022394657
                ],
                "key_ts": [
                    -0.0010658069513738155,
                    -0.000618596444837749,
                    0.005836634896695614,
                    -0.0014854714972898364,
                    -0.001788858324289322,
                    -0.0006392158684320748,
                    0.002699923934414983,
                    0.0013883350184187293,
                    0.000157183560077101,
                    -0.00015742352115921676,
                    0.0007890933775343001,
                    -0.0024211122654378414,
                    -0.0014797330368310213,
                    -0.0021952479146420956,
                    -0.0013352222740650177,
                    -0.0034387335181236267,
                    -0.0025912688579410315,
                    -0.0018465855391696095,
                    0.0009970160899683833,
                    3.2987773010972887e-06
                ]
            },
            "optimizer_parameters": {
                "y_lr": 0.05,
                "t_lr": 0.05,
                "scheduler_step_size": 10,
                "scheduler_gamma": 0.99
            }
        },
        "thickness_spline": {
            "parameters": {
                "key_xs": [
                    0.0,
                    0.10000000149011612,
                    0.5,
                    0.8999999761581421,
                    1.0
                ],
                "key_ys": [
                    0.0,
                    0.03999999910593033,
                    0.05000000074505806,
                    0.03999999910593033,
                    0.0
                ],
                "key_ts": [
                    0.07999999821186066,
                    0.019999999552965164,
                    0.0,
                    -0.019999999552965164,
                    -0.07999999821186066
                ]
            },
            "optimizer_parameters": {
                "y_lr": 0.05,
                "t_lr": 0.05,
                "scheduler_step_size": 10,
                "scheduler_gamma": 0.99
            }
        },
        "uv_reshape_bb": {
            "uv": [
                0.001953125,
                0.6686197916666666
            ],
            "size": [
                0.3138020833333333,
                0.3138020833333333
            ]
        }
    },
    "optimizer_parameters": {
        "uv_lr": 0.005,
        "dir_lr": 0.05,
        "scheduler_step_size": 10,
        "scheduler_gamma": 0.99
    }
}