{
    "parameters": {
        "origin_xy": [
            -0.17911040782928467,
            -0.07328865677118301
        ],
        "origin_z": 0.0,
        "length_x": 1.5811256170272827,
        "length_y": 0.0,
        "length_z": 0.0,
        "uv_reshape_bb": {
            "uv": [
                0.001953125,
                0.001953125
            ],
            "size": [
                0.3138020833333333,
                0.3138020833333333
            ]
        },
        "top_spline": {
            "parameters": {
                "key_xs": [
                    0.0,
                    0.05263157933950424,
                    0.10526315867900848,
                    0.15789473056793213,
                    0.21052631735801697,
                    0.2631579041481018,
                    0.31578946113586426,
                    0.3684210479259491,
                    0.42105263471603394,
                    0.4736842215061188,
                    0.5263158082962036,
                    0.5789473652839661,
                    0.6315789222717285,
                    0.6842105388641357,
                    0.7368420958518982,
                    0.7894736528396606,
                    0.8421052694320679,
                    0.8947368264198303,
                    0.9473684430122375,
                    1.0
                ],
                "key_ys": [
                    0.09588528424501419,
                    0.268177330493927,
                    0.3749805688858032,
                    0.46026021242141724,
                    0.5342704653739929,
                    0.5775416493415833,
                    0.6358864903450012,
                    0.669758677482605,
                    0.6941300630569458,
                    0.7056919932365417,
                    0.7071661353111267,
                    0.7099900841712952,
                    0.6685792803764343,
                    0.6127656102180481,
                    0.5530556440353394,
                    0.5029486417770386,
                    0.42368432879447937,
                    0.1661413460969925,
                    0.0055357543751597404,
                    -0.017425786703824997
                ],
                "key_ts": [
                    0.025096215307712555,
                    0.024255989119410515,
                    0.22398166358470917,
                    0.12423549592494965,
                    0.1305905282497406,
                    0.020194940268993378,
                    0.24328215420246124,
                    -0.11245075613260269,
                    0.21362186968326569,
                    0.14718660712242126,
                    -0.07047056406736374,
                    0.1371820867061615,
                    -0.23263470828533173,
                    -0.05931572616100311,
                    -0.22192372381687164,
                    0.14713844656944275,
                    -0.3674301505088806,
                    -0.314199835062027,
                    0.0886690691113472,
                    0.027871688827872276
                ]
            },
            "optimizer_parameters": {
                "y_lr": 0.05,
                "t_lr": 0.05,
                "scheduler_step_size": 10,
                "scheduler_gamma": 0.99
            }
        },
        "bottom_spline": {
            "parameters": {
                "key_xs": [
                    0.0,
                    0.05263157933950424,
                    0.10526315867900848,
                    0.15789473056793213,
                    0.21052631735801697,
                    0.2631579041481018,
                    0.31578946113586426,
                    0.3684210479259491,
                    0.42105263471603394,
                    0.4736842215061188,
                    0.5263158082962036,
                    0.5789473652839661,
                    0.6315789222717285,
                    0.6842105388641357,
                    0.7368420958518982,
                    0.7894736528396606,
                    0.8421052694320679,
                    0.8947368264198303,
                    0.9473684430122375,
                    1.0
                ],
                "key_ys": [
                    0.015531113371253014,
                    0.13083010911941528,
                    0.19564469158649445,
                    0.27068302035331726,
                    0.35189148783683777,
                    0.41519036889076233,
                    0.4701997935771942,
                    0.5023069977760315,
                    0.5219063758850098,
                    0.5407044291496277,
                    0.5427542328834534,
                    0.5419424176216125,
                    0.528460681438446,
                    0.48711952567100525,
                    0.43964287638664246,
                    0.3795924186706543,
                    0.3272009789943695,
                    0.24567951261997223,
                    0.13729293644428253,
                    0.02173742651939392
                ],
                "key_ts": [
                    -0.03732571378350258,
                    0.023518966510891914,
                    0.24820640683174133,
                    0.0951550081372261,
                    0.16789017617702484,
                    0.1758955866098404,
                    0.21010424196720123,
                    0.08109655231237411,
                    0.27423936128616333,
                    0.17015483975410461,
                    -0.018017135560512543,
                    -0.09266875684261322,
                    -0.18075276911258698,
                    -0.10258452594280243,
                    -0.26469430327415466,
                    -0.14479103684425354,
                    0.059047307819128036,
                    -0.26367661356925964,
                    -0.26804083585739136,
                    0.17958860099315643
                ]
            },
            "optimizer_parameters": {
                "y_lr": 0.05,
                "t_lr": 0.05,
                "scheduler_step_size": 10,
                "scheduler_gamma": 0.99
            }
        },
        "thickness_spline": {
            "parameters": {
                "key_xs": [
                    0.0,
                    0.10000000149011612,
                    0.20000000298023224,
                    0.30000001192092896,
                    0.4000000059604645,
                    0.6000000238418579,
                    0.699999988079071,
                    0.800000011920929,
                    0.8999999761581421,
                    1.0
                ],
                "key_ys": [
                    0.0,
                    0.6000000238418579,
                    0.75,
                    0.8299999833106995,
                    0.8999999761581421,
                    0.8500000238418579,
                    0.75,
                    0.6000000238418579,
                    0.4000000059604645,
                    0.0
                ],
                "key_ts": [
                    5.0,
                    4.0,
                    2.0,
                    1.0,
                    0.10000000149011612,
                    -0.10000000149011612,
                    -0.5,
                    -0.699999988079071,
                    -1.0,
                    -4.0
                ]
            },
            "optimizer_parameters": {
                "y_lr": 0.05,
                "t_lr": 0.05,
                "scheduler_step_size": 10,
                "scheduler_gamma": 0.99
            }
        },