{
    "parameters": {
        "grow_mode": "double_sided",
        "wave_angle": -1.2000000476837158,
        "start_uv": [
            0.45524904131889343,
            0.3837870955467224
        ],
        "end_uv": [
            0.46448054909706116,
            0.5021748542785645
        ],
        "start_dir": [
            1.105318546295166
        ],
        "end_dir": [
            -0.5993918776512146
        ],
        "init_height": 0.2,
        "sil_spline": {
            "parameters": {
                "key_xs": [
                    0.0,
                    0.05263157933950424,
                    0.10526315867900848,
                    0.15789473056793213,
                    0.21052631735801697,
                    0.2631579041481018,
                    0.31578946113586426,
                    0.3684210479259491,
                    0.42105263471603394,
                    0.4736842215061188,
                    0.5263158082962036,
                    0.5789473652839661,
                    0.6315789222717285,
                    0.6842105388641357,
                    0.7368420958518982,
                    0.7894736528396606,
                    0.8421052694320679,
                    0.8947368264198303,
                    0.9473684430122375,
                    1.0
                ],
                "key_ys": [
                    0.17009112238883972,
                    0.20865918695926666,
                    0.22183296084403992,
                    0.22559086978435516,
                    0.2225349396467209,
                    0.22285251319408417,
                    0.20807351171970367,
                    0.21128955483436584,
                    0.20196452736854553,
                    0.2006998062133789,
                    0.1894598752260208,
                    0.1883029043674469,
                    0.19045153260231018,
                    0.20425699651241302,
                    0.20714253187179565,
                    0.20706607401371002,
                    0.20835749804973602,
                    0.21188203990459442,
                    0.21133175492286682,
                    0.21629144251346588
                ],
                "key_ts": [
                    0.003773688105866313,
                    -0.0026240695733577013,
                    0.003896052949130535,
                    -0.004882054403424263,
                    0.0033131057862192392,
                    -0.004777880851179361,
                    -0.0018080795416608453,
                    -4.1598188545322046e-05,
                    -0.0028090528212487698,
                    0.005036970134824514,
                    -0.003296516602858901,
                    8.278329187305644e-05,
                    0.0012446800246834755,
                    -0.00205367268063128,
                    -0.003577388357371092,
                    0.005145708564668894,
                    -0.0017625668551772833,
                    0.005922320764511824,
                    -0.0033874099608510733,
                    0.0008148655178956687
                ]
            },
            "optimizer_parameters": {
                "y_lr": 0.05,
                "t_lr": 0.05,
                "scheduler_step_size": 10,
                "scheduler_gamma": 0.99
            }
        },
        "thickness_spline": {
            "parameters": {
                "key_xs": [
                    0.0,
                    0.30000001192092896,
                    0.5,
                    0.699999988079071,
                    1.0
                ],
                "key_ys": [
                    0.0,
                    0.009999999776482582,
                    0.013000000268220901,
                    0.009999999776482582,
                    0.0
                ],
                "key_ts": [
                    0.009999999776482582,
                    0.0020000000949949026,
                    0.0,
                    -0.0020000000949949026,
                    -0.009999999776482582
                ]
            },
            "optimizer_parameters": {
                "y_lr": 0.05,
                "t_lr": 0.05,
                "scheduler_step_size": 10,
                "scheduler_gamma": 0.99
            }
        },
        "uv_reshape_bb": {
            "uv": [
                0.3352864583333333,
                0.001953125
            ],
            "size": [
                0.3138020833333333,
                0.3138020833333333
            ]
        }
    },
    "optimizer_parameters": {
        "uv_lr": 0.005,
        "dir_lr": 0.05,
        "scheduler_step_size": 10,
        "scheduler_gamma": 0.99
    }
}