{
    "parameters": {
        "grow_mode": "single_sided",
        "wave_angle": -1.0471975803375244,
        "start_uv": [
            0.3505309224128723,
            0.01769731193780899
        ],
        "end_uv": [
            0.3208502531051636,
            0.008966485038399696
        ],
        "start_dir": [
            -0.36334407329559326
        ],
        "end_dir": [
            -1.7604013681411743
        ],
        "init_height": 0.2,
        "sil_spline": {
            "parameters": {
                "key_xs": [
                    0.0,
                    0.05263157933950424,
                    0.10526315867900848,
                    0.15789473056793213,
                    0.21052631735801697,
                    0.2631579041481018,
                    0.31578946113586426,
                    0.3684210479259491,
                    0.42105263471603394,
                    0.4736842215061188,
                    0.5263158082962036,
                    0.5789473652839661,
                    0.6315789222717285,
                    0.6842105388641357,
                    0.7368420958518982,
                    0.7894736528396606,
                    0.8421052694320679,
                    0.8947368264198303,
                    0.9473684430122375,
                    1.0
                ],
                "key_ys": [
                    0.07684582471847534,
                    0.10256530344486237,
                    0.2782335579395294,
                    0.3821868598461151,
                    0.4844653606414795,
                    0.5942623615264893,
                    0.7132284641265869,
                    0.5053501725196838,
                    0.49016639590263367,
                    0.41565683484077454,
                    0.4053359031677246,
                    0.3707673251628876,
                    0.03826300799846649,
                    0.10819437354803085,
                    0.10799352824687958,
                    0.09189654141664505,
                    0.054864175617694855,
                    0.049536027014255524,
                    0.04340833052992821,
                    0.04421156644821167
                ],
                "key_ts": [
                    -0.00019922493083868176,
                    0.0025282276328653097,
                    -0.001577194663695991,
                    0.004178056959062815,
                    -0.0022920232731848955,
                    0.009290721267461777,
                    -0.008411510847508907,
                    0.0070282770320773125,
                    -0.0026002887170761824,
                    -0.007128716912120581,
                    -0.00044519794755615294,
                    0.00443380419164896,
                    -0.004585945978760719,
                    -0.00045351983862929046,
                    5.368856727727689e-05,
                    -0.00027604427305050194,
                    -0.00025224575074389577,
                    1.0693934200389776e-05,
                    -0.00016211209003813565,
                    0.00028932225541211665
                ]
            },
            "optimizer_parameters": {
                "y_lr": 0.05,
                "t_lr": 0.05,
                "scheduler_step_size": 10,
                "scheduler_gamma": 0.99
            }
        },
        "thickness_spline": {
            "parameters": {
                "key_xs": [
                    0.0,
                    1.0
                ],
                "key_ys": [
                    0.0,
                    0.0
                ],
                "key_ts": [
                    0.0,
                    0.0
                ]
            },
            "optimizer_parameters": {
                "y_lr": 0,
                "t_lr": 0,
                "scheduler_step_size": 0,
                "scheduler_gamma": 0
            }
        },
        "uv_reshape_bb": {
            "uv": [
                0.3352864583333333,
                0.3352864583333333
            ],
            "size": [
                0.3138020833333333,
                0.3138020833333333
            ]
        }
    },
    "optimizer_parameters": {
        "uv_lr": 0.005,
        "dir_lr": 0.05,
        "scheduler_step_size": 10,
        "scheduler_gamma": 0.99
    }
}