{
    "parameters": {
        "grow_mode": "single_sided",
        "wave_angle": -1.0471975803375244,
        "start_uv": [
            0.265737920999527,
            -0.0006834401283413172
        ],
        "end_uv": [
            0.16875125467777252,
            -0.00014517176896333694
        ],
        "start_dir": [
            -0.5034250617027283
        ],
        "end_dir": [
            -0.836254894733429
        ],
        "init_height": 0.2,
        "sil_spline": {
            "parameters": {
                "key_xs": [
                    0.0,
                    0.05263157933950424,
                    0.10526315867900848,
                    0.15789473056793213,
                    0.21052631735801697,
                    0.2631579041481018,
                    0.31578946113586426,
                    0.3684210479259491,
                    0.42105263471603394,
                    0.4736842215061188,
                    0.5263158082962036,
                    0.5789473652839661,
                    0.6315789222717285,
                    0.6842105388641357,
                    0.7368420958518982,
                    0.7894736528396606,
                    0.8421052694320679,
                    0.8947368264198303,
                    0.9473684430122375,
                    1.0
                ],
                "key_ys": [
                    0.22255370020866394,
                    0.27621209621429443,
                    0.32756903767585754,
                    0.3820931315422058,
                    0.39795830845832825,
                    0.40996259450912476,
                    0.4161009192466736,
                    0.4157836139202118,
                    0.40067753195762634,
                    0.37938088178634644,
                    0.35029885172843933,
                    0.3143118619918823,
                    0.28707388043403625,
                    0.25716540217399597,
                    0.229606494307518,
                    0.19900457561016083,
                    0.16889925301074982,
                    0.11429230123758316,
                    0.09289098531007767,
                    0.0808645635843277
                ],
                "key_ts": [
                    0.016185985878109932,
                    -0.007616655435413122,
                    0.01308432873338461,
                    0.002871481468901038,
                    0.004431438632309437,
                    0.009321230463683605,
                    0.005572489462792873,
                    -0.009500151500105858,
                    -0.02424611896276474,
                    -0.011887754313647747,
                    -0.02517259120941162,
                    -0.019677523523569107,
                    -0.01598624885082245,
                    -0.015920700505375862,
                    -0.013384194113314152,
                    -0.016178414225578308,
                    -0.014284910634160042,
                    -0.010934825986623764,
                    0.0015367013402283192,
                    -0.0016104774549603462
                ]
            },
            "optimizer_parameters": {
                "y_lr": 0.05,
                "t_lr": 0.05,
                "scheduler_step_size": 10,
                "scheduler_gamma": 0.99
            }
        },
        "thickness_spline": {
            "parameters": {
                "key_xs": [
                    0.0,
                    0.30000001192092896,
                    0.5,
                    0.699999988079071,
                    1.0
                ],
                "key_ys": [
                    0.0,
                    0.029999999329447746,
                    0.03999999910593033,
                    0.029999999329447746,
                    0.0
                ],
                "key_ts": [
                    0.05000000074505806,
                    0.009999999776482582,
                    0.0,
                    -0.009999999776482582,
                    -0.05000000074505806
                ]
            },
            "optimizer_parameters": {
                "y_lr": 0.05,
                "t_lr": 0.05,
                "scheduler_step_size": 10,
                "scheduler_gamma": 0.99
            }
        },
        "uv_reshape_bb": {
            "uv": [
                0.0,
                0.3333333333333333
            ],
            "size": [
                0.3333333333333333,
                0.3333333333333333
            ]
        }
    },
    "optimizer_parameters": {
        "uv_lr": 0.005,
        "dir_lr": 0.05,
        "scheduler_step_size": 10,
        "scheduler_gamma": 0.99
    }
}