{
    "parameters": {
        "grow_mode": "single_sided",
        "wave_angle": -1.0471975803375244,
        "start_uv": [
            -0.0012284324038773775,
            -0.00010021989146480337
        ],
        "end_uv": [
            -0.0012248777784407139,
            1.0001516342163086
        ],
        "start_dir": [
            0.3882743716239929
        ],
        "end_dir": [
            -0.2752065062522888
        ],
        "init_height": 0.2,
        "sil_spline": {
            "parameters": {
                "key_xs": [
                    0.0,
                    0.05263157933950424,
                    0.10526315867900848,
                    0.15789473056793213,
                    0.21052631735801697,
                    0.2631579041481018,
                    0.31578946113586426,
                    0.3684210479259491,
                    0.42105263471603394,
                    0.4736842215061188,
                    0.5263158082962036,
                    0.5789473652839661,
                    0.6315789222717285,
                    0.6842105388641357,
                    0.7368420958518982,
                    0.7894736528396606,
                    0.8421052694320679,
                    0.8947368264198303,
                    0.9473684430122375,
                    1.0
                ],
                "key_ys": [
                    0.4220196008682251,
                    0.6134282946586609,
                    0.5649864673614502,
                    0.5109876990318298,
                    0.4710087180137634,
                    0.4406096935272217,
                    0.41288402676582336,
                    0.38979846239089966,
                    0.3733682930469513,
                    0.36656180024147034,
                    0.367802232503891,
                    0.3848048746585846,
                    0.38662803173065186,
                    0.4139828383922577,
                    0.43559730052948,
                    0.4607556164264679,
                    0.48797303438186646,
                    0.514717698097229,
                    0.5835921764373779,
                    0.4216630160808563
                ],
                "key_ts": [
                    0.0042771752923727036,
                    0.015005518682301044,
                    -0.027544815093278885,
                    0.014547503553330898,
                    -0.013062707148492336,
                    -0.013714475557208061,
                    -0.009656909853219986,
                    -0.02743859961628914,
                    -0.019401274621486664,
                    -0.004386591725051403,
                    0.010707074776291847,
                    0.007918111979961395,
                    0.005522535648196936,
                    0.011196712031960487,
                    -0.0025730826891958714,
                    0.032716765999794006,
                    0.00017469481099396944,
                    -0.016036005690693855,
                    0.022451043128967285,
                    -0.00539642758667469
                ]
            },
            "optimizer_parameters": {
                "y_lr": 0.05,
                "t_lr": 0.05,
                "scheduler_step_size": 10,
                "scheduler_gamma": 0.99
            }
        },
        "thickness_spline": {
            "parameters": {
                "key_xs": [
                    0.0,
                    0.30000001192092896,
                    0.5,
                    0.699999988079071,
                    1.0
                ],
                "key_ys": [
                    0.0,
                    0.009999999776482582,
                    0.012000000104308128,
                    0.009999999776482582,
                    0.0
                ],
                "key_ts": [
                    0.009999999776482582,
                    0.0020000000949949026,
                    0.0,
                    -0.0020000000949949026,
                    -0.009999999776482582
                ]
            },
            "optimizer_parameters": {
                "y_lr": 0.05,
                "t_lr": 0.05,
                "scheduler_step_size": 10,
                "scheduler_gamma": 0.99
            }
        },
        "uv_reshape_bb": {
            "uv": [
                0.0,
                0.6666666666666666
            ],
            "size": [
                0.3333333333333333,
                0.3333333333333333
            ]
        }
    },
    "optimizer_parameters": {
        "uv_lr": 0.005,
        "dir_lr": 0.05,
        "scheduler_step_size": 10,
        "scheduler_gamma": 0.99
    }
}