{
    "parameters": {
        "grow_mode": "single_sided",
        "wave_angle": -1.0471975803375244,
        "start_uv": [
            0.24130217730998993,
            1.0008820295333862
        ],
        "end_uv": [
            0.6468775868415833,
            1.0028671026229858
        ],
        "start_dir": [
            -0.42889276146888733
        ],
        "end_dir": [
            0.45236527919769287
        ],
        "init_height": 0.2,
        "sil_spline": {
            "parameters": {
                "key_xs": [
                    0.0,
                    0.05263157933950424,
                    0.10526315867900848,
                    0.15789473056793213,
                    0.21052631735801697,
                    0.2631579041481018,
                    0.31578946113586426,
                    0.3684210479259491,
                    0.42105263471603394,
                    0.4736842215061188,
                    0.5263158082962036,
                    0.5789473652839661,
                    0.6315789222717285,
                    0.6842105388641357,
                    0.7368420958518982,
                    0.7894736528396606,
                    0.8421052694320679,
                    0.8947368264198303,
                    0.9473684430122375,
                    1.0
                ],
                "key_ys": [
                    0.12933261692523956,
                    0.1381884515285492,
                    0.17465408146381378,
                    0.14184656739234924,
                    0.18263153731822968,
                    0.17138998210430145,
                    0.19029948115348816,
                    0.20918215811252594,
                    0.19034092128276825,
                    0.21979166567325592,
                    0.22051914036273956,
                    0.23496651649475098,
                    0.22585369646549225,
                    0.24238204956054688,
                    0.2439391165971756,
                    0.24306008219718933,
                    0.19884245097637177,
                    0.20519767701625824,
                    0.3073796331882477,
                    0.19842076301574707
                ],
                "key_ts": [
                    -0.011497375555336475,
                    0.022514428943395615,
                    -0.009011384099721909,
                    0.017921632155776024,
                    0.020305955782532692,
                    -0.012597094289958477,
                    0.014942916110157967,
                    0.01286460179835558,
                    -0.007782593835145235,
                    -0.0050493888556957245,
                    0.03256365656852722,
                    -0.008067648857831955,
                    0.023697160184383392,
                    -0.045191965997219086,
                    0.035609327256679535,
                    -0.016033370047807693,
                    -0.0011850979644805193,
                    -0.0020127047318965197,
                    0.003602586453780532,
                    -0.006555208470672369
                ]
            },
            "optimizer_parameters": {
                "y_lr": 0.05,
                "t_lr": 0.05,
                "scheduler_step_size": 10,
                "scheduler_gamma": 0.99
            }
        },
        "thickness_spline": {
            "parameters": {
                "key_xs": [
                    0.0,
                    0.10000000149011612,
                    0.5,
                    0.8999999761581421,
                    1.0
                ],
                "key_ys": [
                    0.0,
                    0.03999999910593033,
                    0.05000000074505806,
                    0.03999999910593033,
                    0.0
                ],
                "key_ts": [
                    0.07999999821186066,
                    0.019999999552965164,
                    0.0,
                    -0.019999999552965164,
                    -0.07999999821186066
                ]
            },
            "optimizer_parameters": {
                "y_lr": 0.05,
                "t_lr": 0.05,
                "scheduler_step_size": 10,
                "scheduler_gamma": 0.99
            }
        },
        "uv_reshape_bb": {
            "uv": [
                0.3333333333333333,
                0.0
            ],
            "size": [
                0.3333333333333333,
                0.3333333333333333
            ]
        }
    },
    "optimizer_parameters": {
        "uv_lr": 0.005,
        "dir_lr": 0.05,
        "scheduler_step_size": 10,
        "scheduler_gamma": 0.99
    }
}