{
    "parameters": {
        "origin_xy": [
            -1.6026978492736816,
            0.009298063814640045
        ],
        "origin_z": 0.0,
        "length_x": 3.1770520210266113,
        "length_y": 0.0,
        "length_z": 0.0,
        "uv_reshape_bb": {
            "uv": [
                0.0,
                0.0
            ],
            "size": [
                0.3333333333333333,
                0.3333333333333333
            ]
        },
        "top_spline": {
            "parameters": {
                "key_xs": [
                    0.0,
                    0.05263157933950424,
                    0.10526315867900848,
                    0.15789473056793213,
                    0.21052631735801697,
                    0.2631579041481018,
                    0.31578946113586426,
                    0.3684210479259491,
                    0.42105263471603394,
                    0.4736842215061188,
                    0.5263158082962036,
                    0.5789473652839661,
                    0.6315789222717285,
                    0.6842105388641357,
                    0.7368420958518982,
                    0.7894736528396606,
                    0.8421052694320679,
                    0.8947368264198303,
                    0.9473684430122375,
                    1.0
                ],
                "key_ys": [
                    0.01438487321138382,
                    -0.001668544253334403,
                    0.02013283781707287,
                    0.21785888075828552,
                    0.2853149175643921,
                    0.39014196395874023,
                    0.5000044107437134,
                    0.569957435131073,
                    0.6382076740264893,
                    0.6771359443664551,
                    0.711969792842865,
                    0.7303392291069031,
                    0.7199714183807373,
                    0.6836256384849548,
                    0.6219017505645752,
                    0.5344514846801758,
                    0.42877694964408875,
                    0.316802978515625,
                    0.19820339977741241,
                    0.1377454549074173
                ],
                "key_ts": [
                    -0.08259255439043045,
                    0.01628933846950531,
                    0.036779001355171204,
                    0.3516278862953186,
                    -0.11323341727256775,
                    0.31516724824905396,
                    0.14533507823944092,
                    0.1894497275352478,
                    0.20219148695468903,
                    0.13632865250110626,
                    0.07200973480939865,
                    -0.29808518290519714,
                    0.03480793908238411,
                    -0.13308990001678467,
                    -0.16129674017429352,
                    -0.154091015458107,
                    -0.15323887765407562,
                    -0.1466962993144989,
                    -0.23990222811698914,
                    0.19030453264713287
                ]
            },
            "optimizer_parameters": {
                "y_lr": 0.05,
                "t_lr": 0.05,
                "scheduler_step_size": 10,
                "scheduler_gamma": 0.99
            }
        },
        "bottom_spline": {
            "parameters": {
                "key_xs": [
                    0.0,
                    0.05263157933950424,
                    0.10526315867900848,
                    0.15789473056793213,
                    0.21052631735801697,
                    0.2631579041481018,
                    0.31578946113586426,
                    0.3684210479259491,
                    0.42105263471603394,
                    0.4736842215061188,
                    0.5263158082962036,
                    0.5789473652839661,
                    0.6315789222717285,
                    0.6842105388641357,
                    0.7368420958518982,
                    0.7894736528396606,
                    0.8421052694320679,
                    0.8947368264198303,
                    0.9473684430122375,
                    1.0
                ],
                "key_ys": [
                    0.29702019691467285,
                    0.2777993083000183,
                    0.2912161946296692,
                    0.3420962393283844,
                    0.4214153289794922,
                    0.512415885925293,
                    0.5563253164291382,
                    0.5944168567657471,
                    0.6148731708526611,
                    0.6311169266700745,
                    0.6422103643417358,
                    0.6414543986320496,
                    0.6267383098602295,
                    0.6176239252090454,
                    0.5858780145645142,
                    0.5329508185386658,
                    0.41084176301956177,
                    0.25546929240226746,
                    0.027767494320869446,
                    -0.16004204750061035
                ],
                "key_ts": [
                    -0.06004391983151436,
                    -0.01591992937028408,
                    -0.011282308027148247,
                    0.21811634302139282,
                    0.2266186624765396,
                    0.05205196514725685,
                    0.20029881596565247,
                    0.12480658292770386,
                    0.17428211867809296,
                    0.018347712233662605,
                    -0.16678021848201752,
                    0.020204467698931694,
                    -0.10403580963611603,
                    -0.1345060169696808,
                    -0.1151527613401413,
                    -0.05266575887799263,
                    -0.24919375777244568,
                    -0.06291276961565018,
                    -0.374126136302948,
                    0.25046858191490173
                ]
            },
            "optimizer_parameters": {
                "y_lr": 0.05,
                "t_lr": 0.05,
                "scheduler_step_size": 10,
                "scheduler_gamma": 0.99
            }
        },
        "thickness_spline": {
            "parameters": {
                "key_xs": [
                    0.0,
                    0.10000000149011612,
                    0.20000000298023224,
                    0.30000001192092896,
                    0.4000000059604645,
                    0.6000000238418579,
                    0.699999988079071,
                    0.800000011920929,
                    0.8999999761581421,
                    1.0
                ],
                "key_ys": [
                    0.0,
                    0.6000000238418579,
                    0.75,
                    0.8299999833106995,
                    0.8999999761581421,
                    0.8500000238418579,
                    0.75,
                    0.6000000238418579,
                    0.4000000059604645,
                    0.0
                ],
                "key_ts": [
                    5.0,
                    4.0,
                    2.0,
                    1.0,
                    0.10000000149011612,
                    -0.10000000149011612,
                    -0.5,
                    -0.699999988079071,
                    -1.0,
                    -4.0
                ]
            },
            "optimizer_parameters": {
                "y_lr": 0.05,
                "t_lr": 0.05,
                "scheduler_step_size": 10,
                "scheduler_gamma": 0.99
            }
        },
        "stream_spline": {
            "parameters": {
                "key_xs": [
                    0.0,
                    0.10000000149011612,
                    0.20000000298023224,
                    0.30000001192092896,
                    0.4000000059604645,
                    0.6000000238418579,
                    0.699999988079071,
                    0.800000011920929,
                    0.8999999761581421,
                    1.0
                ],