{
    "parameters": {
        "grow_mode": "double_sided",
        "wave_angle": -1.2000000476837158,
        "start_uv": [
            0.6490503549575806,
            0.3624601364135742
        ],
        "end_uv": [
            0.6335503458976746,
            0.4014214873313904
        ],
        "start_dir": [
            -0.5350969433784485
        ],
        "end_dir": [
            -0.3145239055156708
        ],
        "init_height": 0.2,
        "sil_spline": {
            "parameters": {
                "key_xs": [
                    0.0,
                    0.05263157933950424,
                    0.10526315867900848,
                    0.15789473056793213,
                    0.21052631735801697,
                    0.2631579041481018,
                    0.31578946113586426,
                    0.3684210479259491,
                    0.42105263471603394,
                    0.4736842215061188,
                    0.5263158082962036,
                    0.5789473652839661,
                    0.6315789222717285,
                    0.6842105388641357,
                    0.7368420958518982,
                    0.7894736528396606,
                    0.8421052694320679,
                    0.8947368264198303,
                    0.9473684430122375,
                    1.0
                ],
                "key_ys": [
                    0.3274560272693634,
                    0.29310309886932373,
                    0.31323641538619995,
                    0.3122248947620392,
                    0.3130836486816406,
                    0.31674104928970337,
                    0.3166442811489105,
                    0.3211202621459961,
                    0.338630735874176,
                    0.33568447828292847,
                    0.33237239718437195,
                    0.3301670253276825,
                    0.3450632691383362,
                    0.34009286761283875,
                    0.343397319316864,
                    0.3516705334186554,
                    0.34893175959587097,
                    0.349743127822876,
                    0.3492968678474426,
                    0.3780147135257721
                ],
                "key_ts": [
                    -2.8202681278344244e-05,
                    0.01021387055516243,
                    -0.005462002940475941,
                    -0.002823920687660575,
                    0.006897792220115662,
                    -0.006549372803419828,
                    -0.0036852648481726646,
                    0.002890298841521144,
                    -0.004032631404697895,
                    0.002071559661999345,
                    -0.006115453317761421,
                    -0.00472128065302968,
                    -0.0010620835237205029,
                    -0.007305152248591185,
                    0.0013765002368018031,
                    -0.00674367044121027,
                    -0.002672056667506695,
                    -0.0007970798178575933,
                    -0.012085186317563057,
                    0.002425140468403697
                ]
            },
            "optimizer_parameters": {
                "y_lr": 0.05,
                "t_lr": 0.05,
                "scheduler_step_size": 10,
                "scheduler_gamma": 0.99
            }
        },
        "thickness_spline": {
            "parameters": {
                "key_xs": [
                    0.0,
                    0.30000001192092896,
                    0.5,
                    0.699999988079071,
                    1.0
                ],
                "key_ys": [
                    0.0,
                    0.009999999776482582,
                    0.013000000268220901,
                    0.009999999776482582,
                    0.0
                ],
                "key_ts": [
                    0.009999999776482582,
                    0.0020000000949949026,
                    0.0,
                    -0.0020000000949949026,
                    -0.009999999776482582
                ]
            },
            "optimizer_parameters": {
                "y_lr": 0.05,
                "t_lr": 0.05,
                "scheduler_step_size": 10,
                "scheduler_gamma": 0.99
            }
        },
        "uv_reshape_bb": {
            "uv": [
                0.3333333333333333,
                0.3333333333333333
            ],
            "size": [
                0.3333333333333333,
                0.3333333333333333
            ]
        }
    },
    "optimizer_parameters": {
        "uv_lr": 0.005,
        "dir_lr": 0.05,
        "scheduler_step_size": 10,
        "scheduler_gamma": 0.99
    }
}