{
    "parameters": {
        "grow_mode": "single_sided",
        "wave_angle": -1.0471975803375244,
        "start_uv": [
            0.7403321862220764,
            -0.000575453566852957
        ],
        "end_uv": [
            0.6508393287658691,
            -0.001222682069055736
        ],
        "start_dir": [
            -0.568497896194458
        ],
        "end_dir": [
            -1.1611415147781372
        ],
        "init_height": 0.2,
        "sil_spline": {
            "parameters": {
                "key_xs": [
                    0.0,
                    0.05263157933950424,
                    0.10526315867900848,
                    0.15789473056793213,
                    0.21052631735801697,
                    0.2631579041481018,
                    0.31578946113586426,
                    0.3684210479259491,
                    0.42105263471603394,
                    0.4736842215061188,
                    0.5263158082962036,
                    0.5789473652839661,
                    0.6315789222717285,
                    0.6842105388641357,
                    0.7368420958518982,
                    0.7894736528396606,
                    0.8421052694320679,
                    0.8947368264198303,
                    0.9473684430122375,
                    1.0
                ],
                "key_ys": [
                    0.26302942633628845,
                    0.3160336911678314,
                    0.37752291560173035,
                    0.4226619601249695,
                    0.4089176654815674,
                    0.3878549337387085,
                    0.36191362142562866,
                    0.33721688389778137,
                    0.30494868755340576,
                    0.2663865387439728,
                    0.2255924940109253,
                    0.17819015681743622,
                    0.13566063344478607,
                    0.1110493615269661,
                    0.09377609193325043,
                    0.07723411172628403,
                    0.058759283274412155,
                    0.043480925261974335,
                    0.037206411361694336,
                    0.028013043105602264
                ],
                "key_ts": [
                    0.010403786785900593,
                    -0.0060198018327355385,
                    0.004055624827742577,
                    0.0027391051407903433,
                    -0.0012019987916573882,
                    -0.007128744851797819,
                    -0.009002692066133022,
                    -0.01692996546626091,
                    0.004375912714749575,
                    -0.018642861396074295,
                    -0.0032483735121786594,
                    -0.019690295681357384,
                    -0.013337230309844017,
                    -0.013323983177542686,
                    -0.016536064445972443,
                    -0.015697544440627098,
                    -0.0034283683635294437,
                    -0.0020914701744914055,
                    -0.0061396583914756775,
                    0.0021808973979204893
                ]
            },
            "optimizer_parameters": {
                "y_lr": 0.05,
                "t_lr": 0.05,
                "scheduler_step_size": 10,
                "scheduler_gamma": 0.99
            }
        },
        "thickness_spline": {
            "parameters": {
                "key_xs": [
                    0.0,
                    1.0
                ],
                "key_ys": [
                    0.0,
                    0.0
                ],
                "key_ts": [
                    0.0,
                    0.0
                ]
            },
            "optimizer_parameters": {
                "y_lr": 0,
                "t_lr": 0,
                "scheduler_step_size": 0,
                "scheduler_gamma": 0
            }
        },
        "uv_reshape_bb": {
            "uv": [
                0.3333333333333333,
                0.6666666666666666
            ],
            "size": [
                0.3333333333333333,
                0.3333333333333333
            ]
        }
    },
    "optimizer_parameters": {
        "uv_lr": 0.005,
        "dir_lr": 0.05,
        "scheduler_step_size": 10,
        "scheduler_gamma": 0.99
    }
}