{
    "parameters": {
        "grow_mode": "single_sided",
        "wave_angle": -1.0471975803375244,
        "start_uv": [
            0.4432603120803833,
            -0.005062965210527182
        ],
        "end_uv": [
            0.05924201384186745,
            -1.381745641992893e-05
        ],
        "start_dir": [
            -0.07495538145303726
        ],
        "end_dir": [
            -0.8699105381965637
        ],
        "init_height": 0.2,
        "sil_spline": {
            "parameters": {
                "key_xs": [
                    0.0,
                    0.05263157933950424,
                    0.10526315867900848,
                    0.15789473056793213,
                    0.21052631735801697,
                    0.2631579041481018,
                    0.31578946113586426,
                    0.3684210479259491,
                    0.42105263471603394,
                    0.4736842215061188,
                    0.5263158082962036,
                    0.5789473652839661,
                    0.6315789222717285,
                    0.6842105388641357,
                    0.7368420958518982,
                    0.7894736528396606,
                    0.8421052694320679,
                    0.8947368264198303,
                    0.9473684430122375,
                    1.0
                ],
                "key_ys": [
                    0.029842182993888855,
                    0.08962716907262802,
                    0.16856251657009125,
                    0.20438805222511292,
                    0.2181416153907776,
                    0.28787437081336975,
                    0.29092085361480713,
                    0.3177574574947357,
                    0.3435444235801697,
                    0.3271115720272064,
                    0.337588369846344,
                    0.3396848738193512,
                    0.33002421259880066,
                    0.3284270167350769,
                    0.3115074634552002,
                    0.31512925028800964,
                    0.3100840747356415,
                    0.2914848029613495,
                    0.2835530638694763,
                    0.25145089626312256
                ],
                "key_ts": [
                    0.0006202550721354783,
                    -0.005997851490974426,
                    0.0094625698402524,
                    -0.008143873885273933,
                    0.0012591693084686995,
                    0.0028982735238969326,
                    -0.005914735607802868,
                    0.0048701344057917595,
                    -0.0053124031983315945,
                    -0.0028734267689287663,
                    0.009233938530087471,
                    -0.010119916871190071,
                    0.007705203723162413,
                    -0.006301949266344309,
                    -0.004011719953268766,
                    0.009628708474338055,
                    -0.00879970658570528,
                    0.0036909531336277723,
                    -0.005501289386302233,
                    -0.00040494176209904253
                ]
            },
            "optimizer_parameters": {
                "y_lr": 0.05,
                "t_lr": 0.05,
                "scheduler_step_size": 10,
                "scheduler_gamma": 0.99
            }
        },
        "thickness_spline": {
            "parameters": {
                "key_xs": [
                    0.0,
                    0.30000001192092896,
                    0.5,
                    0.699999988079071,
                    1.0
                ],
                "key_ys": [
                    0.0,
                    0.029999999329447746,
                    0.03999999910593033,
                    0.029999999329447746,
                    0.0
                ],
                "key_ts": [
                    0.05000000074505806,
                    0.009999999776482582,
                    0.0,
                    -0.009999999776482582,
                    -0.05000000074505806
                ]
            },
            "optimizer_parameters": {
                "y_lr": 0.05,
                "t_lr": 0.05,
                "scheduler_step_size": 10,
                "scheduler_gamma": 0.99
            }
        },
        "uv_reshape_bb": {
            "uv": [
                0.001953125,
                0.3352864583333333
            ],
            "size": [
                0.3138020833333333,
                0.3138020833333333
            ]
        }
    },
    "optimizer_parameters": {
        "uv_lr": 0.005,
        "dir_lr": 0.05,
        "scheduler_step_size": 10,
        "scheduler_gamma": 0.99
    }
}