{
    "parameters": {
        "grow_mode": "single_sided",
        "wave_angle": -1.0471975803375244,
        "start_uv": [
            -0.004445428028702736,
            0.15236791968345642
        ],
        "end_uv": [
            -0.007215323392301798,
            1.0001029968261719
        ],
        "start_dir": [
            0.3514539897441864
        ],
        "end_dir": [
            -2.2363884449005127
        ],
        "init_height": 0.2,
        "sil_spline": {
            "parameters": {
                "key_xs": [
                    0.0,
                    0.05263157933950424,
                    0.10526315867900848,
                    0.15789473056793213,
                    0.21052631735801697,
                    0.2631579041481018,
                    0.31578946113586426,
                    0.3684210479259491,
                    0.42105263471603394,
                    0.4736842215061188,
                    0.5263158082962036,
                    0.5789473652839661,
                    0.6315789222717285,
                    0.6842105388641357,
                    0.7368420958518982,
                    0.7894736528396606,
                    0.8421052694320679,
                    0.8947368264198303,
                    0.9473684430122375,
                    1.0
                ],
                "key_ys": [
                    0.5712790489196777,
                    0.6468709707260132,
                    0.617743194103241,
                    0.600685715675354,
                    0.5915355086326599,
                    0.5823230743408203,
                    0.5765417814254761,
                    0.5970403552055359,
                    0.6283434629440308,
                    0.6652610898017883,
                    0.7685422301292419,
                    0.249510258436203,
                    0.15889498591423035,
                    0.06462421268224716,
                    0.0036815644707530737,
                    -0.0359271764755249,
                    -0.026517868041992188,
                    -0.024775024503469467,
                    -0.011407233774662018,
                    -0.006693979725241661
                ],
                "key_ts": [
                    0.005876748822629452,
                    -0.005000357516109943,
                    -0.0022885792423039675,
                    -0.0027291083242744207,
                    -0.00035842499346472323,
                    -0.007216569501906633,
                    0.007452522404491901,
                    -0.0038457957562059164,
                    0.006421148311346769,
                    -0.005582526791840792,
                    0.009377928450703621,
                    -0.0017540610861033201,
                    -0.002280334709212184,
                    3.6423301935428753e-05,
                    -0.0002587113413028419,
                    0.00022219850507099181,
                    -0.00020856346236541867,
                    -1.2745339518005494e-05,
                    -4.208512473269366e-05,
                    0.00020546134328469634
                ]
            },
            "optimizer_parameters": {
                "y_lr": 0.05,
                "t_lr": 0.05,
                "scheduler_step_size": 10,
                "scheduler_gamma": 0.99
            }
        },
        "thickness_spline": {
            "parameters": {
                "key_xs": [
                    0.0,
                    0.30000001192092896,
                    0.5,
                    0.699999988079071,
                    1.0
                ],
                "key_ys": [
                    0.0,
                    0.009999999776482582,
                    0.012000000104308128,
                    0.009999999776482582,
                    0.0
                ],
                "key_ts": [
                    0.009999999776482582,
                    0.0020000000949949026,
                    0.0,
                    -0.0020000000949949026,
                    -0.009999999776482582
                ]
            },
            "optimizer_parameters": {
                "y_lr": 0.05,
                "t_lr": 0.05,
                "scheduler_step_size": 10,
                "scheduler_gamma": 0.99
            }
        },
        "uv_reshape_bb": {
            "uv": [
                0.001953125,
                0.6686197916666666
            ],
            "size": [
                0.3138020833333333,
                0.3138020833333333
            ]
        }
    },
    "optimizer_parameters": {
        "uv_lr": 0.005,
        "dir_lr": 0.05,
        "scheduler_step_size": 10,
        "scheduler_gamma": 0.99
    }
}