{
    "parameters": {
        "grow_mode": "single_sided",
        "wave_angle": -1.0471975803375244,
        "start_uv": [
            0.04718466103076935,
            1.0052132606506348
        ],
        "end_uv": [
            0.7660458087921143,
            1.00277578830719
        ],
        "start_dir": [
            0.5868163108825684
        ],
        "end_dir": [
            -0.2909756004810333
        ],
        "init_height": 0.2,
        "sil_spline": {
            "parameters": {
                "key_xs": [
                    0.0,
                    0.05263157933950424,
                    0.10526315867900848,
                    0.15789473056793213,
                    0.21052631735801697,
                    0.2631579041481018,
                    0.31578946113586426,
                    0.3684210479259491,
                    0.42105263471603394,
                    0.4736842215061188,
                    0.5263158082962036,
                    0.5789473652839661,
                    0.6315789222717285,
                    0.6842105388641357,
                    0.7368420958518982,
                    0.7894736528396606,
                    0.8421052694320679,
                    0.8947368264198303,
                    0.9473684430122375,
                    1.0
                ],
                "key_ys": [
                    0.22842992842197418,
                    0.25475484132766724,
                    0.277645468711853,
                    0.29166513681411743,
                    0.31168830394744873,
                    0.3347600996494293,
                    0.36832475662231445,
                    0.39090582728385925,
                    0.40331798791885376,
                    0.42099690437316895,
                    0.4319759011268616,
                    0.43163204193115234,
                    0.4444817006587982,
                    0.45292967557907104,
                    0.45970940589904785,
                    0.4411320686340332,
                    0.4647778272628784,
                    0.3863789141178131,
                    0.3887310326099396,
                    0.0691705048084259
                ],
                "key_ts": [
                    0.002593574346974492,
                    -0.009826808236539364,
                    0.007355854846537113,
                    -0.0066230627708137035,
                    0.007000683806836605,
                    0.00559240160509944,
                    -0.006023533642292023,
                    0.009023447521030903,
                    -0.010132369585335255,
                    -0.0031182155944406986,
                    0.01015426591038704,
                    0.010678977705538273,
                    -0.008358891122043133,
                    -0.009052417241036892,
                    0.010097600519657135,
                    -0.008334930054843426,
                    0.006222279276698828,
                    0.0005029871826991439,
                    -0.0020466079004108906,
                    0.0059144385159015656
                ]
            },
            "optimizer_parameters": {
                "y_lr": 0.05,
                "t_lr": 0.05,
                "scheduler_step_size": 10,
                "scheduler_gamma": 0.99
            }
        },
        "thickness_spline": {
            "parameters": {
                "key_xs": [
                    0.0,
                    0.10000000149011612,
                    0.5,
                    0.8999999761581421,
                    1.0
                ],
                "key_ys": [
                    0.0,
                    0.03999999910593033,
                    0.05000000074505806,
                    0.03999999910593033,
                    0.0
                ],
                "key_ts": [
                    0.07999999821186066,
                    0.019999999552965164,
                    0.0,
                    -0.019999999552965164,
                    -0.07999999821186066
                ]
            },
            "optimizer_parameters": {
                "y_lr": 0.05,
                "t_lr": 0.05,
                "scheduler_step_size": 10,
                "scheduler_gamma": 0.99
            }
        },
        "uv_reshape_bb": {
            "uv": [
                0.3352864583333333,
                0.001953125
            ],
            "size": [
                0.3138020833333333,
                0.3138020833333333
            ]
        }
    },
    "optimizer_parameters": {
        "uv_lr": 0.005,
        "dir_lr": 0.05,
        "scheduler_step_size": 10,
        "scheduler_gamma": 0.99
    }
}