{
    "parameters": {
        "origin_xy": [
            -1.2802677154541016,
            -0.010570846498012543
        ],
        "origin_z": 0.0,
        "length_x": 3.19831919670105,
        "length_y": 0.0,
        "length_z": 0.0,
        "uv_reshape_bb": {
            "uv": [
                0.001953125,
                0.001953125
            ],
            "size": [
                0.3138020833333333,
                0.3138020833333333
            ]
        },
        "top_spline": {
            "parameters": {
                "key_xs": [
                    0.0,
                    0.05263157933950424,
                    0.10526315867900848,
                    0.15789473056793213,
                    0.21052631735801697,
                    0.2631579041481018,
                    0.31578946113586426,
                    0.3684210479259491,
                    0.42105263471603394,
                    0.4736842215061188,
                    0.5263158082962036,
                    0.5789473652839661,
                    0.6315789222717285,
                    0.6842105388641357,
                    0.7368420958518982,
                    0.7894736528396606,
                    0.8421052694320679,
                    0.8947368264198303,
                    0.9473684430122375,
                    1.0
                ],
                "key_ys": [
                    0.19299374520778656,
                    0.21513044834136963,
                    0.3775785267353058,
                    0.4776228070259094,
                    0.5665509104728699,
                    0.6422871947288513,
                    0.6976215839385986,
                    0.7333099246025085,
                    0.7674705386161804,
                    0.7902134656906128,
                    0.8015278577804565,
                    0.8054310083389282,
                    0.8020137548446655,
                    0.8011967539787292,
                    0.7884331345558167,
                    0.6982482671737671,
                    0.5632261633872986,
                    0.41424593329429626,
                    0.17084746062755585,
                    -0.15927208960056305
                ],
                "key_ts": [
                    -0.21406063437461853,
                    0.3413245379924774,
                    0.0011988633777946234,
                    0.14366514980793,
                    0.12067056447267532,
                    0.13913066685199738,
                    0.20715224742889404,
                    0.15839208662509918,
                    0.09243282675743103,
                    -0.17856302857398987,
                    0.26857084035873413,
                    0.18367184698581696,
                    -0.2836097478866577,
                    0.08201741427183151,
                    0.07526696473360062,
                    -0.28219467401504517,
                    0.006899888161569834,
                    -0.2126668095588684,
                    -0.20754383504390717,
                    0.09318132698535919
                ]
            },
            "optimizer_parameters": {
                "y_lr": 0.05,
                "t_lr": 0.05,
                "scheduler_step_size": 10,
                "scheduler_gamma": 0.99
            }
        },
        "bottom_spline": {
            "parameters": {
                "key_xs": [
                    0.0,
                    0.05263157933950424,
                    0.10526315867900848,
                    0.15789473056793213,
                    0.21052631735801697,
                    0.2631579041481018,
                    0.31578946113586426,
                    0.3684210479259491,
                    0.42105263471603394,
                    0.4736842215061188,
                    0.5263158082962036,
                    0.5789473652839661,
                    0.6315789222717285,
                    0.6842105388641357,
                    0.7368420958518982,
                    0.7894736528396606,
                    0.8421052694320679,
                    0.8947368264198303,
                    0.9473684430122375,
                    1.0
                ],
                "key_ys": [
                    0.03146568313241005,
                    0.12962770462036133,
                    0.3432181477546692,
                    0.49417224526405334,
                    0.5840532183647156,
                    0.6714050769805908,
                    0.7344743609428406,
                    0.7817714810371399,
                    0.8219190835952759,
                    0.8442890644073486,
                    0.8414526581764221,
                    0.8422059416770935,
                    0.8363310098648071,
                    0.8201361894607544,
                    0.7706131339073181,
                    0.709324300289154,
                    0.6317151188850403,
                    0.5256941914558411,
                    0.36145707964897156,
                    0.17088106274604797
                ],
                "key_ts": [
                    -0.19704826176166534,
                    0.3085443377494812,
                    0.10427986085414886,
                    0.2318776249885559,
                    0.13505057990550995,
                    -0.029197363182902336,
                    0.19363121688365936,
                    0.09101958572864532,
                    0.16106568276882172,
                    -0.15360529720783234,
                    0.049555111676454544,
                    0.0807182565331459,
                    -0.08730045706033707,
                    -0.15221863985061646,
                    -0.12107088416814804,
                    -0.10389534384012222,
                    -0.10453538596630096,
                    -0.11476358026266098,
                    -0.04389484226703644,
                    -0.05335351824760437
                ]
            },
            "optimizer_parameters": {
                "y_lr": 0.05,
                "t_lr": 0.05,
                "scheduler_step_size": 10,
                "scheduler_gamma": 0.99
            }
        },
        "thickness_spline": {
            "parameters": {
                "key_xs": [
                    0.0,
                    0.10000000149011612,
                    0.20000000298023224,
                    0.30000001192092896,
                    0.4000000059604645,
                    0.6000000238418579,
                    0.699999988079071,
                    0.800000011920929,
                    0.8999999761581421,
                    1.0
                ],
                "key_ys": [
                    0.0,
                    0.6000000238418579,
                    0.75,
                    0.8299999833106995,
                    0.8999999761581421,
                    0.8500000238418579,
                    0.75,
                    0.6000000238418579,
                    0.4000000059604645,
                    0.0
                ],
                "key_ts": [
                    5.0,
                    4.0,
                    2.0,
                    1.0,
                    0.10000000149011612,
                    -0.10000000149011612,
                    -0.5,
                    -0.699999988079071,
                    -1.0,
                    -4.0
                ]
            },
            "optimizer_parameters": {
                "y_lr": 0.05,
                "t_lr": 0.05,
                "scheduler_step_size": 10,
                "scheduler_gamma": 0.99
            }
        },