{
    "parameters": {
        "grow_mode": "double_sided",
        "wave_angle": -1.2000000476837158,
        "start_uv": [
            0.7016972303390503,
            0.28718820214271545
        ],
        "end_uv": [
            0.7436540722846985,
            0.3459037244319916
        ],
        "start_dir": [
            0.6518425941467285
        ],
        "end_dir": [
            -0.1877116858959198
        ],
        "init_height": 0.2,
        "sil_spline": {
            "parameters": {
                "key_xs": [
                    0.0,
                    0.05263157933950424,
                    0.10526315867900848,
                    0.15789473056793213,
                    0.21052631735801697,
                    0.2631579041481018,
                    0.31578946113586426,
                    0.3684210479259491,
                    0.42105263471603394,
                    0.4736842215061188,
                    0.5263158082962036,
                    0.5789473652839661,
                    0.6315789222717285,
                    0.6842105388641357,
                    0.7368420958518982,
                    0.7894736528396606,
                    0.8421052694320679,
                    0.8947368264198303,
                    0.9473684430122375,
                    1.0
                ],
                "key_ys": [
                    0.21630100905895233,
                    0.22716385126113892,
                    0.24755851924419403,
                    0.272235631942749,
                    0.2878952622413635,
                    0.3084087371826172,
                    0.3154163062572479,
                    0.3404642939567566,
                    0.3536403775215149,
                    0.37041789293289185,
                    0.3878769278526306,
                    0.4070667326450348,
                    0.42803284525871277,
                    0.45117899775505066,
                    0.47684022784233093,
                    0.49875345826148987,
                    0.5277410745620728,
                    0.5449249744415283,
                    0.5651867985725403,
                    -0.044678766280412674
                ],
                "key_ts": [
                    9.83150748652406e-05,
                    -0.0014934916980564594,
                    0.007570013869553804,
                    -0.002857393119484186,
                    0.002919355873018503,
                    -4.154740963713266e-05,
                    0.0029921105597168207,
                    0.0053729889914393425,
                    0.005742221139371395,
                    -0.000274622201686725,
                    -0.0025273433420807123,
                    -0.001141795888543129,
                    -0.0006761596887372434,
                    -0.0003594362933654338,
                    0.0009246625704690814,
                    0.006727889645844698,
                    -0.006619270425289869,
                    0.0035702206660062075,
                    -0.003688839264214039,
                    0.0022486865054816008
                ]
            },
            "optimizer_parameters": {
                "y_lr": 0.05,
                "t_lr": 0.05,
                "scheduler_step_size": 10,
                "scheduler_gamma": 0.99
            }
        },
        "thickness_spline": {
            "parameters": {
                "key_xs": [
                    0.0,
                    0.30000001192092896,
                    0.5,
                    0.699999988079071,
                    1.0
                ],
                "key_ys": [
                    0.0,
                    0.009999999776482582,
                    0.013000000268220901,
                    0.009999999776482582,
                    0.0
                ],
                "key_ts": [
                    0.009999999776482582,
                    0.0020000000949949026,
                    0.0,
                    -0.0020000000949949026,
                    -0.009999999776482582
                ]
            },
            "optimizer_parameters": {
                "y_lr": 0.05,
                "t_lr": 0.05,
                "scheduler_step_size": 10,
                "scheduler_gamma": 0.99
            }
        },
        "uv_reshape_bb": {
            "uv": [
                0.3352864583333333,
                0.3352864583333333
            ],
            "size": [
                0.3138020833333333,
                0.3138020833333333
            ]
        }
    },
    "optimizer_parameters": {
        "uv_lr": 0.005,
        "dir_lr": 0.05,
        "scheduler_step_size": 10,
        "scheduler_gamma": 0.99
    }
}