{
    "parameters": {
        "grow_mode": "single_sided",
        "wave_angle": -1.0471975803375244,
        "start_uv": [
            0.39448854327201843,
            -0.003487895242869854
        ],
        "end_uv": [
            0.08728708326816559,
            -0.0020136369857937098
        ],
        "start_dir": [
            -0.6839663982391357
        ],
        "end_dir": [
            0.1762986183166504
        ],
        "init_height": 0.2,
        "sil_spline": {
            "parameters": {
                "key_xs": [
                    0.0,
                    0.05263157933950424,
                    0.10526315867900848,
                    0.15789473056793213,
                    0.21052631735801697,
                    0.2631579041481018,
                    0.31578946113586426,
                    0.3684210479259491,
                    0.42105263471603394,
                    0.4736842215061188,
                    0.5263158082962036,
                    0.5789473652839661,
                    0.6315789222717285,
                    0.6842105388641357,
                    0.7368420958518982,
                    0.7894736528396606,
                    0.8421052694320679,
                    0.8947368264198303,
                    0.9473684430122375,
                    1.0
                ],
                "key_ys": [
                    0.05162498354911804,
                    0.1308872252702713,
                    0.17876403033733368,
                    0.21890775859355927,
                    0.3593606650829315,
                    0.5724743604660034,
                    0.20406605303287506,
                    0.4496108591556549,
                    0.5363784432411194,
                    0.6153416037559509,
                    0.7780495285987854,
                    0.4244755208492279,
                    0.4469057023525238,
                    0.4562014937400818,
                    0.44681382179260254,
                    0.4274313151836395,
                    0.3820125162601471,
                    0.33883780241012573,
                    0.2729412615299225,
                    0.1869165450334549
                ],
                "key_ts": [
                    -0.004180161282420158,
                    0.006572755053639412,
                    -0.003339259186759591,
                    -0.002013544086366892,
                    0.0014791281428188086,
                    -0.0025659571401774883,
                    0.0007507581613026559,
                    0.005444549955427647,
                    -0.0004517659544944763,
                    0.00020920459064655006,
                    0.007083576172590256,
                    0.0010709509951993823,
                    -0.0031942150089889765,
                    0.0035457981284707785,
                    -0.00566471740603447,
                    -0.008592009544372559,
                    -0.0011818070197477937,
                    0.003371340921148658,
                    -0.005718669388443232,
                    0.00031266885343939066
                ]
            },
            "optimizer_parameters": {
                "y_lr": 0.05,
                "t_lr": 0.05,
                "scheduler_step_size": 10,
                "scheduler_gamma": 0.99
            }
        },
        "thickness_spline": {
            "parameters": {
                "key_xs": [
                    0.0,
                    0.30000001192092896,
                    0.5,
                    0.699999988079071,
                    1.0
                ],
                "key_ys": [
                    0.0,
                    0.029999999329447746,
                    0.03999999910593033,
                    0.029999999329447746,
                    0.0
                ],
                "key_ts": [
                    0.05000000074505806,
                    0.009999999776482582,
                    0.0,
                    -0.009999999776482582,
                    -0.05000000074505806
                ]
            },
            "optimizer_parameters": {
                "y_lr": 0.05,
                "t_lr": 0.05,
                "scheduler_step_size": 10,
                "scheduler_gamma": 0.99
            }
        },
        "uv_reshape_bb": {
            "uv": [
                0.001953125,
                0.3352864583333333
            ],
            "size": [
                0.3138020833333333,
                0.3138020833333333
            ]
        }
    },
    "optimizer_parameters": {
        "uv_lr": 0.005,
        "dir_lr": 0.05,
        "scheduler_step_size": 10,
        "scheduler_gamma": 0.99
    }
}