{
    "parameters": {
        "grow_mode": "single_sided",
        "wave_angle": -1.0471975803375244,
        "start_uv": [
            -0.011443918570876122,
            -0.0024130831006914377
        ],
        "end_uv": [
            -0.012421202845871449,
            1.003137469291687
        ],
        "start_dir": [
            0.6623249053955078
        ],
        "end_dir": [
            -0.5568828582763672
        ],
        "init_height": 0.2,
        "sil_spline": {
            "parameters": {
                "key_xs": [
                    0.0,
                    0.05263157933950424,
                    0.10526315867900848,
                    0.15789473056793213,
                    0.21052631735801697,
                    0.2631579041481018,
                    0.31578946113586426,
                    0.3684210479259491,
                    0.42105263471603394,
                    0.4736842215061188,
                    0.5263158082962036,
                    0.5789473652839661,
                    0.6315789222717285,
                    0.6842105388641357,
                    0.7368420958518982,
                    0.7894736528396606,
                    0.8421052694320679,
                    0.8947368264198303,
                    0.9473684430122375,
                    1.0
                ],
                "key_ys": [
                    0.7418304085731506,
                    0.6070883870124817,
                    0.49436917901039124,
                    0.44915971159935,
                    0.42720648646354675,
                    0.38609352707862854,
                    0.370817631483078,
                    0.34811216592788696,
                    0.3314864933490753,
                    0.3284434974193573,
                    0.3232062757015228,
                    0.33990439772605896,
                    0.35193830728530884,
                    0.3758431673049927,
                    0.39440950751304626,
                    0.43536853790283203,
                    0.4854291081428528,
                    0.5747672915458679,
                    0.7429634928703308,
                    -0.002954971743747592
                ],
                "key_ts": [
                    0.0014304732903838158,
                    -0.0010264317970722914,
                    -0.006031993310898542,
                    0.0036674984730780125,
                    -0.004834436345845461,
                    -0.006990179419517517,
                    0.004522796720266342,
                    -0.008556663058698177,
                    0.005822010803967714,
                    -0.005626463331282139,
                    0.00788454432040453,
                    -0.006524061318486929,
                    0.00927644781768322,
                    -0.004508308134973049,
                    0.007890356704592705,
                    0.004806289449334145,
                    0.0013437356101348996,
                    -0.003423884278163314,
                    0.0022568413987755775,
                    0.003255595453083515
                ]
            },
            "optimizer_parameters": {
                "y_lr": 0.05,
                "t_lr": 0.05,
                "scheduler_step_size": 10,
                "scheduler_gamma": 0.99
            }
        },
        "thickness_spline": {
            "parameters": {
                "key_xs": [
                    0.0,
                    0.30000001192092896,
                    0.5,
                    0.699999988079071,
                    1.0
                ],
                "key_ys": [
                    0.0,
                    0.009999999776482582,
                    0.012000000104308128,
                    0.009999999776482582,
                    0.0
                ],
                "key_ts": [
                    0.009999999776482582,
                    0.0020000000949949026,
                    0.0,
                    -0.0020000000949949026,
                    -0.009999999776482582
                ]
            },
            "optimizer_parameters": {
                "y_lr": 0.05,
                "t_lr": 0.05,
                "scheduler_step_size": 10,
                "scheduler_gamma": 0.99
            }
        },
        "uv_reshape_bb": {
            "uv": [
                0.001953125,
                0.6686197916666666
            ],
            "size": [
                0.3138020833333333,
                0.3138020833333333
            ]
        }
    },
    "optimizer_parameters": {
        "uv_lr": 0.005,
        "dir_lr": 0.05,
        "scheduler_step_size": 10,
        "scheduler_gamma": 0.99
    }
}