{
    "parameters": {
        "grow_mode": "single_sided",
        "wave_angle": -1.0471975803375244,
        "start_uv": [
            0.10273373126983643,
            0.9992212057113647
        ],
        "end_uv": [
            0.7159542441368103,
            1.003949761390686
        ],
        "start_dir": [
            0.3214349150657654
        ],
        "end_dir": [
            0.3635565936565399
        ],
        "init_height": 0.2,
        "sil_spline": {
            "parameters": {
                "key_xs": [
                    0.0,
                    0.05263157933950424,
                    0.10526315867900848,
                    0.15789473056793213,
                    0.21052631735801697,
                    0.2631579041481018,
                    0.31578946113586426,
                    0.3684210479259491,
                    0.42105263471603394,
                    0.4736842215061188,
                    0.5263158082962036,
                    0.5789473652839661,
                    0.6315789222717285,
                    0.6842105388641357,
                    0.7368420958518982,
                    0.7894736528396606,
                    0.8421052694320679,
                    0.8947368264198303,
                    0.9473684430122375,
                    1.0
                ],
                "key_ys": [
                    0.18937329947948456,
                    0.2908072769641876,
                    0.36655887961387634,
                    0.38733944296836853,
                    0.4025577902793884,
                    0.5416737198829651,
                    0.45825934410095215,
                    0.40652036666870117,
                    0.3637942969799042,
                    0.3294123709201813,
                    0.2818257808685303,
                    0.2561034560203552,
                    0.2135968655347824,
                    0.18898485600948334,
                    0.17250065505504608,
                    0.1406874805688858,
                    0.13642627000808716,
                    0.12380831688642502,
                    0.09280502796173096,
                    0.06315140426158905
                ],
                "key_ts": [
                    0.0014360774075612426,
                    0.0024851160123944283,
                    0.0019052985589951277,
                    -0.0023193431552499533,
                    -0.008320881053805351,
                    0.0016065348172560334,
                    -0.008561022579669952,
                    0.00200105388648808,
                    -0.0024760437663644552,
                    -0.009230006486177444,
                    0.008820128627121449,
                    -0.0019031933043152094,
                    -0.00724289333447814,
                    0.0001659716508584097,
                    -0.002575680846348405,
                    -0.008701242506504059,
                    0.009278458543121815,
                    -0.0054463837295770645,
                    -0.005391944199800491,
                    -0.0003676360356621444
                ]
            },
            "optimizer_parameters": {
                "y_lr": 0.05,
                "t_lr": 0.05,
                "scheduler_step_size": 10,
                "scheduler_gamma": 0.99
            }
        },
        "thickness_spline": {
            "parameters": {
                "key_xs": [
                    0.0,
                    0.10000000149011612,
                    0.5,
                    0.8999999761581421,
                    1.0
                ],
                "key_ys": [
                    0.0,
                    0.03999999910593033,
                    0.05000000074505806,
                    0.03999999910593033,
                    0.0
                ],
                "key_ts": [
                    0.07999999821186066,
                    0.019999999552965164,
                    0.0,
                    -0.019999999552965164,
                    -0.07999999821186066
                ]
            },
            "optimizer_parameters": {
                "y_lr": 0.05,
                "t_lr": 0.05,
                "scheduler_step_size": 10,
                "scheduler_gamma": 0.99
            }
        },
        "uv_reshape_bb": {
            "uv": [
                0.3352864583333333,
                0.001953125
            ],
            "size": [
                0.3138020833333333,
                0.3138020833333333
            ]
        }
    },
    "optimizer_parameters": {
        "uv_lr": 0.005,
        "dir_lr": 0.05,
        "scheduler_step_size": 10,
        "scheduler_gamma": 0.99
    }
}