{
    "parameters": {
        "origin_xy": [
            -1.2976185083389282,
            0.02946661040186882
        ],
        "origin_z": 0.0,
        "length_x": 3.3595786094665527,
        "length_y": 0.0,
        "length_z": 0.0,
        "uv_reshape_bb": {
            "uv": [
                0.001953125,
                0.001953125
            ],
            "size": [
                0.3138020833333333,
                0.3138020833333333
            ]
        },
        "top_spline": {
            "parameters": {
                "key_xs": [
                    0.0,
                    0.05263157933950424,
                    0.10526315867900848,
                    0.15789473056793213,
                    0.21052631735801697,
                    0.2631579041481018,
                    0.31578946113586426,
                    0.3684210479259491,
                    0.42105263471603394,
                    0.4736842215061188,
                    0.5263158082962036,
                    0.5789473652839661,
                    0.6315789222717285,
                    0.6842105388641357,
                    0.7368420958518982,
                    0.7894736528396606,
                    0.8421052694320679,
                    0.8947368264198303,
                    0.9473684430122375,
                    1.0
                ],
                "key_ys": [
                    0.19256965816020966,
                    0.12385566532611847,
                    0.14238329231739044,
                    0.2069871574640274,
                    0.36604806780815125,
                    0.5226044058799744,
                    0.6086490750312805,
                    0.6653359532356262,
                    0.70460444688797,
                    0.7315600514411926,
                    0.7516409158706665,
                    0.7566519379615784,
                    0.744769275188446,
                    0.7177762985229492,
                    0.6438724398612976,
                    0.5144134759902954,
                    0.3814876079559326,
                    0.22359175980091095,
                    0.09200597554445267,
                    0.004517069086432457
                ],
                "key_ts": [
                    -0.101811483502388,
                    -0.03119480423629284,
                    0.14911185204982758,
                    0.0546996034681797,
                    0.3162568211555481,
                    0.04694695025682449,
                    0.20115455985069275,
                    0.11341022700071335,
                    -0.17820467054843903,
                    0.2776777148246765,
                    -0.2544545531272888,
                    0.2539680302143097,
                    -0.21456167101860046,
                    0.0668555498123169,
                    -0.25275641679763794,
                    -0.15950001776218414,
                    -0.2120615839958191,
                    0.007456380408257246,
                    -0.35958483815193176,
                    0.222989022731781
                ]
            },
            "optimizer_parameters": {
                "y_lr": 0.05,
                "t_lr": 0.05,
                "scheduler_step_size": 10,
                "scheduler_gamma": 0.99
            }
        },
        "bottom_spline": {
            "parameters": {
                "key_xs": [
                    0.0,
                    0.05263157933950424,
                    0.10526315867900848,
                    0.15789473056793213,
                    0.21052631735801697,
                    0.2631579041481018,
                    0.31578946113586426,
                    0.3684210479259491,
                    0.42105263471603394,
                    0.4736842215061188,
                    0.5263158082962036,
                    0.5789473652839661,
                    0.6315789222717285,
                    0.6842105388641357,
                    0.7368420958518982,
                    0.7894736528396606,
                    0.8421052694320679,
                    0.8947368264198303,
                    0.9473684430122375,
                    1.0
                ],
                "key_ys": [
                    0.2662270963191986,
                    0.1385319083929062,
                    0.13757242262363434,
                    0.18465673923492432,
                    0.38990986347198486,
                    0.5126457810401917,
                    0.5939657092094421,
                    0.6522569060325623,
                    0.7337149381637573,
                    0.7503038644790649,
                    0.7421850562095642,
                    0.7327018976211548,
                    0.7085241079330444,
                    0.681472897529602,
                    0.6007419228553772,
                    0.49376198649406433,
                    0.3950342535972595,
                    0.2220040112733841,
                    0.07988610863685608,
                    -0.010894974693655968
                ],
                "key_ts": [
                    -0.07599914819002151,
                    -0.12474466115236282,
                    0.30091288685798645,
                    0.17835037410259247,
                    0.2217552810907364,
                    0.16974493861198425,
                    -0.018015645444393158,
                    0.2520090341567993,
                    -0.15428338944911957,
                    0.25251808762550354,
                    -0.26094794273376465,
                    -0.12236682325601578,
                    -0.14090792834758759,
                    -0.0890420600771904,
                    -0.1410689651966095,
                    -0.2548803687095642,
                    0.06787293404340744,
                    -0.2985955476760864,
                    -0.09117760509252548,
                    0.1090252622961998
                ]
            },
            "optimizer_parameters": {
                "y_lr": 0.05,
                "t_lr": 0.05,
                "scheduler_step_size": 10,
                "scheduler_gamma": 0.99
            }
        },
        "thickness_spline": {
            "parameters": {
                "key_xs": [
                    0.0,
                    0.10000000149011612,
                    0.20000000298023224,
                    0.30000001192092896,
                    0.4000000059604645,
                    0.6000000238418579,
                    0.699999988079071,
                    0.800000011920929,
                    0.8999999761581421,
                    1.0
                ],
                "key_ys": [
                    0.0,
                    0.6000000238418579,
                    0.75,
                    0.8299999833106995,
                    0.8999999761581421,
                    0.8500000238418579,
                    0.75,
                    0.6000000238418579,
                    0.4000000059604645,
                    0.0
                ],
                "key_ts": [
                    5.0,
                    4.0,
                    2.0,
                    1.0,
                    0.10000000149011612,
                    -0.10000000149011612,
                    -0.5,
                    -0.699999988079071,
                    -1.0,
                    -4.0
                ]
            },
            "optimizer_parameters": {
                "y_lr": 0.05,
                "t_lr": 0.05,
                "scheduler_step_size": 10,
                "scheduler_gamma": 0.99
            }
        },