{
    "parameters": {
        "grow_mode": "double_sided",
        "wave_angle": -1.2000000476837158,
        "start_uv": [
            0.6499996781349182,
            0.27969831228256226
        ],
        "end_uv": [
            0.6649612188339233,
            0.3961588442325592
        ],
        "start_dir": [
            0.768028736114502
        ],
        "end_dir": [
            -0.35100048780441284
        ],
        "init_height": 0.2,
        "sil_spline": {
            "parameters": {
                "key_xs": [
                    0.0,
                    0.05263157933950424,
                    0.10526315867900848,
                    0.15789473056793213,
                    0.21052631735801697,
                    0.2631579041481018,
                    0.31578946113586426,
                    0.3684210479259491,
                    0.42105263471603394,
                    0.4736842215061188,
                    0.5263158082962036,
                    0.5789473652839661,
                    0.6315789222717285,
                    0.6842105388641357,
                    0.7368420958518982,
                    0.7894736528396606,
                    0.8421052694320679,
                    0.8947368264198303,
                    0.9473684430122375,
                    1.0
                ],
                "key_ys": [
                    0.1349259316921234,
                    0.1380017101764679,
                    0.14755100011825562,
                    0.15800747275352478,
                    0.16808626055717468,
                    0.17622432112693787,
                    0.18736329674720764,
                    0.20014773309230804,
                    0.21548216044902802,
                    0.23157674074172974,
                    0.24526023864746094,
                    0.2612699568271637,
                    0.27736449241638184,
                    0.29037603735923767,
                    0.31422117352485657,
                    0.3340027630329132,
                    0.3485680818557739,
                    0.36542120575904846,
                    0.40968793630599976,
                    0.504741907119751
                ],
                "key_ts": [
                    -0.0006236755289137363,
                    0.0016478701727464795,
                    0.0032571919728070498,
                    -0.0010326936608180404,
                    0.00405872194096446,
                    0.0006806043675169349,
                    0.0004708328051492572,
                    0.0007604443817399442,
                    0.0035734539851546288,
                    -0.0009610396227799356,
                    0.004956933204084635,
                    -0.00227914284914732,
                    0.007258038502186537,
                    0.0043329838663339615,
                    0.0055505139753222466,
                    -0.004147772211581469,
                    0.004809546284377575,
                    -0.005001452751457691,
                    0.004520101472735405,
                    -0.00039060888229869306
                ]
            },
            "optimizer_parameters": {
                "y_lr": 0.05,
                "t_lr": 0.05,
                "scheduler_step_size": 10,
                "scheduler_gamma": 0.99
            }
        },
        "thickness_spline": {
            "parameters": {
                "key_xs": [
                    0.0,
                    0.30000001192092896,
                    0.5,
                    0.699999988079071,
                    1.0
                ],
                "key_ys": [
                    0.0,
                    0.009999999776482582,
                    0.013000000268220901,
                    0.009999999776482582,
                    0.0
                ],
                "key_ts": [
                    0.009999999776482582,
                    0.0020000000949949026,
                    0.0,
                    -0.0020000000949949026,
                    -0.009999999776482582
                ]
            },
            "optimizer_parameters": {
                "y_lr": 0.05,
                "t_lr": 0.05,
                "scheduler_step_size": 10,
                "scheduler_gamma": 0.99
            }
        },
        "uv_reshape_bb": {
            "uv": [
                0.3352864583333333,
                0.3352864583333333
            ],
            "size": [
                0.3138020833333333,
                0.3138020833333333
            ]
        }
    },
    "optimizer_parameters": {
        "uv_lr": 0.005,
        "dir_lr": 0.05,
        "scheduler_step_size": 10,
        "scheduler_gamma": 0.99
    }
}