{
    "parameters": {
        "grow_mode": "single_sided",
        "wave_angle": -1.0471975803375244,
        "start_uv": [
            0.6927341818809509,
            -0.0017797814216464758
        ],
        "end_uv": [
            0.4895598888397217,
            -0.004089064430445433
        ],
        "start_dir": [
            -1.2890214920043945
        ],
        "end_dir": [
            -0.5400515794754028
        ],
        "init_height": 0.2,
        "sil_spline": {
            "parameters": {
                "key_xs": [
                    0.0,
                    0.05263157933950424,
                    0.10526315867900848,
                    0.15789473056793213,
                    0.21052631735801697,
                    0.2631579041481018,
                    0.31578946113586426,
                    0.3684210479259491,
                    0.42105263471603394,
                    0.4736842215061188,
                    0.5263158082962036,
                    0.5789473652839661,
                    0.6315789222717285,
                    0.6842105388641357,
                    0.7368420958518982,
                    0.7894736528396606,
                    0.8421052694320679,
                    0.8947368264198303,
                    0.9473684430122375,
                    1.0
                ],
                "key_ys": [
                    0.14179369807243347,
                    0.1524483859539032,
                    0.16181476414203644,
                    0.1372486799955368,
                    0.14202691614627838,
                    0.1314033716917038,
                    0.12969344854354858,
                    0.13825571537017822,
                    0.13620685040950775,
                    0.1229727640748024,
                    0.12128547579050064,
                    0.12155620008707047,
                    0.12825840711593628,
                    0.12686261534690857,
                    0.13217031955718994,
                    0.13522812724113464,
                    0.13817141950130463,
                    0.14148862659931183,
                    0.1433190405368805,
                    0.1627286821603775
                ],
                "key_ts": [
                    0.0020254068076610565,
                    -0.007283273618668318,
                    0.004179386422038078,
                    -8.548941696062684e-05,
                    0.0034339814446866512,
                    -0.0013664615107700229,
                    -0.0015681944787502289,
                    0.0032951361499726772,
                    -0.005120292771607637,
                    0.0014580764109268785,
                    0.0001505303371232003,
                    0.0010971447918564081,
                    -0.005043942481279373,
                    0.0011398635106161237,
                    0.0006637583719566464,
                    0.0012218860210850835,
                    -0.0008840268710628152,
                    0.004470839165151119,
                    -0.005411360412836075,
                    0.004052449483424425
                ]
            },
            "optimizer_parameters": {
                "y_lr": 0.05,
                "t_lr": 0.05,
                "scheduler_step_size": 10,
                "scheduler_gamma": 0.99
            }
        },
        "thickness_spline": {
            "parameters": {
                "key_xs": [
                    0.0,
                    1.0
                ],
                "key_ys": [
                    0.0,
                    0.0
                ],
                "key_ts": [
                    0.0,
                    0.0
                ]
            },
            "optimizer_parameters": {
                "y_lr": 0,
                "t_lr": 0,
                "scheduler_step_size": 0,
                "scheduler_gamma": 0
            }
        },
        "uv_reshape_bb": {
            "uv": [
                0.3352864583333333,
                0.6686197916666666
            ],
            "size": [
                0.3138020833333333,
                0.3138020833333333
            ]
        }
    },
    "optimizer_parameters": {
        "uv_lr": 0.005,
        "dir_lr": 0.05,
        "scheduler_step_size": 10,
        "scheduler_gamma": 0.99
    }
}