{
    "parameters": {
        "grow_mode": "single_sided",
        "wave_angle": -1.0471975803375244,
        "start_uv": [
            0.2476336807012558,
            -0.0007141415262594819
        ],
        "end_uv": [
            0.20546746253967285,
            -0.000632293988019228
        ],
        "start_dir": [
            -0.07309150695800781
        ],
        "end_dir": [
            0.16386476159095764
        ],
        "init_height": 0.2,
        "sil_spline": {
            "parameters": {
                "key_xs": [
                    0.0,
                    0.05263157933950424,
                    0.10526315867900848,
                    0.15789473056793213,
                    0.21052631735801697,
                    0.2631579041481018,
                    0.31578946113586426,
                    0.3684210479259491,
                    0.42105263471603394,
                    0.4736842215061188,
                    0.5263158082962036,
                    0.5789473652839661,
                    0.6315789222717285,
                    0.6842105388641357,
                    0.7368420958518982,
                    0.7894736528396606,
                    0.8421052694320679,
                    0.8947368264198303,
                    0.9473684430122375,
                    1.0
                ],
                "key_ys": [
                    0.26038283109664917,
                    0.2625283896923065,
                    0.30455905199050903,
                    0.30872756242752075,
                    0.31373754143714905,
                    0.33663609623908997,
                    0.3403545618057251,
                    0.34385669231414795,
                    0.3417758643627167,
                    0.33959195017814636,
                    0.34241536259651184,
                    0.34369271993637085,
                    0.3457258343696594,
                    0.35126227140426636,
                    0.36083051562309265,
                    0.366312175989151,
                    0.3664575219154358,
                    0.36841827630996704,
                    0.371049702167511,
                    0.3733980357646942
                ],
                "key_ts": [
                    0.00014227256178855896,
                    0.003958364017307758,
                    0.004333354998379946,
                    -0.0007126189302653074,
                    -0.00028561672661453485,
                    0.004952848888933659,
                    -0.002749219536781311,
                    0.0029289736412465572,
                    -0.0028141250368207693,
                    0.004579978063702583,
                    -0.0018013123190030456,
                    -0.001924743759445846,
                    -0.00033791473833844066,
                    -0.0014681500615552068,
                    0.0038583639543503523,
                    -0.006025679875165224,
                    -0.003125559538602829,
                    0.0014516102382913232,
                    -0.008344674482941628,
                    0.00021607130474876612
                ]
            },
            "optimizer_parameters": {
                "y_lr": 0.05,
                "t_lr": 0.05,
                "scheduler_step_size": 10,
                "scheduler_gamma": 0.99
            }
        },
        "thickness_spline": {
            "parameters": {
                "key_xs": [
                    0.0,
                    0.30000001192092896,
                    0.5,
                    0.699999988079071,
                    1.0
                ],
                "key_ys": [
                    0.0,
                    0.029999999329447746,
                    0.03999999910593033,
                    0.029999999329447746,
                    0.0
                ],
                "key_ts": [
                    0.05000000074505806,
                    0.009999999776482582,
                    0.0,
                    -0.009999999776482582,
                    -0.05000000074505806
                ]
            },
            "optimizer_parameters": {
                "y_lr": 0.05,
                "t_lr": 0.05,
                "scheduler_step_size": 10,
                "scheduler_gamma": 0.99
            }
        },
        "uv_reshape_bb": {
            "uv": [
                0.0,
                0.6666666666666666
            ],
            "size": [
                0.3138020833333333,
                0.3138020833333333
            ]
        }
    },
    "optimizer_parameters": {
        "uv_lr": 0.005,
        "dir_lr": 0.05,
        "scheduler_step_size": 10,
        "scheduler_gamma": 0.99
    }
}