{
    "parameters": {
        "grow_mode": "single_sided",
        "wave_angle": -1.0471975803375244,
        "start_uv": [
            0.5308941006660461,
            -0.0024289926514029503
        ],
        "end_uv": [
            0.40795838832855225,
            -0.001369169563986361
        ],
        "start_dir": [
            -0.7842610478401184
        ],
        "end_dir": [
            -1.330401062965393
        ],
        "init_height": 0.2,
        "sil_spline": {
            "parameters": {
                "key_xs": [
                    0.0,
                    0.05263157933950424,
                    0.10526315867900848,
                    0.15789473056793213,
                    0.21052631735801697,
                    0.2631579041481018,
                    0.31578946113586426,
                    0.3684210479259491,
                    0.42105263471603394,
                    0.4736842215061188,
                    0.5263158082962036,
                    0.5789473652839661,
                    0.6315789222717285,
                    0.6842105388641357,
                    0.7368420958518982,
                    0.7894736528396606,
                    0.8421052694320679,
                    0.8947368264198303,
                    0.9473684430122375,
                    1.0
                ],
                "key_ys": [
                    0.1727878600358963,
                    0.410612016916275,
                    0.5014126896858215,
                    0.5844010710716248,
                    0.6453787088394165,
                    0.6997081637382507,
                    0.7325954437255859,
                    0.7600287795066833,
                    0.7849407196044922,
                    0.7824603319168091,
                    0.7685334086418152,
                    0.751776397228241,
                    0.7439541816711426,
                    0.6822011470794678,
                    0.5912366509437561,
                    0.5312865972518921,
                    0.47886326909065247,
                    0.41174307465553284,
                    0.18023277819156647,
                    0.18550731241703033
                ],
                "key_ts": [
                    0.010411782190203667,
                    -0.013746164739131927,
                    0.005049530882388353,
                    0.0086428327485919,
                    0.027425464242696762,
                    -0.008796487003564835,
                    0.005287164356559515,
                    0.035635389387607574,
                    0.0004887673421762884,
                    0.014357836917042732,
                    -0.0010985101107507944,
                    -0.0105469711124897,
                    0.003465717425569892,
                    -0.01647019013762474,
                    -0.023730816319584846,
                    -0.003310100408270955,
                    -0.01841318979859352,
                    -0.005663619842380285,
                    -0.0010814372217282653,
                    -0.0006130130495876074
                ]
            },
            "optimizer_parameters": {
                "y_lr": 0.05,
                "t_lr": 0.05,
                "scheduler_step_size": 10,
                "scheduler_gamma": 0.99
            }
        },
        "thickness_spline": {
            "parameters": {
                "key_xs": [
                    0.0,
                    0.30000001192092896,
                    0.5,
                    0.699999988079071,
                    1.0
                ],
                "key_ys": [
                    0.0,
                    0.029999999329447746,
                    0.03999999910593033,
                    0.029999999329447746,
                    0.0
                ],
                "key_ts": [
                    0.05000000074505806,
                    0.009999999776482582,
                    0.0,
                    -0.009999999776482582,
                    -0.05000000074505806
                ]
            },
            "optimizer_parameters": {
                "y_lr": 0.05,
                "t_lr": 0.05,
                "scheduler_step_size": 10,
                "scheduler_gamma": 0.99
            }
        },
        "uv_reshape_bb": {
            "uv": [
                0.0,
                0.3333333333333333
            ],
            "size": [
                0.3138020833333333,
                0.3138020833333333
            ]
        }
    },
    "optimizer_parameters": {
        "uv_lr": 0.005,
        "dir_lr": 0.05,
        "scheduler_step_size": 10,
        "scheduler_gamma": 0.99
    }
}