{
    "parameters": {
        "grow_mode": "single_sided",
        "wave_angle": -1.0471975803375244,
        "start_uv": [
            0.08751332759857178,
            -0.0017301746411249042
        ],
        "end_uv": [
            0.027742082253098488,
            1.000359058380127
        ],
        "start_dir": [
            1.0388777256011963
        ],
        "end_dir": [
            -0.954728364944458
        ],
        "init_height": 0.2,
        "sil_spline": {
            "parameters": {
                "key_xs": [
                    0.0,
                    0.05263157933950424,
                    0.10526315867900848,
                    0.15789473056793213,
                    0.21052631735801697,
                    0.2631579041481018,
                    0.31578946113586426,
                    0.3684210479259491,
                    0.42105263471603394,
                    0.4736842215061188,
                    0.5263158082962036,
                    0.5789473652839661,
                    0.6315789222717285,
                    0.6842105388641357,
                    0.7368420958518982,
                    0.7894736528396606,
                    0.8421052694320679,
                    0.8947368264198303,
                    0.9473684430122375,
                    1.0
                ],
                "key_ys": [
                    0.0724250003695488,
                    0.6354570984840393,
                    0.7180740237236023,
                    0.7768681049346924,
                    0.8011229634284973,
                    0.8012247085571289,
                    0.7860589623451233,
                    0.7613831758499146,
                    0.7253040075302124,
                    0.6952655911445618,
                    0.6738368272781372,
                    0.6613142490386963,
                    0.6621327996253967,
                    0.6696734428405762,
                    0.6806707382202148,
                    0.6990334391593933,
                    0.7106611728668213,
                    0.7236963510513306,
                    0.724902868270874,
                    0.23363973200321198
                ],
                "key_ts": [
                    0.01293550617992878,
                    -0.03283632546663284,
                    0.03423072397708893,
                    -0.0057449666783213615,
                    -0.0022611133754253387,
                    -0.020946823060512543,
                    0.02197331003844738,
                    -0.014179138466715813,
                    -0.028614895418286324,
                    -0.031377822160720825,
                    -0.012536452151834965,
                    0.019791867583990097,
                    -0.001778080710209906,
                    0.017229223623871803,
                    0.00898859091103077,
                    -0.016440780833363533,
                    0.03008120507001877,
                    -0.007257313001900911,
                    -0.007949838414788246,
                    -0.00216037780046463
                ]
            },
            "optimizer_parameters": {
                "y_lr": 0.05,
                "t_lr": 0.05,
                "scheduler_step_size": 10,
                "scheduler_gamma": 0.99
            }
        },
        "thickness_spline": {
            "parameters": {
                "key_xs": [
                    0.0,
                    0.30000001192092896,
                    0.5,
                    0.699999988079071,
                    1.0
                ],
                "key_ys": [
                    0.0,
                    0.009999999776482582,
                    0.012000000104308128,
                    0.009999999776482582,
                    0.0
                ],
                "key_ts": [
                    0.009999999776482582,
                    0.0020000000949949026,
                    0.0,
                    -0.0020000000949949026,
                    -0.009999999776482582
                ]
            },
            "optimizer_parameters": {
                "y_lr": 0.05,
                "t_lr": 0.05,
                "scheduler_step_size": 10,
                "scheduler_gamma": 0.99
            }
        },
        "uv_reshape_bb": {
            "uv": [
                0.3333333333333333,
                0.0
            ],
            "size": [
                0.3138020833333333,
                0.3138020833333333
            ]
        }
    },
    "optimizer_parameters": {
        "uv_lr": 0.005,
        "dir_lr": 0.05,
        "scheduler_step_size": 10,
        "scheduler_gamma": 0.99
    }
}