{
    "parameters": {
        "grow_mode": "single_sided",
        "wave_angle": -1.0471975803375244,
        "start_uv": [
            0.11876089870929718,
            1.0009973049163818
        ],
        "end_uv": [
            0.6920191645622253,
            1.0040855407714844
        ],
        "start_dir": [
            1.5349254608154297
        ],
        "end_dir": [
            0.6500707864761353
        ],
        "init_height": 0.2,
        "sil_spline": {
            "parameters": {
                "key_xs": [
                    0.0,
                    0.05263157933950424,
                    0.10526315867900848,
                    0.15789473056793213,
                    0.21052631735801697,
                    0.2631579041481018,
                    0.31578946113586426,
                    0.3684210479259491,
                    0.42105263471603394,
                    0.4736842215061188,
                    0.5263158082962036,
                    0.5789473652839661,
                    0.6315789222717285,
                    0.6842105388641357,
                    0.7368420958518982,
                    0.7894736528396606,
                    0.8421052694320679,
                    0.8947368264198303,
                    0.9473684430122375,
                    1.0
                ],
                "key_ys": [
                    -0.02546842396259308,
                    0.13002999126911163,
                    0.40766072273254395,
                    0.5613966584205627,
                    0.6643957495689392,
                    0.6970317363739014,
                    0.7391348481178284,
                    0.7521553039550781,
                    0.7364541888237,
                    0.7585976719856262,
                    0.7976115345954895,
                    0.7740858197212219,
                    0.7801941633224487,
                    0.7691590785980225,
                    0.7400863766670227,
                    0.668791651725769,
                    0.6308242082595825,
                    0.6319274306297302,
                    0.47920334339141846,
                    0.15627673268318176
                ],
                "key_ts": [
                    -0.0016697280807420611,
                    0.011122344993054867,
                    0.04386428743600845,
                    -0.00020996325474698097,
                    0.034265343099832535,
                    -0.018333157524466515,
                    -0.04318087175488472,
                    0.012318435125052929,
                    -0.02166561968624592,
                    0.02215837873518467,
                    0.024753574281930923,
                    0.032349731773138046,
                    -0.014501252211630344,
                    -0.027058862149715424,
                    0.01771099865436554,
                    0.0070764231495559216,
                    0.020658263936638832,
                    -0.0303734689950943,
                    0.015308241359889507,
                    -0.005378724541515112
                ]
            },
            "optimizer_parameters": {
                "y_lr": 0.05,
                "t_lr": 0.05,
                "scheduler_step_size": 10,
                "scheduler_gamma": 0.99
            }
        },
        "thickness_spline": {
            "parameters": {
                "key_xs": [
                    0.0,
                    0.10000000149011612,
                    0.5,
                    0.8999999761581421,
                    1.0
                ],
                "key_ys": [
                    0.0,
                    0.03999999910593033,
                    0.05000000074505806,
                    0.03999999910593033,
                    0.0
                ],
                "key_ts": [
                    0.07999999821186066,
                    0.019999999552965164,
                    0.0,
                    -0.019999999552965164,
                    -0.07999999821186066
                ]
            },
            "optimizer_parameters": {
                "y_lr": 0.05,
                "t_lr": 0.05,
                "scheduler_step_size": 10,
                "scheduler_gamma": 0.99
            }
        },
        "uv_reshape_bb": {
            "uv": [
                0.3333333333333333,
                0.3333333333333333
            ],
            "size": [
                0.3138020833333333,
                0.3138020833333333
            ]
        }
    },
    "optimizer_parameters": {
        "uv_lr": 0.005,
        "dir_lr": 0.05,
        "scheduler_step_size": 10,
        "scheduler_gamma": 0.99
    }
}