{
    "parameters": {
        "origin_xy": [
            -1.2837679386138916,
            -0.003235581098124385
        ],
        "origin_z": 0.0,
        "length_x": 2.9107019901275635,
        "length_y": 0.0,
        "length_z": 0.0,
        "uv_reshape_bb": {
            "uv": [
                0.0,
                0.0
            ],
            "size": [
                0.3138020833333333,
                0.3138020833333333
            ]
        },
        "top_spline": {
            "parameters": {
                "key_xs": [
                    0.0,
                    0.05263157933950424,
                    0.10526315867900848,
                    0.15789473056793213,
                    0.21052631735801697,
                    0.2631579041481018,
                    0.31578946113586426,
                    0.3684210479259491,
                    0.42105263471603394,
                    0.4736842215061188,
                    0.5263158082962036,
                    0.5789473652839661,
                    0.6315789222717285,
                    0.6842105388641357,
                    0.7368420958518982,
                    0.7894736528396606,
                    0.8421052694320679,
                    0.8947368264198303,
                    0.9473684430122375,
                    1.0
                ],
                "key_ys": [
                    -0.05164331570267677,
                    -0.0023142558056861162,
                    0.07461187988519669,
                    0.187782421708107,
                    0.2901129424571991,
                    0.3837178647518158,
                    0.4626491963863373,
                    0.5414296984672546,
                    0.5929622650146484,
                    0.6471653580665588,
                    0.6799416542053223,
                    0.708197295665741,
                    0.7159994840621948,
                    0.7346855401992798,
                    0.6629047393798828,
                    0.5358195900917053,
                    0.4044649302959442,
                    0.25989198684692383,
                    0.136858269572258,
                    0.16911686956882477
                ],
                "key_ts": [
                    0.02874349243938923,
                    -0.1089143306016922,
                    0.3161129355430603,
                    0.055515654385089874,
                    0.277031809091568,
                    0.061030104756355286,
                    0.21577788889408112,
                    0.1961829513311386,
                    0.11909317970275879,
                    0.18473221361637115,
                    0.024411853402853012,
                    0.019142210483551025,
                    0.05404447764158249,
                    0.11919388920068741,
                    -0.19040539860725403,
                    -0.15850895643234253,
                    -0.22123536467552185,
                    -0.019362065941095352,
                    -0.2808600664138794,
                    0.16264750063419342
                ]
            },
            "optimizer_parameters": {
                "y_lr": 0.05,
                "t_lr": 0.05,
                "scheduler_step_size": 10,
                "scheduler_gamma": 0.99
            }
        },
        "bottom_spline": {
            "parameters": {
                "key_xs": [
                    0.0,
                    0.05263157933950424,
                    0.10526315867900848,
                    0.15789473056793213,
                    0.21052631735801697,
                    0.2631579041481018,
                    0.31578946113586426,
                    0.3684210479259491,
                    0.42105263471603394,
                    0.4736842215061188,
                    0.5263158082962036,
                    0.5789473652839661,
                    0.6315789222717285,
                    0.6842105388641357,
                    0.7368420958518982,
                    0.7894736528396606,
                    0.8421052694320679,
                    0.8947368264198303,
                    0.9473684430122375,
                    1.0
                ],
                "key_ys": [
                    0.15922145545482635,
                    0.5554503798484802,
                    0.529473602771759,
                    0.4706633687019348,
                    0.5118064880371094,
                    0.5572830438613892,
                    0.5825873017311096,
                    0.5974733829498291,
                    0.6212052702903748,
                    0.638083815574646,
                    0.6423847079277039,
                    0.633253812789917,
                    0.6051808595657349,
                    0.5681588053703308,
                    0.529207706451416,
                    0.46246659755706787,
                    0.3476828932762146,
                    0.1697263866662979,
                    -0.011501050554215908,
                    -0.17671512067317963
                ],
                "key_ts": [
                    0.0711054876446724,
                    0.24118125438690186,
                    -0.26106947660446167,
                    0.3450065851211548,
                    0.2655274271965027,
                    0.12177446484565735,
                    0.0972774475812912,
                    -0.006990676745772362,
                    0.26192182302474976,
                    0.25544482469558716,
                    0.12869779765605927,
                    -0.302290141582489,
                    -0.1040925681591034,
                    -0.15881222486495972,
                    -0.06808627396821976,
                    -0.2207426279783249,
                    -0.0736594945192337,
                    -0.3136303126811981,
                    -0.22191058099269867,
                    0.19781380891799927
                ]
            },
            "optimizer_parameters": {
                "y_lr": 0.05,
                "t_lr": 0.05,
                "scheduler_step_size": 10,
                "scheduler_gamma": 0.99
            }
        },
        "thickness_spline": {
            "parameters": {
                "key_xs": [
                    0.0,
                    0.10000000149011612,
                    0.20000000298023224,
                    0.30000001192092896,
                    0.4000000059604645,
                    0.6000000238418579,
                    0.699999988079071,
                    0.800000011920929,
                    0.8999999761581421,
                    1.0
                ],
                "key_ys": [
                    0.0,
                    0.6000000238418579,
                    0.75,
                    0.8299999833106995,
                    0.8999999761581421,
                    0.8500000238418579,
                    0.75,
                    0.6000000238418579,
                    0.4000000059604645,
                    0.0
                ],
                "key_ts": [
                    5.0,
                    4.0,
                    2.0,
                    1.0,
                    0.10000000149011612,
                    -0.10000000149011612,
                    -0.5,
                    -0.699999988079071,
                    -1.0,
                    -4.0
                ]
            },
            "optimizer_parameters": {
                "y_lr": 0.05,
                "t_lr": 0.05,
                "scheduler_step_size": 10,
                "scheduler_gamma": 0.99
            }
        },
        "stream_spline": {
            "parameters": {
                "key_xs": [
                    0.0,
                    0.10000000149011612,
                    0.20000000298023224,
                    0.30000001192092896,
                    0.4000000059604645,
                    0.6000000238418579,
                    0.699999988079071,
                    0.800000011920929,
                    0.8999999761581421,
                    1.0
                ],