{
    "parameters": {
        "grow_mode": "double_sided",
        "wave_angle": -1.2000000476837158,
        "start_uv": [
            0.6264288425445557,
            0.29680392146110535
        ],
        "end_uv": [
            0.6303399801254272,
            0.3434748649597168
        ],
        "start_dir": [
            0.45149603486061096
        ],
        "end_dir": [
            -0.2241373211145401
        ],
        "init_height": 0.2,
        "sil_spline": {
            "parameters": {
                "key_xs": [
                    0.0,
                    0.05263157933950424,
                    0.10526315867900848,
                    0.15789473056793213,
                    0.21052631735801697,
                    0.2631579041481018,
                    0.31578946113586426,
                    0.3684210479259491,
                    0.42105263471603394,
                    0.4736842215061188,
                    0.5263158082962036,
                    0.5789473652839661,
                    0.6315789222717285,
                    0.6842105388641357,
                    0.7368420958518982,
                    0.7894736528396606,
                    0.8421052694320679,
                    0.8947368264198303,
                    0.9473684430122375,
                    1.0
                ],
                "key_ys": [
                    0.144382506608963,
                    0.1609644889831543,
                    0.2103225141763687,
                    0.22232146561145782,
                    0.3218291997909546,
                    0.3444976508617401,
                    0.3734101951122284,
                    0.4089391827583313,
                    0.43099209666252136,
                    0.4226331114768982,
                    0.4239264726638794,
                    0.42821621894836426,
                    0.44631001353263855,
                    0.6166694164276123,
                    0.23366481065750122,
                    0.22939532995224,
                    0.21156278252601624,
                    0.19589923322200775,
                    0.18542519211769104,
                    0.16824690997600555
                ],
                "key_ts": [
                    0.0047850958071649075,
                    -0.007662839721888304,
                    0.011607957072556019,
                    0.015979276970028877,
                    0.00020923132251482457,
                    0.0152223976328969,
                    0.005235973279923201,
                    0.02771054208278656,
                    -0.011603538878262043,
                    -0.007419615983963013,
                    0.0001690150093054399,
                    0.024456912651658058,
                    -0.036812715232372284,
                    0.030795011669397354,
                    -0.000677490490488708,
                    -0.0038696425035595894,
                    0.0015072902897372842,
                    0.002429545857012272,
                    -0.008932296186685562,
                    0.0015001734718680382
                ]
            },
            "optimizer_parameters": {
                "y_lr": 0.05,
                "t_lr": 0.05,
                "scheduler_step_size": 10,
                "scheduler_gamma": 0.99
            }
        },
        "thickness_spline": {
            "parameters": {
                "key_xs": [
                    0.0,
                    0.30000001192092896,
                    0.5,
                    0.699999988079071,
                    1.0
                ],
                "key_ys": [
                    0.0,
                    0.009999999776482582,
                    0.013000000268220901,
                    0.009999999776482582,
                    0.0
                ],
                "key_ts": [
                    0.009999999776482582,
                    0.0020000000949949026,
                    0.0,
                    -0.0020000000949949026,
                    -0.009999999776482582
                ]
            },
            "optimizer_parameters": {
                "y_lr": 0.05,
                "t_lr": 0.05,
                "scheduler_step_size": 10,
                "scheduler_gamma": 0.99
            }
        },
        "uv_reshape_bb": {
            "uv": [
                0.3333333333333333,
                0.6666666666666666
            ],
            "size": [
                0.3138020833333333,
                0.3138020833333333
            ]
        }
    },
    "optimizer_parameters": {
        "uv_lr": 0.005,
        "dir_lr": 0.05,
        "scheduler_step_size": 10,
        "scheduler_gamma": 0.99
    }
}