{
    "parameters": {
        "grow_mode": "single_sided",
        "wave_angle": -1.0471975803375244,
        "start_uv": [
            0.6644011735916138,
            -0.001392984646372497
        ],
        "end_uv": [
            0.6456553936004639,
            0.00793237891048193
        ],
        "start_dir": [
            -0.3133098781108856
        ],
        "end_dir": [
            -2.278501510620117
        ],
        "init_height": 0.2,
        "sil_spline": {
            "parameters": {
                "key_xs": [
                    0.0,
                    0.05263157933950424,
                    0.10526315867900848,
                    0.15789473056793213,
                    0.21052631735801697,
                    0.2631579041481018,
                    0.31578946113586426,
                    0.3684210479259491,
                    0.42105263471603394,
                    0.4736842215061188,
                    0.5263158082962036,
                    0.5789473652839661,
                    0.6315789222717285,
                    0.6842105388641357,
                    0.7368420958518982,
                    0.7894736528396606,
                    0.8421052694320679,
                    0.8947368264198303,
                    0.9473684430122375,
                    1.0
                ],
                "key_ys": [
                    0.029993265867233276,
                    0.049055662006139755,
                    0.49963024258613586,
                    0.46758586168289185,
                    0.4345245957374573,
                    0.3979544937610626,
                    0.3279481530189514,
                    0.3565601110458374,
                    0.24724072217941284,
                    0.0525815524160862,
                    0.12335723638534546,
                    0.11512282490730286,
                    0.11540541797876358,
                    0.11696299910545349,
                    0.1135370209813118,
                    0.11112046241760254,
                    0.10610736906528473,
                    0.09939918667078018,
                    0.09306620806455612,
                    0.097962886095047
                ],
                "key_ts": [
                    -0.003375524189323187,
                    0.023675918579101562,
                    -2.0733477867906913e-05,
                    0.00873979926109314,
                    0.002221333095803857,
                    -0.004076655022799969,
                    0.004038951825350523,
                    -0.0031669766176491976,
                    -0.022713644430041313,
                    0.004085413180291653,
                    -0.014320878311991692,
                    -0.0022328272461891174,
                    -0.006093426141887903,
                    -0.015214404091238976,
                    0.0030451184138655663,
                    -0.010921512730419636,
                    0.002829846926033497,
                    -0.010012906976044178,
                    0.00470365583896637,
                    -0.002216281136497855
                ]
            },
            "optimizer_parameters": {
                "y_lr": 0.05,
                "t_lr": 0.05,
                "scheduler_step_size": 10,
                "scheduler_gamma": 0.99
            }
        },
        "thickness_spline": {
            "parameters": {
                "key_xs": [
                    0.0,
                    1.0
                ],
                "key_ys": [
                    0.0,
                    0.0
                ],
                "key_ts": [
                    0.0,
                    0.0
                ]
            },
            "optimizer_parameters": {
                "y_lr": 0,
                "t_lr": 0,
                "scheduler_step_size": 0,
                "scheduler_gamma": 0
            }
        },
        "uv_reshape_bb": {
            "uv": [
                0.6666666666666666,
                0.0
            ],
            "size": [
                0.3138020833333333,
                0.3138020833333333
            ]
        }
    },
    "optimizer_parameters": {
        "uv_lr": 0.005,
        "dir_lr": 0.05,
        "scheduler_step_size": 10,
        "scheduler_gamma": 0.99
    }
}