{
    "parameters": {
        "grow_mode": "single_sided",
        "wave_angle": -1.0471975803375244,
        "start_uv": [
            0.2482331544160843,
            -0.0018827314488589764
        ],
        "end_uv": [
            0.2044704258441925,
            0.00013790222874376923
        ],
        "start_dir": [
            -0.08097904920578003
        ],
        "end_dir": [
            -1.2866203784942627
        ],
        "init_height": 0.2,
        "sil_spline": {
            "parameters": {
                "key_xs": [
                    0.0,
                    0.05263157933950424,
                    0.10526315867900848,
                    0.15789473056793213,
                    0.21052631735801697,
                    0.2631579041481018,
                    0.31578946113586426,
                    0.3684210479259491,
                    0.42105263471603394,
                    0.4736842215061188,
                    0.5263158082962036,
                    0.5789473652839661,
                    0.6315789222717285,
                    0.6842105388641357,
                    0.7368420958518982,
                    0.7894736528396606,
                    0.8421052694320679,
                    0.8947368264198303,
                    0.9473684430122375,
                    1.0
                ],
                "key_ys": [
                    0.3476566970348358,
                    0.3284461200237274,
                    0.29760247468948364,
                    0.26934221386909485,
                    0.2502428889274597,
                    0.22454586625099182,
                    0.22329705953598022,
                    0.2017650157213211,
                    0.14504936337471008,
                    0.19122688472270966,
                    0.18187420070171356,
                    0.17262296378612518,
                    0.14316998422145844,
                    0.034197721630334854,
                    0.07830154895782471,
                    0.07068371027708054,
                    0.06449230760335922,
                    0.059841446578502655,
                    0.054416753351688385,
                    0.04991351068019867
                ],
                "key_ts": [
                    0.0023684899788349867,
                    -0.005724694579839706,
                    0.00196469877846539,
                    0.0004283802700228989,
                    -0.003276864532381296,
                    0.005510582122951746,
                    -0.0036712114233523607,
                    0.0011983546428382397,
                    -0.00015267179696820676,
                    -0.0022710622288286686,
                    -0.0013662134297192097,
                    -0.0012025379110127687,
                    -0.00047715744585730135,
                    0.0010243422584608197,
                    -0.000253730861004442,
                    0.0014011774910613894,
                    -0.0005134108942002058,
                    0.0009274477488361299,
                    -2.216104076069314e-05,
                    -0.0005841928068548441
                ]
            },
            "optimizer_parameters": {
                "y_lr": 0.05,
                "t_lr": 0.05,
                "scheduler_step_size": 10,
                "scheduler_gamma": 0.99
            }
        },
        "thickness_spline": {
            "parameters": {
                "key_xs": [
                    0.0,
                    0.30000001192092896,
                    0.5,
                    0.699999988079071,
                    1.0
                ],
                "key_ys": [
                    0.0,
                    0.029999999329447746,
                    0.03999999910593033,
                    0.029999999329447746,
                    0.0
                ],
                "key_ts": [
                    0.05000000074505806,
                    0.009999999776482582,
                    0.0,
                    -0.009999999776482582,
                    -0.05000000074505806
                ]
            },
            "optimizer_parameters": {
                "y_lr": 0.05,
                "t_lr": 0.05,
                "scheduler_step_size": 10,
                "scheduler_gamma": 0.99
            }
        },
        "uv_reshape_bb": {
            "uv": [
                0.001953125,
                0.6686197916666666
            ],
            "size": [
                0.3138020833333333,
                0.3138020833333333
            ]
        }
    },
    "optimizer_parameters": {
        "uv_lr": 0.005,
        "dir_lr": 0.05,
        "scheduler_step_size": 10,
        "scheduler_gamma": 0.99
    }
}