{
    "parameters": {
        "grow_mode": "single_sided",
        "wave_angle": -1.0471975803375244,
        "start_uv": [
            0.5320402383804321,
            -0.0022719665430486202
        ],
        "end_uv": [
            0.40732595324516296,
            -0.0006944600609131157
        ],
        "start_dir": [
            -0.5956897735595703
        ],
        "end_dir": [
            -1.2362210750579834
        ],
        "init_height": 0.2,
        "sil_spline": {
            "parameters": {
                "key_xs": [
                    0.0,
                    0.05263157933950424,
                    0.10526315867900848,
                    0.15789473056793213,
                    0.21052631735801697,
                    0.2631579041481018,
                    0.31578946113586426,
                    0.3684210479259491,
                    0.42105263471603394,
                    0.4736842215061188,
                    0.5263158082962036,
                    0.5789473652839661,
                    0.6315789222717285,
                    0.6842105388641357,
                    0.7368420958518982,
                    0.7894736528396606,
                    0.8421052694320679,
                    0.8947368264198303,
                    0.9473684430122375,
                    1.0
                ],
                "key_ys": [
                    0.03134785592556,
                    0.07730687409639359,
                    0.17501576244831085,
                    0.29549190402030945,
                    0.37671369314193726,
                    0.4573253095149994,
                    0.5206319689750671,
                    0.5842908024787903,
                    0.6309264302253723,
                    0.6796273589134216,
                    0.7029532790184021,
                    0.7340031266212463,
                    0.7348019480705261,
                    0.7200936079025269,
                    0.7035006880760193,
                    0.6914708614349365,
                    0.5895524024963379,
                    0.5121585726737976,
                    0.44679203629493713,
                    0.4039435386657715
                ],
                "key_ts": [
                    -0.004084823187440634,
                    0.001889233011752367,
                    0.004691057838499546,
                    0.0004561660753097385,
                    0.0008584924507886171,
                    0.006600667256861925,
                    -0.00039898473187349737,
                    0.007186052389442921,
                    0.007352188229560852,
                    0.006960808299481869,
                    -0.004714903421700001,
                    0.00782364048063755,
                    0.0031303914729505777,
                    -0.0023607804905623198,
                    0.0002697554009500891,
                    0.007205720525234938,
                    -0.0049333516508340836,
                    0.0021639761980623007,
                    2.243448034278117e-05,
                    -0.000711755477823317
                ]
            },
            "optimizer_parameters": {
                "y_lr": 0.05,
                "t_lr": 0.05,
                "scheduler_step_size": 10,
                "scheduler_gamma": 0.99
            }
        },
        "thickness_spline": {
            "parameters": {
                "key_xs": [
                    0.0,
                    0.30000001192092896,
                    0.5,
                    0.699999988079071,
                    1.0
                ],
                "key_ys": [
                    0.0,
                    0.029999999329447746,
                    0.03999999910593033,
                    0.029999999329447746,
                    0.0
                ],
                "key_ts": [
                    0.05000000074505806,
                    0.009999999776482582,
                    0.0,
                    -0.009999999776482582,
                    -0.05000000074505806
                ]
            },
            "optimizer_parameters": {
                "y_lr": 0.05,
                "t_lr": 0.05,
                "scheduler_step_size": 10,
                "scheduler_gamma": 0.99
            }
        },
        "uv_reshape_bb": {
            "uv": [
                0.001953125,
                0.3352864583333333
            ],
            "size": [
                0.3138020833333333,
                0.3138020833333333
            ]
        }
    },
    "optimizer_parameters": {
        "uv_lr": 0.005,
        "dir_lr": 0.05,
        "scheduler_step_size": 10,
        "scheduler_gamma": 0.99
    }
}