{
    "parameters": {
        "grow_mode": "single_sided",
        "wave_angle": -1.0471975803375244,
        "start_uv": [
            0.09022246301174164,
            -0.0006086290231905878
        ],
        "end_uv": [
            0.02641529031097889,
            1.0021919012069702
        ],
        "start_dir": [
            0.8941724896430969
        ],
        "end_dir": [
            -0.9790029525756836
        ],
        "init_height": 0.2,
        "sil_spline": {
            "parameters": {
                "key_xs": [
                    0.0,
                    0.05263157933950424,
                    0.10526315867900848,
                    0.15789473056793213,
                    0.21052631735801697,
                    0.2631579041481018,
                    0.31578946113586426,
                    0.3684210479259491,
                    0.42105263471603394,
                    0.4736842215061188,
                    0.5263158082962036,
                    0.5789473652839661,
                    0.6315789222717285,
                    0.6842105388641357,
                    0.7368420958518982,
                    0.7894736528396606,
                    0.8421052694320679,
                    0.8947368264198303,
                    0.9473684430122375,
                    1.0
                ],
                "key_ys": [
                    0.6067444682121277,
                    0.6963049173355103,
                    0.7679798007011414,
                    0.8003941178321838,
                    0.8103691339492798,
                    0.8011672496795654,
                    0.7869908809661865,
                    0.7556872367858887,
                    0.7228994965553284,
                    0.6971835494041443,
                    0.6806253790855408,
                    0.6725581288337708,
                    0.6747015118598938,
                    0.6831295490264893,
                    0.6920864582061768,
                    0.7079224586486816,
                    0.7175948619842529,
                    0.7265417575836182,
                    0.7223129868507385,
                    0.24044685065746307
                ],
                "key_ts": [
                    0.001890566200017929,
                    0.006017656531184912,
                    8.482317934976891e-05,
                    0.0021201446652412415,
                    -0.0008267502998933196,
                    -0.008330043405294418,
                    -0.006028716918081045,
                    -0.0060546076856553555,
                    -0.005668723955750465,
                    -0.0025756945833563805,
                    -0.004991630092263222,
                    0.0074895634315907955,
                    0.0033263356890529394,
                    0.007288286928087473,
                    0.01056531723588705,
                    -0.00863263476639986,
                    0.010204585269093513,
                    0.0003824946179520339,
                    -0.005129438359290361,
                    0.0003412836231291294
                ]
            },
            "optimizer_parameters": {
                "y_lr": 0.05,
                "t_lr": 0.05,
                "scheduler_step_size": 10,
                "scheduler_gamma": 0.99
            }
        },
        "thickness_spline": {
            "parameters": {
                "key_xs": [
                    0.0,
                    0.30000001192092896,
                    0.5,
                    0.699999988079071,
                    1.0
                ],
                "key_ys": [
                    0.0,
                    0.009999999776482582,
                    0.012000000104308128,
                    0.009999999776482582,
                    0.0
                ],
                "key_ts": [
                    0.009999999776482582,
                    0.0020000000949949026,
                    0.0,
                    -0.0020000000949949026,
                    -0.009999999776482582
                ]
            },
            "optimizer_parameters": {
                "y_lr": 0.05,
                "t_lr": 0.05,
                "scheduler_step_size": 10,
                "scheduler_gamma": 0.99
            }
        },
        "uv_reshape_bb": {
            "uv": [
                0.3352864583333333,
                0.001953125
            ],
            "size": [
                0.3138020833333333,
                0.3138020833333333
            ]
        }
    },
    "optimizer_parameters": {
        "uv_lr": 0.005,
        "dir_lr": 0.05,
        "scheduler_step_size": 10,
        "scheduler_gamma": 0.99
    }
}