{
    "parameters": {
        "grow_mode": "single_sided",
        "wave_angle": -1.0471975803375244,
        "start_uv": [
            0.1201513409614563,
            1.0008723735809326
        ],
        "end_uv": [
            0.6901634931564331,
            1.0020148754119873
        ],
        "start_dir": [
            1.0486313104629517
        ],
        "end_dir": [
            -0.34398066997528076
        ],
        "init_height": 0.2,
        "sil_spline": {
            "parameters": {
                "key_xs": [
                    0.0,
                    0.05263157933950424,
                    0.10526315867900848,
                    0.15789473056793213,
                    0.21052631735801697,
                    0.2631579041481018,
                    0.31578946113586426,
                    0.3684210479259491,
                    0.42105263471603394,
                    0.4736842215061188,
                    0.5263158082962036,
                    0.5789473652839661,
                    0.6315789222717285,
                    0.6842105388641357,
                    0.7368420958518982,
                    0.7894736528396606,
                    0.8421052694320679,
                    0.8947368264198303,
                    0.9473684430122375,
                    1.0
                ],
                "key_ys": [
                    0.28427785634994507,
                    0.4079318344593048,
                    0.4370797872543335,
                    0.4618528485298157,
                    0.45845550298690796,
                    0.472658634185791,
                    0.504464864730835,
                    0.49498116970062256,
                    0.4874827563762665,
                    0.45390909910202026,
                    0.4572511613368988,
                    0.41044706106185913,
                    0.3842262327671051,
                    0.3596633970737457,
                    0.2949003577232361,
                    0.24227148294448853,
                    0.20111575722694397,
                    0.12834756076335907,
                    0.06826596707105637,
                    0.017812618985772133
                ],
                "key_ts": [
                    0.0027591849211603403,
                    -0.0069212415255606174,
                    0.006669203285127878,
                    0.001145440386608243,
                    -0.00770268589258194,
                    0.0069379424676299095,
                    -0.007934859953820705,
                    0.003195297671481967,
                    0.004247474018484354,
                    0.0038302463945001364,
                    -0.009182441979646683,
                    0.0020448232535272837,
                    0.008947518654167652,
                    0.0032486948184669018,
                    0.0074156164191663265,
                    -0.008812953718006611,
                    0.00930323451757431,
                    -0.006803032476454973,
                    0.004117768723517656,
                    -0.0006959526799619198
                ]
            },
            "optimizer_parameters": {
                "y_lr": 0.05,
                "t_lr": 0.05,
                "scheduler_step_size": 10,
                "scheduler_gamma": 0.99
            }
        },
        "thickness_spline": {
            "parameters": {
                "key_xs": [
                    0.0,
                    0.10000000149011612,
                    0.5,
                    0.8999999761581421,
                    1.0
                ],
                "key_ys": [
                    0.0,
                    0.03999999910593033,
                    0.05000000074505806,
                    0.03999999910593033,
                    0.0
                ],
                "key_ts": [
                    0.07999999821186066,
                    0.019999999552965164,
                    0.0,
                    -0.019999999552965164,
                    -0.07999999821186066
                ]
            },
            "optimizer_parameters": {
                "y_lr": 0.05,
                "t_lr": 0.05,
                "scheduler_step_size": 10,
                "scheduler_gamma": 0.99
            }
        },
        "uv_reshape_bb": {
            "uv": [
                0.3352864583333333,
                0.3352864583333333
            ],
            "size": [
                0.3138020833333333,
                0.3138020833333333
            ]
        }
    },
    "optimizer_parameters": {
        "uv_lr": 0.005,
        "dir_lr": 0.05,
        "scheduler_step_size": 10,
        "scheduler_gamma": 0.99
    }
}