{
    "parameters": {
        "origin_xy": [
            -1.283774971961975,
            -0.005031029228121042
        ],
        "origin_z": 0.0,
        "length_x": 2.9106979370117188,
        "length_y": 0.0,
        "length_z": 0.0,
        "uv_reshape_bb": {
            "uv": [
                0.001953125,
                0.001953125
            ],
            "size": [
                0.3138020833333333,
                0.3138020833333333
            ]
        },
        "top_spline": {
            "parameters": {
                "key_xs": [
                    0.0,
                    0.05263157933950424,
                    0.10526315867900848,
                    0.15789473056793213,
                    0.21052631735801697,
                    0.2631579041481018,
                    0.31578946113586426,
                    0.3684210479259491,
                    0.42105263471603394,
                    0.4736842215061188,
                    0.5263158082962036,
                    0.5789473652839661,
                    0.6315789222717285,
                    0.6842105388641357,
                    0.7368420958518982,
                    0.7894736528396606,
                    0.8421052694320679,
                    0.8947368264198303,
                    0.9473684430122375,
                    1.0
                ],
                "key_ys": [
                    -0.051274530589580536,
                    -0.0006057941354811192,
                    0.07627270370721817,
                    0.18949443101882935,
                    0.29179805517196655,
                    0.3854401707649231,
                    0.46436914801597595,
                    0.5431559085845947,
                    0.5947024822235107,
                    0.6489062309265137,
                    0.6816955208778381,
                    0.7099568247795105,
                    0.7177433371543884,
                    0.7364292740821838,
                    0.66462641954422,
                    0.5375275015830994,
                    0.40617263317108154,
                    0.26163119077682495,
                    0.13837994635105133,
                    0.170641228556633
                ],
                "key_ts": [
                    0.028895430266857147,
                    -0.10890453308820724,
                    0.3166258633136749,
                    0.0556611642241478,
                    0.2771359086036682,
                    0.06066296994686127,
                    0.21649640798568726,
                    0.19557349383831024,
                    0.11828546971082687,
                    0.1846085488796234,
                    0.02477773278951645,
                    0.02093546651303768,
                    0.05716125667095184,
                    0.12114427983760834,
                    -0.19058758020401,
                    -0.15854044258594513,
                    -0.22231952846050262,
                    -0.017424969002604485,
                    -0.2834612727165222,
                    0.16221724450588226
                ]
            },
            "optimizer_parameters": {
                "y_lr": 0.05,
                "t_lr": 0.05,
                "scheduler_step_size": 10,
                "scheduler_gamma": 0.99
            }
        },
        "bottom_spline": {
            "parameters": {
                "key_xs": [
                    0.0,
                    0.05263157933950424,
                    0.10526315867900848,
                    0.15789473056793213,
                    0.21052631735801697,
                    0.2631579041481018,
                    0.31578946113586426,
                    0.3684210479259491,
                    0.42105263471603394,
                    0.4736842215061188,
                    0.5263158082962036,
                    0.5789473652839661,
                    0.6315789222717285,
                    0.6842105388641357,
                    0.7368420958518982,
                    0.7894736528396606,
                    0.8421052694320679,
                    0.8947368264198303,
                    0.9473684430122375,
                    1.0
                ],
                "key_ys": [
                    0.15592165291309357,
                    0.5536173582077026,
                    0.5275144577026367,
                    0.46879589557647705,
                    0.5099405646324158,
                    0.5554367899894714,
                    0.5807379484176636,
                    0.5956264734268188,
                    0.6193575263023376,
                    0.6362455487251282,
                    0.6405466198921204,
                    0.6314066648483276,
                    0.6033192276954651,
                    0.5663021206855774,
                    0.5273541808128357,
                    0.4605761766433716,
                    0.3457935154438019,
                    0.16778700053691864,
                    -0.013477426022291183,
                    -0.1790192872285843
                ],
                "key_ts": [
                    0.07189307361841202,
                    0.2390049695968628,
                    -0.2604697048664093,
                    0.34543102979660034,
                    0.2649560570716858,
                    0.12204454839229584,
                    0.09778463840484619,
                    -0.007133373059332371,
                    0.26078104972839355,
                    0.25616949796676636,
                    0.12848027050495148,
                    -0.3013906478881836,
                    -0.10443422198295593,
                    -0.1594407558441162,
                    -0.06857168674468994,
                    -0.22137707471847534,
                    -0.07494460046291351,
                    -0.31290143728256226,
                    -0.22333694994449615,
                    0.19812381267547607
                ]
            },
            "optimizer_parameters": {
                "y_lr": 0.05,
                "t_lr": 0.05,
                "scheduler_step_size": 10,
                "scheduler_gamma": 0.99
            }
        },
        "thickness_spline": {
            "parameters": {
                "key_xs": [
                    0.0,
                    0.10000000149011612,
                    0.20000000298023224,
                    0.30000001192092896,
                    0.4000000059604645,
                    0.6000000238418579,
                    0.699999988079071,
                    0.800000011920929,
                    0.8999999761581421,
                    1.0
                ],
                "key_ys": [
                    0.0,
                    0.6000000238418579,
                    0.75,
                    0.8299999833106995,
                    0.8999999761581421,
                    0.8500000238418579,
                    0.75,
                    0.6000000238418579,
                    0.4000000059604645,
                    0.0
                ],
                "key_ts": [
                    5.0,
                    4.0,
                    2.0,
                    1.0,
                    0.10000000149011612,
                    -0.10000000149011612,
                    -0.5,
                    -0.699999988079071,
                    -1.0,
                    -4.0
                ]
            },
            "optimizer_parameters": {
                "y_lr": 0.05,
                "t_lr": 0.05,
                "scheduler_step_size": 10,
                "scheduler_gamma": 0.99
            }
        },