{
    "parameters": {
        "grow_mode": "double_sided",
        "wave_angle": -1.2000000476837158,
        "start_uv": [
            0.6272146105766296,
            0.2963208854198456
        ],
        "end_uv": [
            0.6303404569625854,
            0.3446291387081146
        ],
        "start_dir": [
            0.43099430203437805
        ],
        "end_dir": [
            -0.3455771207809448
        ],
        "init_height": 0.2,
        "sil_spline": {
            "parameters": {
                "key_xs": [
                    0.0,
                    0.05263157933950424,
                    0.10526315867900848,
                    0.15789473056793213,
                    0.21052631735801697,
                    0.2631579041481018,
                    0.31578946113586426,
                    0.3684210479259491,
                    0.42105263471603394,
                    0.4736842215061188,
                    0.5263158082962036,
                    0.5789473652839661,
                    0.6315789222717285,
                    0.6842105388641357,
                    0.7368420958518982,
                    0.7894736528396606,
                    0.8421052694320679,
                    0.8947368264198303,
                    0.9473684430122375,
                    1.0
                ],
                "key_ys": [
                    0.14699335396289825,
                    0.11107099801301956,
                    0.21588589251041412,
                    0.17376600205898285,
                    0.326981782913208,
                    0.35012397170066833,
                    0.38412564992904663,
                    0.42477747797966003,
                    0.43127086758613586,
                    0.4233935475349426,
                    0.42872655391693115,
                    0.44039738178253174,
                    0.6249195337295532,
                    0.1880311369895935,
                    -0.038251787424087524,
                    0.05130445212125778,
                    0.045120157301425934,
                    0.03622584417462349,
                    0.025339288637042046,
                    0.01746576838195324
                ],
                "key_ts": [
                    0.0006447623018175364,
                    0.00010466785897733644,
                    -0.0007989805890247226,
                    0.0034295597579330206,
                    -0.0010069512063637376,
                    0.0023321479093283415,
                    0.0038492188323289156,
                    0.00285681476816535,
                    -0.004232190083712339,
                    0.0012614123988896608,
                    0.0034076175652444363,
                    -0.009118144400417805,
                    0.009423856623470783,
                    -0.0027000042609870434,
                    -9.967089135898277e-05,
                    -0.00024358024529647082,
                    -0.00037791026988998055,
                    -0.00023147827596403658,
                    -0.0003957836306653917,
                    0.0003530883986968547
                ]
            },
            "optimizer_parameters": {
                "y_lr": 0.05,
                "t_lr": 0.05,
                "scheduler_step_size": 10,
                "scheduler_gamma": 0.99
            }
        },
        "thickness_spline": {
            "parameters": {
                "key_xs": [
                    0.0,
                    0.30000001192092896,
                    0.5,
                    0.699999988079071,
                    1.0
                ],
                "key_ys": [
                    0.0,
                    0.009999999776482582,
                    0.013000000268220901,
                    0.009999999776482582,
                    0.0
                ],
                "key_ts": [
                    0.009999999776482582,
                    0.0020000000949949026,
                    0.0,
                    -0.0020000000949949026,
                    -0.009999999776482582
                ]
            },
            "optimizer_parameters": {
                "y_lr": 0.05,
                "t_lr": 0.05,
                "scheduler_step_size": 10,
                "scheduler_gamma": 0.99
            }
        },
        "uv_reshape_bb": {
            "uv": [
                0.3352864583333333,
                0.6686197916666666
            ],
            "size": [
                0.3138020833333333,
                0.3138020833333333
            ]
        }
    },
    "optimizer_parameters": {
        "uv_lr": 0.005,
        "dir_lr": 0.05,
        "scheduler_step_size": 10,
        "scheduler_gamma": 0.99
    }
}