{
    "parameters": {
        "grow_mode": "single_sided",
        "wave_angle": -1.0471975803375244,
        "start_uv": [
            0.6637029647827148,
            -0.0013485160889104009
        ],
        "end_uv": [
            0.6445506811141968,
            0.0032550636678934097
        ],
        "start_dir": [
            -0.565969705581665
        ],
        "end_dir": [
            -2.1020307540893555
        ],
        "init_height": 0.2,
        "sil_spline": {
            "parameters": {
                "key_xs": [
                    0.0,
                    0.05263157933950424,
                    0.10526315867900848,
                    0.15789473056793213,
                    0.21052631735801697,
                    0.2631579041481018,
                    0.31578946113586426,
                    0.3684210479259491,
                    0.42105263471603394,
                    0.4736842215061188,
                    0.5263158082962036,
                    0.5789473652839661,
                    0.6315789222717285,
                    0.6842105388641357,
                    0.7368420958518982,
                    0.7894736528396606,
                    0.8421052694320679,
                    0.8947368264198303,
                    0.9473684430122375,
                    1.0
                ],
                "key_ys": [
                    0.2759014964103699,
                    0.4973706007003784,
                    0.47211751341819763,
                    0.42341935634613037,
                    0.4213283360004425,
                    0.37817656993865967,
                    0.3092644214630127,
                    0.3539447784423828,
                    0.29076871275901794,
                    0.11755835264921188,
                    0.09223216772079468,
                    0.12028395384550095,
                    0.11379911005496979,
                    0.10757113248109818,
                    0.10159988701343536,
                    0.09619835019111633,
                    0.027634544298052788,
                    0.04409971833229065,
                    0.03777564689517021,
                    0.04447618126869202
                ],
                "key_ts": [
                    0.0012854660162702203,
                    -0.00850333645939827,
                    0.008145012892782688,
                    0.003919986076653004,
                    -0.004655718337744474,
                    0.006187433376908302,
                    -0.0046841478906571865,
                    -0.00038488241261802614,
                    -0.001154045108705759,
                    0.0011082416167482734,
                    -0.002823934890329838,
                    -0.001364082214422524,
                    -0.00112734769936651,
                    -0.0009389581973664463,
                    -0.00017550855409353971,
                    -0.0002801137452479452,
                    -0.0002585719048511237,
                    0.000178074580617249,
                    -0.0003791277122218162,
                    0.00031914515420794487
                ]
            },
            "optimizer_parameters": {
                "y_lr": 0.05,
                "t_lr": 0.05,
                "scheduler_step_size": 10,
                "scheduler_gamma": 0.99
            }
        },
        "thickness_spline": {
            "parameters": {
                "key_xs": [
                    0.0,
                    1.0
                ],
                "key_ys": [
                    0.0,
                    0.0
                ],
                "key_ts": [
                    0.0,
                    0.0
                ]
            },
            "optimizer_parameters": {
                "y_lr": 0,
                "t_lr": 0,
                "scheduler_step_size": 0,
                "scheduler_gamma": 0
            }
        },
        "uv_reshape_bb": {
            "uv": [
                0.6686197916666666,
                0.001953125
            ],
            "size": [
                0.3138020833333333,
                0.3138020833333333
            ]
        }
    },
    "optimizer_parameters": {
        "uv_lr": 0.005,
        "dir_lr": 0.05,
        "scheduler_step_size": 10,
        "scheduler_gamma": 0.99
    }
}