{
    "0_anal2_fin_mask.png": [
        [
            0.5566073791185893,
            0.35778830210412027
        ],
        [
            0.4791439612319268,
            0.3630273738452472
        ]
    ],
    "0_anal_fin_mask.png": [
        [
            0.378104720510193,
            0.3791188084787085
        ],
        [
            0.35153514239447786,
            0.3866031966803184
        ]
    ],
    "0_body_mask.png": [
        [
            0.2220552265066264,
            0.47491897745931544
        ],
        [
            0.852240713082181,
            0.5359167413024362
        ]
    ],
    "0_caudal_fin_mask.png": [
        [
            0.2783273948735562,
            0.3713868225450976
        ],
        [
            0.2395277866157738,
            0.5057796685394453
        ]
    ],
    "0_dorsal_fin_mask.png": [
        [
            0.2968837292577129,
            0.5285533516472741
        ],
        [
            0.6581699365856142,
            0.6618215713153093
        ]
    ],
    "0_pectoral_fin_mask.png": [
        [
            0.6263992428672852,
            0.4489860390606625
        ],
        [
            0.6294919652646447,
            0.46360618130272535
        ]
    ],
    "0_pelvic_fin_mask.png": [
        [
            0.6407382285277701,
            0.36969988305562884
        ],
        [
            0.6294919652646447,
            0.3716679791266758
        ]
    ]
}