{
    "parameters": {
        "grow_mode": "single_sided",
        "wave_angle": -1.0471975803375244,
        "start_uv": [
            0.21915142238140106,
            -1.286277074541431e-05
        ],
        "end_uv": [
            0.07632549107074738,
            -0.00010224495781585574
        ],
        "start_dir": [
            0.20134083926677704
        ],
        "end_dir": [
            -0.26576337218284607
        ],
        "init_height": 0.2,
        "sil_spline": {
            "parameters": {
                "key_xs": [
                    0.0,
                    0.05263157933950424,
                    0.10526315867900848,
                    0.15789473056793213,
                    0.21052631735801697,
                    0.2631579041481018,
                    0.31578946113586426,
                    0.3684210479259491,
                    0.42105263471603394,
                    0.4736842215061188,
                    0.5263158082962036,
                    0.5789473652839661,
                    0.6315789222717285,
                    0.6842105388641357,
                    0.7368420958518982,
                    0.7894736528396606,
                    0.8421052694320679,
                    0.8947368264198303,
                    0.9473684430122375,
                    1.0
                ],
                "key_ys": [
                    0.0970863327383995,
                    0.25135689973831177,
                    0.29696348309516907,
                    0.3198925256729126,
                    0.335909366607666,
                    0.3448699414730072,
                    0.3395172655582428,
                    0.33169955015182495,
                    0.3248891532421112,
                    0.3148622512817383,
                    0.30907315015792847,
                    0.2937811017036438,
                    0.2757641077041626,
                    0.2557925581932068,
                    0.23313871026039124,
                    0.21021583676338196,
                    0.19028036296367645,
                    0.16981108486652374,
                    0.0679829865694046,
                    0.041959431022405624
                ],
                "key_ts": [
                    0.0008353177108801901,
                    0.004130981862545013,
                    -0.0038277595303952694,
                    -0.0023685768246650696,
                    0.004497140645980835,
                    0.00280402391217649,
                    -0.0072661349549889565,
                    0.002581387758255005,
                    -0.0062073590233922005,
                    -0.003923059441149235,
                    -0.0036852143239229918,
                    -0.0016652356134727597,
                    -0.003556557698175311,
                    -0.0035959503147751093,
                    -0.0016618387307971716,
                    -0.0018708547577261925,
                    -4.405150320963003e-05,
                    0.001324308686889708,
                    -0.0014145149616524577,
                    0.0008157099364325404
                ]
            },
            "optimizer_parameters": {
                "y_lr": 0.05,
                "t_lr": 0.05,
                "scheduler_step_size": 10,
                "scheduler_gamma": 0.99
            }
        },
        "thickness_spline": {
            "parameters": {
                "key_xs": [
                    0.0,
                    0.30000001192092896,
                    0.5,
                    0.699999988079071,
                    1.0
                ],
                "key_ys": [
                    0.0,
                    0.029999999329447746,
                    0.03999999910593033,
                    0.029999999329447746,
                    0.0
                ],
                "key_ts": [
                    0.05000000074505806,
                    0.009999999776482582,
                    0.0,
                    -0.009999999776482582,
                    -0.05000000074505806
                ]
            },
            "optimizer_parameters": {
                "y_lr": 0.05,
                "t_lr": 0.05,
                "scheduler_step_size": 10,
                "scheduler_gamma": 0.99
            }
        },
        "uv_reshape_bb": {
            "uv": [
                0.001953125,
                0.3352864583333333
            ],
            "size": [
                0.3138020833333333,
                0.3138020833333333
            ]
        }
    },
    "optimizer_parameters": {
        "uv_lr": 0.005,
        "dir_lr": 0.05,
        "scheduler_step_size": 10,
        "scheduler_gamma": 0.99
    }
}