{
    "parameters": {
        "grow_mode": "single_sided",
        "wave_angle": -1.0471975803375244,
        "start_uv": [
            -0.004922182764858007,
            0.11670052260160446
        ],
        "end_uv": [
            -0.006658253259956837,
            0.9983606338500977
        ],
        "start_dir": [
            1.0339139699935913
        ],
        "end_dir": [
            -0.5507030487060547
        ],
        "init_height": 0.2,
        "sil_spline": {
            "parameters": {
                "key_xs": [
                    0.0,
                    0.05263157933950424,
                    0.10526315867900848,
                    0.15789473056793213,
                    0.21052631735801697,
                    0.2631579041481018,
                    0.31578946113586426,
                    0.3684210479259491,
                    0.42105263471603394,
                    0.4736842215061188,
                    0.5263158082962036,
                    0.5789473652839661,
                    0.6315789222717285,
                    0.6842105388641357,
                    0.7368420958518982,
                    0.7894736528396606,
                    0.8421052694320679,
                    0.8947368264198303,
                    0.9473684430122375,
                    1.0
                ],
                "key_ys": [
                    0.3394545018672943,
                    0.6463211178779602,
                    0.8585360646247864,
                    0.692593514919281,
                    0.507767915725708,
                    0.47023168206214905,
                    0.4320503771305084,
                    0.41360345482826233,
                    0.4001224935054779,
                    0.3976787030696869,
                    0.39674296975135803,
                    0.4024043381214142,
                    0.4185248911380768,
                    0.44249388575553894,
                    0.4768245816230774,
                    0.5185037851333618,
                    0.5691139698028564,
                    0.6303691864013672,
                    0.7071948647499084,
                    1.0372885465621948
                ],
                "key_ts": [
                    0.0031791548244655132,
                    -0.0034064410720020533,
                    0.008308468386530876,
                    -0.010954417288303375,
                    0.006161196622997522,
                    -0.005188395734876394,
                    -0.0009774353820830584,
                    -0.0055931429378688335,
                    0.0036541467998176813,
                    -0.009248758666217327,
                    0.0004267688491381705,
                    -0.0024681491777300835,
                    0.0059987641870975494,
                    0.007705064956098795,
                    0.0060872286558151245,
                    0.004470385145395994,
                    0.005683547351509333,
                    0.003966562915593386,
                    0.0003069498634431511,
                    -0.0009916271083056927
                ]
            },
            "optimizer_parameters": {
                "y_lr": 0.05,
                "t_lr": 0.05,
                "scheduler_step_size": 10,
                "scheduler_gamma": 0.99
            }
        },
        "thickness_spline": {
            "parameters": {
                "key_xs": [
                    0.0,
                    0.30000001192092896,
                    0.5,
                    0.699999988079071,
                    1.0
                ],
                "key_ys": [
                    0.0,
                    0.009999999776482582,
                    0.012000000104308128,
                    0.009999999776482582,
                    0.0
                ],
                "key_ts": [
                    0.009999999776482582,
                    0.0020000000949949026,
                    0.0,
                    -0.0020000000949949026,
                    -0.009999999776482582
                ]
            },
            "optimizer_parameters": {
                "y_lr": 0.05,
                "t_lr": 0.05,
                "scheduler_step_size": 10,
                "scheduler_gamma": 0.99
            }
        },
        "uv_reshape_bb": {
            "uv": [
                0.001953125,
                0.6686197916666666
            ],
            "size": [
                0.3138020833333333,
                0.3138020833333333
            ]
        }
    },
    "optimizer_parameters": {
        "uv_lr": 0.005,
        "dir_lr": 0.05,
        "scheduler_step_size": 10,
        "scheduler_gamma": 0.99
    }
}