{
    "parameters": {
        "grow_mode": "single_sided",
        "wave_angle": -1.0471975803375244,
        "start_uv": [
            0.17300736904144287,
            1.0001311302185059
        ],
        "end_uv": [
            0.5126597881317139,
            1.0017483234405518
        ],
        "start_dir": [
            0.7693105936050415
        ],
        "end_dir": [
            -0.21431618928909302
        ],
        "init_height": 0.2,
        "sil_spline": {
            "parameters": {
                "key_xs": [
                    0.0,
                    0.05263157933950424,
                    0.10526315867900848,
                    0.15789473056793213,
                    0.21052631735801697,
                    0.2631579041481018,
                    0.31578946113586426,
                    0.3684210479259491,
                    0.42105263471603394,
                    0.4736842215061188,
                    0.5263158082962036,
                    0.5789473652839661,
                    0.6315789222717285,
                    0.6842105388641357,
                    0.7368420958518982,
                    0.7894736528396606,
                    0.8421052694320679,
                    0.8947368264198303,
                    0.9473684430122375,
                    1.0
                ],
                "key_ys": [
                    0.24867647886276245,
                    0.2842041552066803,
                    0.31071946024894714,
                    0.33377605676651,
                    0.3514705300331116,
                    0.37057945132255554,
                    0.3997059464454651,
                    0.42130133509635925,
                    0.445027619600296,
                    0.4721720218658447,
                    0.4901328384876251,
                    0.5160866975784302,
                    0.5497192740440369,
                    0.5642044544219971,
                    0.5740993022918701,
                    0.5701671242713928,
                    0.5950157046318054,
                    0.5986570715904236,
                    0.6105353236198425,
                    0.3564342260360718
                ],
                "key_ts": [
                    0.00041273669921793044,
                    0.005013660062104464,
                    -0.004404820967465639,
                    0.0071227941662073135,
                    -0.0017707647057250142,
                    0.003274649614468217,
                    -0.00020525514264591038,
                    0.00162392423953861,
                    0.007290415465831757,
                    -0.004127454478293657,
                    0.005895897280424833,
                    0.008691367693245411,
                    0.001990774879232049,
                    -0.007816859520971775,
                    0.00866022426635027,
                    0.008367624133825302,
                    -0.008603514172136784,
                    0.00800800696015358,
                    -0.00529644638299942,
                    -0.0010042260400950909
                ]
            },
            "optimizer_parameters": {
                "y_lr": 0.05,
                "t_lr": 0.05,
                "scheduler_step_size": 10,
                "scheduler_gamma": 0.99
            }
        },
        "thickness_spline": {
            "parameters": {
                "key_xs": [
                    0.0,
                    0.10000000149011612,
                    0.5,
                    0.8999999761581421,
                    1.0
                ],
                "key_ys": [
                    0.0,
                    0.03999999910593033,
                    0.05000000074505806,
                    0.03999999910593033,
                    0.0
                ],
                "key_ts": [
                    0.07999999821186066,
                    0.019999999552965164,
                    0.0,
                    -0.019999999552965164,
                    -0.07999999821186066
                ]
            },
            "optimizer_parameters": {
                "y_lr": 0.05,
                "t_lr": 0.05,
                "scheduler_step_size": 10,
                "scheduler_gamma": 0.99
            }
        },
        "uv_reshape_bb": {
            "uv": [
                0.3352864583333333,
                0.001953125
            ],
            "size": [
                0.3138020833333333,
                0.3138020833333333
            ]
        }
    },
    "optimizer_parameters": {
        "uv_lr": 0.005,
        "dir_lr": 0.05,
        "scheduler_step_size": 10,
        "scheduler_gamma": 0.99
    }
}