{
    "parameters": {
        "origin_xy": [
            -1.1364926099777222,
            0.026563819497823715
        ],
        "origin_z": 0.0,
        "length_x": 2.890697956085205,
        "length_y": 0.0,
        "length_z": 0.0,
        "uv_reshape_bb": {
            "uv": [
                0.001953125,
                0.001953125
            ],
            "size": [
                0.3138020833333333,
                0.3138020833333333
            ]
        },
        "top_spline": {
            "parameters": {
                "key_xs": [
                    0.0,
                    0.05263157933950424,
                    0.10526315867900848,
                    0.15789473056793213,
                    0.21052631735801697,
                    0.2631579041481018,
                    0.31578946113586426,
                    0.3684210479259491,
                    0.42105263471603394,
                    0.4736842215061188,
                    0.5263158082962036,
                    0.5789473652839661,
                    0.6315789222717285,
                    0.6842105388641357,
                    0.7368420958518982,
                    0.7894736528396606,
                    0.8421052694320679,
                    0.8947368264198303,
                    0.9473684430122375,
                    1.0
                ],
                "key_ys": [
                    0.2698418200016022,
                    0.2863883376121521,
                    0.3298361301422119,
                    0.3888413906097412,
                    0.4786384403705597,
                    0.5419018864631653,
                    0.602139949798584,
                    0.6522607803344727,
                    0.6833639144897461,
                    0.6925008893013,
                    0.6791340112686157,
                    0.6495527029037476,
                    0.6151338219642639,
                    0.5736163258552551,
                    0.5174177885055542,
                    0.43970558047294617,
                    0.35724523663520813,
                    0.29009348154067993,
                    0.10428736358880997,
                    0.06585390120744705
                ],
                "key_ts": [
                    -0.10179885476827621,
                    0.08832371234893799,
                    0.11209157854318619,
                    0.24058379232883453,
                    0.08885527402162552,
                    0.13340961933135986,
                    0.20389370620250702,
                    0.07348506897687912,
                    0.18632930517196655,
                    0.1369522362947464,
                    -0.3054754436016083,
                    -0.04259691387414932,
                    -0.19461040198802948,
                    -0.0841825008392334,
                    -0.17493508756160736,
                    -0.18979814648628235,
                    -0.1843663603067398,
                    0.025412891060113907,
                    -0.31586453318595886,
                    0.18448519706726074
                ]
            },
            "optimizer_parameters": {
                "y_lr": 0.05,
                "t_lr": 0.05,
                "scheduler_step_size": 10,
                "scheduler_gamma": 0.99
            }
        },
        "bottom_spline": {
            "parameters": {
                "key_xs": [
                    0.0,
                    0.05263157933950424,
                    0.10526315867900848,
                    0.15789473056793213,
                    0.21052631735801697,
                    0.2631579041481018,
                    0.31578946113586426,
                    0.3684210479259491,
                    0.42105263471603394,
                    0.4736842215061188,
                    0.5263158082962036,
                    0.5789473652839661,
                    0.6315789222717285,
                    0.6842105388641357,
                    0.7368420958518982,
                    0.7894736528396606,
                    0.8421052694320679,
                    0.8947368264198303,
                    0.9473684430122375,
                    1.0
                ],
                "key_ys": [
                    -0.11212144047021866,
                    -0.06612520664930344,
                    0.0564812533557415,
                    0.1337682604789734,
                    0.22948752343654633,
                    0.308747798204422,
                    0.39759963750839233,
                    0.46954602003097534,
                    0.5573950409889221,
                    0.630821704864502,
                    0.6697892546653748,
                    0.6865605711936951,
                    0.6630314588546753,
                    0.6041358709335327,
                    0.5575082302093506,
                    0.49677982926368713,
                    0.4332679510116577,
                    0.3310818672180176,
                    0.20909824967384338,
                    0.13540367782115936
                ],
                "key_ts": [
                    -0.1489776074886322,
                    0.3090986907482147,
                    0.02391413412988186,
                    0.26673316955566406,
                    0.04580482840538025,
                    0.24341760575771332,
                    0.17498041689395905,
                    0.12916900217533112,
                    0.29834091663360596,
                    -0.09043174982070923,
                    0.22538834810256958,
                    -0.3330768346786499,
                    -0.17154687643051147,
                    0.046059153974056244,
                    -0.16850398480892181,
                    -0.23055016994476318,
                    0.027700938284397125,
                    -0.3099324703216553,
                    0.0700392946600914,
                    0.014910692349076271
                ]
            },
            "optimizer_parameters": {
                "y_lr": 0.05,
                "t_lr": 0.05,
                "scheduler_step_size": 10,
                "scheduler_gamma": 0.99
            }
        },
        "thickness_spline": {
            "parameters": {
                "key_xs": [
                    0.0,
                    0.10000000149011612,
                    0.20000000298023224,
                    0.30000001192092896,
                    0.4000000059604645,
                    0.6000000238418579,
                    0.699999988079071,
                    0.800000011920929,
                    0.8999999761581421,
                    1.0
                ],
                "key_ys": [
                    0.0,
                    0.6000000238418579,
                    0.75,
                    0.8299999833106995,
                    0.8999999761581421,
                    0.8500000238418579,
                    0.75,
                    0.6000000238418579,
                    0.4000000059604645,
                    0.0
                ],
                "key_ts": [
                    5.0,
                    4.0,
                    2.0,
                    1.0,
                    0.10000000149011612,
                    -0.10000000149011612,
                    -0.5,
                    -0.699999988079071,
                    -1.0,
                    -4.0
                ]
            },
            "optimizer_parameters": {
                "y_lr": 0.05,
                "t_lr": 0.05,
                "scheduler_step_size": 10,
                "scheduler_gamma": 0.99
            }
        },