{
    "parameters": {
        "grow_mode": "double_sided",
        "wave_angle": -1.2000000476837158,
        "start_uv": [
            0.5355839729309082,
            0.36469659209251404
        ],
        "end_uv": [
            0.5381662249565125,
            0.5370404124259949
        ],
        "start_dir": [
            0.6373156309127808
        ],
        "end_dir": [
            -0.14633134007453918
        ],
        "init_height": 0.2,
        "sil_spline": {
            "parameters": {
                "key_xs": [
                    0.0,
                    0.05263157933950424,
                    0.10526315867900848,
                    0.15789473056793213,
                    0.21052631735801697,
                    0.2631579041481018,
                    0.31578946113586426,
                    0.3684210479259491,
                    0.42105263471603394,
                    0.4736842215061188,
                    0.5263158082962036,
                    0.5789473652839661,
                    0.6315789222717285,
                    0.6842105388641357,
                    0.7368420958518982,
                    0.7894736528396606,
                    0.8421052694320679,
                    0.8947368264198303,
                    0.9473684430122375,
                    1.0
                ],
                "key_ys": [
                    0.13995005190372467,
                    0.22724243998527527,
                    0.2763567864894867,
                    0.3335164487361908,
                    0.4048885405063629,
                    0.49648618698120117,
                    0.5152527093887329,
                    0.5160055160522461,
                    0.5066428184509277,
                    0.500672459602356,
                    0.49576857686042786,
                    0.4916066825389862,
                    0.47836384177207947,
                    0.4619528651237488,
                    0.4490031599998474,
                    0.43942853808403015,
                    0.4338103234767914,
                    0.4371897280216217,
                    0.2174244225025177,
                    0.10706394910812378
                ],
                "key_ts": [
                    0.000125054270029068,
                    -0.0015884980093687773,
                    0.0060263630002737045,
                    -0.002366475062444806,
                    0.007226413115859032,
                    -0.002742862096056342,
                    0.005948994308710098,
                    -0.009004211984574795,
                    -0.0009727755095809698,
                    -0.005254353396594524,
                    0.004566306248307228,
                    -0.007915093563497066,
                    -0.008354058489203453,
                    0.004750293679535389,
                    -0.008915538899600506,
                    0.009068386629223824,
                    -0.0032750654499977827,
                    -0.001706242561340332,
                    0.0030866647139191628,
                    -0.00010507144179427996
                ]
            },
            "optimizer_parameters": {
                "y_lr": 0.05,
                "t_lr": 0.05,
                "scheduler_step_size": 10,
                "scheduler_gamma": 0.99
            }
        },
        "thickness_spline": {
            "parameters": {
                "key_xs": [
                    0.0,
                    0.30000001192092896,
                    0.5,
                    0.699999988079071,
                    1.0
                ],
                "key_ys": [
                    0.0,
                    0.009999999776482582,
                    0.013000000268220901,
                    0.009999999776482582,
                    0.0
                ],
                "key_ts": [
                    0.009999999776482582,
                    0.0020000000949949026,
                    0.0,
                    -0.0020000000949949026,
                    -0.009999999776482582
                ]
            },
            "optimizer_parameters": {
                "y_lr": 0.05,
                "t_lr": 0.05,
                "scheduler_step_size": 10,
                "scheduler_gamma": 0.99
            }
        },
        "uv_reshape_bb": {
            "uv": [
                0.3352864583333333,
                0.3352864583333333
            ],
            "size": [
                0.3138020833333333,
                0.3138020833333333
            ]
        }
    },
    "optimizer_parameters": {
        "uv_lr": 0.005,
        "dir_lr": 0.05,
        "scheduler_step_size": 10,
        "scheduler_gamma": 0.99
    }
}