{
    "parameters": {
        "grow_mode": "single_sided",
        "wave_angle": -1.0471975803375244,
        "start_uv": [
            0.5654640793800354,
            -0.0015055773546919227
        ],
        "end_uv": [
            0.43520212173461914,
            -0.0008769861306063831
        ],
        "start_dir": [
            0.2543404698371887
        ],
        "end_dir": [
            -0.18790683150291443
        ],
        "init_height": 0.2,
        "sil_spline": {
            "parameters": {
                "key_xs": [
                    0.0,
                    0.05263157933950424,
                    0.10526315867900848,
                    0.15789473056793213,
                    0.21052631735801697,
                    0.2631579041481018,
                    0.31578946113586426,
                    0.3684210479259491,
                    0.42105263471603394,
                    0.4736842215061188,
                    0.5263158082962036,
                    0.5789473652839661,
                    0.6315789222717285,
                    0.6842105388641357,
                    0.7368420958518982,
                    0.7894736528396606,
                    0.8421052694320679,
                    0.8947368264198303,
                    0.9473684430122375,
                    1.0
                ],
                "key_ys": [
                    0.2446928322315216,
                    0.4939230680465698,
                    0.620766818523407,
                    0.7135910391807556,
                    0.8043485879898071,
                    0.895021378993988,
                    0.9719312191009521,
                    1.0502572059631348,
                    1.112046718597412,
                    1.1779284477233887,
                    1.2247623205184937,
                    1.341805100440979,
                    0.7114660143852234,
                    0.6334064602851868,
                    0.5600774884223938,
                    0.4979002773761749,
                    0.44776421785354614,
                    0.3962046504020691,
                    0.3259392976760864,
                    0.2938576340675354
                ],
                "key_ts": [
                    0.001300788950175047,
                    -0.001282862271182239,
                    0.0026293150149285793,
                    0.0005665063508786261,
                    -0.0006304899579845369,
                    0.0023189205676317215,
                    -0.002276976127177477,
                    0.0019290222553536296,
                    0.0065419236198067665,
                    0.005553088616579771,
                    -0.007322249002754688,
                    0.009998013265430927,
                    0.003161771222949028,
                    -0.002953716553747654,
                    -0.004712122958153486,
                    -0.0017304514767602086,
                    -0.0004851547710131854,
                    -0.0047695995308458805,
                    -0.0005603606114163995,
                    -8.960600098362193e-05
                ]
            },
            "optimizer_parameters": {
                "y_lr": 0.05,
                "t_lr": 0.05,
                "scheduler_step_size": 10,
                "scheduler_gamma": 0.99
            }
        },
        "thickness_spline": {
            "parameters": {
                "key_xs": [
                    0.0,
                    1.0
                ],
                "key_ys": [
                    0.0,
                    0.0
                ],
                "key_ts": [
                    0.0,
                    0.0
                ]
            },
            "optimizer_parameters": {
                "y_lr": 0,
                "t_lr": 0,
                "scheduler_step_size": 0,
                "scheduler_gamma": 0
            }
        },
        "uv_reshape_bb": {
            "uv": [
                0.3352864583333333,
                0.6686197916666666
            ],
            "size": [
                0.3138020833333333,
                0.3138020833333333
            ]
        }
    },
    "optimizer_parameters": {
        "uv_lr": 0.005,
        "dir_lr": 0.05,
        "scheduler_step_size": 10,
        "scheduler_gamma": 0.99
    }
}