{
    "0_anal_fin_mask.png": [
        [
            0.4408850950686017,
            0.3938400881834001
        ],
        [
            0.4005854067970331,
            0.4314229435377842
        ]
    ],
    "0_body_mask.png": [
        [
            0.3095715040713557,
            0.4988909609811968
        ],
        [
            0.8911302162881612,
            0.5325674283656113
        ]
    ],
    "0_caudal_fin_mask.png": [
        [
            0.33161507872786306,
            0.4494966387984096
        ],
        [
            0.32413069052625315,
            0.5495152811290149
        ]
    ],
    "0_dorsal_fin_mask.png": [
        [
            0.42721112803024414,
            0.5981638044394795
        ],
        [
            0.6092178411148489,
            0.6811724735846076
        ]
    ],
    "0_pectoral_fin_mask.png": [
        [
            0.6534437713970893,
            0.4318062666855136
        ],
        [
            0.6605879601349898,
            0.4603830216371151
        ]
    ],
    "0_pelvic_fin_mask.png": [
        [
            0.7057174254316654,
            0.3625701804874364
        ],
        [
            0.6919151932451025,
            0.3610365991333738
        ]
    ]
}