{
    "parameters": {
        "grow_mode": "single_sided",
        "wave_angle": -1.0471975803375244,
        "start_uv": [
            0.3575425446033478,
            -0.00013228306488599628
        ],
        "end_uv": [
            0.13504193723201752,
            -0.00044649752089753747
        ],
        "start_dir": [
            0.7183303833007812
        ],
        "end_dir": [
            0.8784106373786926
        ],
        "init_height": 0.2,
        "sil_spline": {
            "parameters": {
                "key_xs": [
                    0.0,
                    0.05263157933950424,
                    0.10526315867900848,
                    0.15789473056793213,
                    0.21052631735801697,
                    0.2631579041481018,
                    0.31578946113586426,
                    0.3684210479259491,
                    0.42105263471603394,
                    0.4736842215061188,
                    0.5263158082962036,
                    0.5789473652839661,
                    0.6315789222717285,
                    0.6842105388641357,
                    0.7368420958518982,
                    0.7894736528396606,
                    0.8421052694320679,
                    0.8947368264198303,
                    0.9473684430122375,
                    1.0
                ],
                "key_ys": [
                    -0.003971010912209749,
                    0.06887013465166092,
                    0.12429899722337723,
                    0.17463304102420807,
                    0.2140137106180191,
                    0.2600034773349762,
                    0.3093734383583069,
                    0.3517600893974304,
                    0.3797498941421509,
                    0.39644861221313477,
                    0.42415621876716614,
                    0.435870885848999,
                    0.438306987285614,
                    0.4379356801509857,
                    0.4234560430049896,
                    0.4019958972930908,
                    0.3927741050720215,
                    0.3731943964958191,
                    0.28894633054733276,
                    0.22952795028686523
                ],
                "key_ts": [
                    -0.005044683814048767,
                    0.029393600299954414,
                    0.0029516718350350857,
                    -0.0028371575754135847,
                    -0.0015393005451187491,
                    0.018007753416895866,
                    0.00986461527645588,
                    0.023373544216156006,
                    0.01393717247992754,
                    0.02484281361103058,
                    -0.0033909010235220194,
                    0.009238949045538902,
                    -0.00018008540791925043,
                    -0.0025760051794350147,
                    0.0005445764400064945,
                    0.012153220362961292,
                    -0.002157249953597784,
                    -0.012754789553582668,
                    0.0020654764957726,
                    -0.0055388277396559715
                ]
            },
            "optimizer_parameters": {
                "y_lr": 0.05,
                "t_lr": 0.05,
                "scheduler_step_size": 10,
                "scheduler_gamma": 0.99
            }
        },
        "thickness_spline": {
            "parameters": {
                "key_xs": [
                    0.0,
                    0.30000001192092896,
                    0.5,
                    0.699999988079071,
                    1.0
                ],
                "key_ys": [
                    0.0,
                    0.029999999329447746,
                    0.03999999910593033,
                    0.029999999329447746,
                    0.0
                ],
                "key_ts": [
                    0.05000000074505806,
                    0.009999999776482582,
                    0.0,
                    -0.009999999776482582,
                    -0.05000000074505806
                ]
            },
            "optimizer_parameters": {
                "y_lr": 0.05,
                "t_lr": 0.05,
                "scheduler_step_size": 10,
                "scheduler_gamma": 0.99
            }
        },
        "uv_reshape_bb": {
            "uv": [
                0.3333333333333333,
                0.0
            ],
            "size": [
                0.3333333333333333,
                0.3333333333333333
            ]
        }
    },
    "optimizer_parameters": {
        "uv_lr": 0.005,
        "dir_lr": 0.05,
        "scheduler_step_size": 10,
        "scheduler_gamma": 0.99
    }
}