{
    "parameters": {
        "grow_mode": "single_sided",
        "wave_angle": -1.0471975803375244,
        "start_uv": [
            -0.006631172262132168,
            -9.144822979578748e-05
        ],
        "end_uv": [
            -0.000822823029011488,
            1.000458002090454
        ],
        "start_dir": [
            0.3137240409851074
        ],
        "end_dir": [
            -0.5558027029037476
        ],
        "init_height": 0.2,
        "sil_spline": {
            "parameters": {
                "key_xs": [
                    0.0,
                    0.05263157933950424,
                    0.10526315867900848,
                    0.15789473056793213,
                    0.21052631735801697,
                    0.2631579041481018,
                    0.31578946113586426,
                    0.3684210479259491,
                    0.42105263471603394,
                    0.4736842215061188,
                    0.5263158082962036,
                    0.5789473652839661,
                    0.6315789222717285,
                    0.6842105388641357,
                    0.7368420958518982,
                    0.7894736528396606,
                    0.8421052694320679,
                    0.8947368264198303,
                    0.9473684430122375,
                    1.0
                ],
                "key_ys": [
                    0.3587363660335541,
                    0.3369583487510681,
                    0.33232492208480835,
                    0.32293322682380676,
                    0.30454498529434204,
                    0.29528912901878357,
                    0.2876724302768707,
                    0.28260067105293274,
                    0.28190281987190247,
                    0.2743522822856903,
                    0.27690547704696655,
                    0.27991533279418945,
                    0.272807240486145,
                    0.27669164538383484,
                    0.2725326120853424,
                    0.2711291015148163,
                    0.27126485109329224,
                    0.27712205052375793,
                    0.2812371253967285,
                    0.3018580377101898
                ],
                "key_ts": [
                    0.0005360156646929681,
                    -0.0065444759093225,
                    0.00020345182565506548,
                    -0.017262881621718407,
                    0.020641431212425232,
                    0.004562344867736101,
                    -0.027059126645326614,
                    0.02752522937953472,
                    -0.018143601715564728,
                    -0.02316565066576004,
                    0.007737348321825266,
                    0.022099994122982025,
                    -0.030012674629688263,
                    0.00835451204329729,
                    -0.010461308062076569,
                    -0.02140626311302185,
                    0.0011376225156709552,
                    -0.0043074279092252254,
                    -0.011209010146558285,
                    0.0027344943955540657
                ]
            },
            "optimizer_parameters": {
                "y_lr": 0.05,
                "t_lr": 0.05,
                "scheduler_step_size": 10,
                "scheduler_gamma": 0.99
            }
        },
        "thickness_spline": {
            "parameters": {
                "key_xs": [
                    0.0,
                    0.30000001192092896,
                    0.5,
                    0.699999988079071,
                    1.0
                ],
                "key_ys": [
                    0.0,
                    0.009999999776482582,
                    0.012000000104308128,
                    0.009999999776482582,
                    0.0
                ],
                "key_ts": [
                    0.009999999776482582,
                    0.0020000000949949026,
                    0.0,
                    -0.0020000000949949026,
                    -0.009999999776482582
                ]
            },
            "optimizer_parameters": {
                "y_lr": 0.05,
                "t_lr": 0.05,
                "scheduler_step_size": 10,
                "scheduler_gamma": 0.99
            }
        },
        "uv_reshape_bb": {
            "uv": [
                0.0,
                0.6666666666666666
            ],
            "size": [
                0.3333333333333333,
                0.3333333333333333
            ]
        }
    },
    "optimizer_parameters": {
        "uv_lr": 0.005,
        "dir_lr": 0.05,
        "scheduler_step_size": 10,
        "scheduler_gamma": 0.99
    }
}