{
    "parameters": {
        "grow_mode": "single_sided",
        "wave_angle": -1.0471975803375244,
        "start_uv": [
            0.2234419584274292,
            1.0009369850158691
        ],
        "end_uv": [
            0.7754703164100647,
            1.0013796091079712
        ],
        "start_dir": [
            1.4316246509552002
        ],
        "end_dir": [
            0.8301463723182678
        ],
        "init_height": 0.2,
        "sil_spline": {
            "parameters": {
                "key_xs": [
                    0.0,
                    0.05263157933950424,
                    0.10526315867900848,
                    0.15789473056793213,
                    0.21052631735801697,
                    0.2631579041481018,
                    0.31578946113586426,
                    0.3684210479259491,
                    0.42105263471603394,
                    0.4736842215061188,
                    0.5263158082962036,
                    0.5789473652839661,
                    0.6315789222717285,
                    0.6842105388641357,
                    0.7368420958518982,
                    0.7894736528396606,
                    0.8421052694320679,
                    0.8947368264198303,
                    0.9473684430122375,
                    1.0
                ],
                "key_ys": [
                    0.2351645678281784,
                    0.3050711750984192,
                    0.33639049530029297,
                    0.33326998353004456,
                    0.355021595954895,
                    0.3685455322265625,
                    0.42303213477134705,
                    0.3617321848869324,
                    0.448980450630188,
                    0.45790889859199524,
                    0.45831406116485596,
                    0.3842862546443939,
                    0.5102491974830627,
                    0.4601449966430664,
                    0.45222151279449463,
                    0.43886658549308777,
                    0.371198832988739,
                    0.48725181818008423,
                    0.3318418562412262,
                    0.42336103320121765
                ],
                "key_ts": [
                    0.008532286621630192,
                    -0.01607196033000946,
                    0.015279066748917103,
                    -0.011497147381305695,
                    0.02938234806060791,
                    0.022581884637475014,
                    -0.002978152595460415,
                    0.0024587565567344427,
                    -0.005778465420007706,
                    0.05044155567884445,
                    0.019904034212231636,
                    0.007022024132311344,
                    0.004420117009431124,
                    -0.0003545201907400042,
                    0.01935894414782524,
                    0.013396837748587132,
                    0.007017314434051514,
                    -0.009007097221910954,
                    0.001391769852489233,
                    -0.0011853108881041408
                ]
            },
            "optimizer_parameters": {
                "y_lr": 0.05,
                "t_lr": 0.05,
                "scheduler_step_size": 10,
                "scheduler_gamma": 0.99
            }
        },
        "thickness_spline": {
            "parameters": {
                "key_xs": [
                    0.0,
                    0.10000000149011612,
                    0.5,
                    0.8999999761581421,
                    1.0
                ],
                "key_ys": [
                    0.0,
                    0.03999999910593033,
                    0.05000000074505806,
                    0.03999999910593033,
                    0.0
                ],
                "key_ts": [
                    0.07999999821186066,
                    0.019999999552965164,
                    0.0,
                    -0.019999999552965164,
                    -0.07999999821186066
                ]
            },
            "optimizer_parameters": {
                "y_lr": 0.05,
                "t_lr": 0.05,
                "scheduler_step_size": 10,
                "scheduler_gamma": 0.99
            }
        },
        "uv_reshape_bb": {
            "uv": [
                0.0,
                0.3333333333333333
            ],
            "size": [
                0.3333333333333333,
                0.3333333333333333
            ]
        }
    },
    "optimizer_parameters": {
        "uv_lr": 0.005,
        "dir_lr": 0.05,
        "scheduler_step_size": 10,
        "scheduler_gamma": 0.99
    }
}