{
    "parameters": {
        "origin_xy": [
            -1.551984429359436,
            0.03464476764202118
        ],
        "origin_z": 0.0,
        "length_x": 3.029829740524292,
        "length_y": 0.0,
        "length_z": 0.0,
        "uv_reshape_bb": {
            "uv": [
                0.0,
                0.0
            ],
            "size": [
                0.3333333333333333,
                0.3333333333333333
            ]
        },
        "top_spline": {
            "parameters": {
                "key_xs": [
                    0.0,
                    0.05263157933950424,
                    0.10526315867900848,
                    0.15789473056793213,
                    0.21052631735801697,
                    0.2631579041481018,
                    0.31578946113586426,
                    0.3684210479259491,
                    0.42105263471603394,
                    0.4736842215061188,
                    0.5263158082962036,
                    0.5789473652839661,
                    0.6315789222717285,
                    0.6842105388641357,
                    0.7368420958518982,
                    0.7894736528396606,
                    0.8421052694320679,
                    0.8947368264198303,
                    0.9473684430122375,
                    1.0
                ],
                "key_ys": [
                    0.5169047117233276,
                    0.42382746934890747,
                    0.36180734634399414,
                    0.37083160877227783,
                    0.36666133999824524,
                    0.5077142119407654,
                    0.6146873235702515,
                    0.6528593897819519,
                    0.6894271373748779,
                    0.697307288646698,
                    0.7064884305000305,
                    0.6792693734169006,
                    0.6617717742919922,
                    0.6072611808776855,
                    0.5421395897865295,
                    0.4689769744873047,
                    0.2890913486480713,
                    0.10755123943090439,
                    -0.06228456646203995,
                    -0.19574469327926636
                ],
                "key_ts": [
                    0.011603988707065582,
                    -0.17166076600551605,
                    0.008471943438053131,
                    0.32439082860946655,
                    -0.2042684406042099,
                    0.3640325665473938,
                    -0.07493352890014648,
                    -0.05910087004303932,
                    0.24446117877960205,
                    0.0055151814594864845,
                    -0.14187394082546234,
                    -0.12295401841402054,
                    -0.11172118782997131,
                    -0.16703005135059357,
                    -0.06132083013653755,
                    -0.1764821708202362,
                    -0.29620522260665894,
                    -0.01273302175104618,
                    -0.3466050624847412,
                    0.22260068356990814
                ]
            },
            "optimizer_parameters": {
                "y_lr": 0.05,
                "t_lr": 0.05,
                "scheduler_step_size": 10,
                "scheduler_gamma": 0.99
            }
        },
        "bottom_spline": {
            "parameters": {
                "key_xs": [
                    0.0,
                    0.05263157933950424,
                    0.10526315867900848,
                    0.15789473056793213,
                    0.21052631735801697,
                    0.2631579041481018,
                    0.31578946113586426,
                    0.3684210479259491,
                    0.42105263471603394,
                    0.4736842215061188,
                    0.5263158082962036,
                    0.5789473652839661,
                    0.6315789222717285,
                    0.6842105388641357,
                    0.7368420958518982,
                    0.7894736528396606,
                    0.8421052694320679,
                    0.8947368264198303,
                    0.9473684430122375,
                    1.0
                ],
                "key_ys": [
                    0.0002375858894083649,
                    -0.026245523244142532,
                    -0.03968328982591629,
                    -0.029245460405945778,
                    0.035002391785383224,
                    0.14295367896556854,
                    0.27948248386383057,
                    0.41876745223999023,
                    0.504876434803009,
                    0.5786570310592651,
                    0.6140981912612915,
                    0.6332622766494751,
                    0.615155041217804,
                    0.5944087505340576,
                    0.5669053792953491,
                    0.5389305949211121,
                    0.48310038447380066,
                    0.4078783094882965,
                    0.31475403904914856,
                    0.18577653169631958
                ],
                "key_ts": [
                    -0.13650603592395782,
                    0.18833839893341064,
                    -0.02800702676177025,
                    0.18536591529846191,
                    0.2121051698923111,
                    0.24310338497161865,
                    0.2589767873287201,
                    0.14936509728431702,
                    0.1642213761806488,
                    0.2608662247657776,
                    0.04615962877869606,
                    -0.031116077676415443,
                    -0.2135286033153534,
                    -0.0010458321776241064,
                    -0.16940580308437347,
                    -0.09993095695972443,
                    -0.1512555330991745,
                    -0.040144890546798706,
                    -0.25487589836120605,
                    0.07930648326873779
                ]
            },
            "optimizer_parameters": {
                "y_lr": 0.05,
                "t_lr": 0.05,
                "scheduler_step_size": 10,
                "scheduler_gamma": 0.99
            }
        },
        "thickness_spline": {
            "parameters": {
                "key_xs": [
                    0.0,
                    0.10000000149011612,
                    0.20000000298023224,
                    0.30000001192092896,
                    0.4000000059604645,
                    0.6000000238418579,
                    0.699999988079071,
                    0.800000011920929,
                    0.8999999761581421,
                    1.0
                ],
                "key_ys": [
                    0.0,
                    0.6000000238418579,
                    0.75,
                    0.8299999833106995,
                    0.8999999761581421,
                    0.8500000238418579,
                    0.75,
                    0.6000000238418579,
                    0.4000000059604645,
                    0.0
                ],
                "key_ts": [
                    5.0,
                    4.0,
                    2.0,
                    1.0,
                    0.10000000149011612,
                    -0.10000000149011612,
                    -0.5,
                    -0.699999988079071,
                    -1.0,
                    -4.0
                ]
            },
            "optimizer_parameters": {
                "y_lr": 0.05,
                "t_lr": 0.05,
                "scheduler_step_size": 10,
                "scheduler_gamma": 0.99
            }
        },