{
    "parameters": {
        "grow_mode": "single_sided",
        "wave_angle": -1.0471975803375244,
        "start_uv": [
            0.7042836546897888,
            -0.0012797375675290823
        ],
        "end_uv": [
            0.6717477440834045,
            -0.0026235294062644243
        ],
        "start_dir": [
            -0.7687143087387085
        ],
        "end_dir": [
            -0.9140429496765137
        ],
        "init_height": 0.2,
        "sil_spline": {
            "parameters": {
                "key_xs": [
                    0.0,
                    0.05263157933950424,
                    0.10526315867900848,
                    0.15789473056793213,
                    0.21052631735801697,
                    0.2631579041481018,
                    0.31578946113586426,
                    0.3684210479259491,
                    0.42105263471603394,
                    0.4736842215061188,
                    0.5263158082962036,
                    0.5789473652839661,
                    0.6315789222717285,
                    0.6842105388641357,
                    0.7368420958518982,
                    0.7894736528396606,
                    0.8421052694320679,
                    0.8947368264198303,
                    0.9473684430122375,
                    1.0
                ],
                "key_ys": [
                    0.199113667011261,
                    0.19810105860233307,
                    0.2055729180574417,
                    0.21132557094097137,
                    0.21661552786827087,
                    0.21966552734375,
                    0.22301669418811798,
                    0.21933169662952423,
                    0.22324812412261963,
                    0.22018548846244812,
                    0.22102685272693634,
                    0.22267235815525055,
                    0.22350287437438965,
                    0.22753693163394928,
                    0.22669056057929993,
                    0.21461568772792816,
                    0.20731687545776367,
                    0.19966775178909302,
                    0.19199682772159576,
                    0.19043684005737305
                ],
                "key_ts": [
                    -0.0028174284379929304,
                    0.015499209985136986,
                    0.002686812076717615,
                    0.0020470109302550554,
                    0.006931997835636139,
                    0.007579349912703037,
                    0.001998728374019265,
                    0.00307487603276968,
                    0.0047240303829312325,
                    -0.007158231921494007,
                    0.011680752038955688,
                    -0.005462540779262781,
                    -0.005299405660480261,
                    -0.016130244359374046,
                    -0.0077881477773189545,
                    -0.017016034573316574,
                    -0.005474214442074299,
                    -0.0055115073919296265,
                    -0.006896945647895336,
                    -0.0028365659527480602
                ]
            },
            "optimizer_parameters": {
                "y_lr": 0.05,
                "t_lr": 0.05,
                "scheduler_step_size": 10,
                "scheduler_gamma": 0.99
            }
        },
        "thickness_spline": {
            "parameters": {
                "key_xs": [
                    0.0,
                    0.30000001192092896,
                    0.5,
                    0.699999988079071,
                    1.0
                ],
                "key_ys": [
                    0.0,
                    0.009999999776482582,
                    0.013000000268220901,
                    0.009999999776482582,
                    0.0
                ],
                "key_ts": [
                    0.009999999776482582,
                    0.0020000000949949026,
                    0.0,
                    -0.0020000000949949026,
                    -0.009999999776482582
                ]
            },
            "optimizer_parameters": {
                "y_lr": 0.05,
                "t_lr": 0.05,
                "scheduler_step_size": 10,
                "scheduler_gamma": 0.99
            }
        },
        "uv_reshape_bb": {
            "uv": [
                0.3333333333333333,
                0.6666666666666666
            ],
            "size": [
                0.3333333333333333,
                0.3333333333333333
            ]
        }
    },
    "optimizer_parameters": {
        "uv_lr": 0.005,
        "dir_lr": 0.05,
        "scheduler_step_size": 10,
        "scheduler_gamma": 0.99
    }
}