{
    "parameters": {
        "grow_mode": "single_sided",
        "wave_angle": -1.0471975803375244,
        "start_uv": [
            0.5915987491607666,
            -0.002117269206792116
        ],
        "end_uv": [
            0.48226720094680786,
            -0.0025001305621117353
        ],
        "start_dir": [
            -0.9972928166389465
        ],
        "end_dir": [
            -1.1055878400802612
        ],
        "init_height": 0.2,
        "sil_spline": {
            "parameters": {
                "key_xs": [
                    0.0,
                    0.05263157933950424,
                    0.10526315867900848,
                    0.15789473056793213,
                    0.21052631735801697,
                    0.2631579041481018,
                    0.31578946113586426,
                    0.3684210479259491,
                    0.42105263471603394,
                    0.4736842215061188,
                    0.5263158082962036,
                    0.5789473652839661,
                    0.6315789222717285,
                    0.6842105388641357,
                    0.7368420958518982,
                    0.7894736528396606,
                    0.8421052694320679,
                    0.8947368264198303,
                    0.9473684430122375,
                    1.0
                ],
                "key_ys": [
                    0.37540650367736816,
                    0.4207174777984619,
                    0.42682141065597534,
                    0.43377605080604553,
                    0.4405994117259979,
                    0.45026475191116333,
                    0.4604168236255646,
                    0.457200288772583,
                    0.456596314907074,
                    0.4497407376766205,
                    0.43944549560546875,
                    0.4305732250213623,
                    0.42482057213783264,
                    0.4021844267845154,
                    0.35136133432388306,
                    0.333690345287323,
                    0.3187253773212433,
                    0.28960493206977844,
                    0.2684286832809448,
                    0.251516729593277
                ],
                "key_ts": [
                    0.0141293341293931,
                    -0.006568053271621466,
                    -0.0028778626583516598,
                    0.012595709413290024,
                    -0.0103470329195261,
                    0.00858829915523529,
                    0.0030590847600251436,
                    -0.008809993043541908,
                    -0.007710951846092939,
                    -0.01830196939408779,
                    -0.01583966054022312,
                    -0.018051741644740105,
                    -0.017429761588573456,
                    -0.024310152977705002,
                    0.0008895088103599846,
                    -0.014261038973927498,
                    -0.006402343977242708,
                    -0.014695592224597931,
                    -0.0038215694949030876,
                    0.0008028556476347148
                ]
            },
            "optimizer_parameters": {
                "y_lr": 0.05,
                "t_lr": 0.05,
                "scheduler_step_size": 10,
                "scheduler_gamma": 0.99
            }
        },
        "thickness_spline": {
            "parameters": {
                "key_xs": [
                    0.0,
                    1.0
                ],
                "key_ys": [
                    0.0,
                    0.0
                ],
                "key_ts": [
                    0.0,
                    0.0
                ]
            },
            "optimizer_parameters": {
                "y_lr": 0,
                "t_lr": 0,
                "scheduler_step_size": 0,
                "scheduler_gamma": 0
            }
        },
        "uv_reshape_bb": {
            "uv": [
                0.3333333333333333,
                0.3333333333333333
            ],
            "size": [
                0.3333333333333333,
                0.3333333333333333
            ]
        }
    },
    "optimizer_parameters": {
        "uv_lr": 0.005,
        "dir_lr": 0.05,
        "scheduler_step_size": 10,
        "scheduler_gamma": 0.99
    }
}