{
    "0_anal_fin_mask.png": [
        [
            0.40146323889170316,
            0.3556995101942444
        ],
        [
            0.3647470270710387,
            0.37735266075514917
        ]
    ],
    "0_body_mask.png": [
        [
            0.18508656225285924,
            0.5308711808741328
        ],
        [
            0.8205262648691657,
            0.5542206712589839
        ]
    ],
    "0_caudal_fin_mask.png": [
        [
            0.18446600191887902,
            0.5124933441664083
        ],
        [
            0.18485502726133146,
            0.5564532078635379
        ]
    ],
    "0_dorsal2_fin_mask.png": [
        [
            0.39142748410359507,
            0.6719937345719227
        ],
        [
            0.4268287902667702,
            0.6914450016945464
        ]
    ],
    "0_dorsal_fin_mask.png": [
        [
            0.4404446772526069,
            0.7000035592285009
        ],
        [
            0.5559852039609916,
            0.7136194462143375
        ]
    ],
    "0_pectoral_fin_mask.png": [
        [
            0.5053801154619096,
            0.4363237028496434
        ],
        [
            0.520587469757779,
            0.44445786910092244
        ]
    ],
    "0_pelvic_fin_mask.png": [
        [
            0.5180974997546495,
            0.31619733108268444
        ],
        [
            0.46548701016678673,
            0.32438118501857427
        ]
    ]
}