{
    "0_anal_fin_mask.png": [
        [
            0.39646369182047153,
            0.3519821112101734
        ],
        [
            0.34358797339397273,
            0.37900102227426347
        ]
    ],
    "0_body_mask.png": [
        [
            0.1844651808857095,
            0.5331578557203691
        ],
        [
            0.8189753847308308,
            0.5555214936193704
        ]
    ],
    "0_caudal_fin_mask.png": [
        [
            0.18446708503253817,
            0.5127139248278673
        ],
        [
            0.18446708503253811,
            0.5566529697468086
        ]
    ],
    "0_dorsal2_fin_mask.png": [
        [
            0.39030682114977056,
            0.6758751951682505
        ],
        [
            0.4263320359018905,
            0.6941783284697308
        ]
    ],
    "0_dorsal_fin_mask.png": [
        [
            0.44202043587458784,
            0.7014414766052388
        ],
        [
            0.5547444949376727,
            0.7150961950999939
        ]
    ],
    "0_pectoral_fin_mask.png": [
        [
            0.5064873757544224,
            0.43713817861279625
        ],
        [
            0.5189291321398155,
            0.4452144064419111
        ]
    ],
    "0_pelvic_fin_mask.png": [
        [
            0.5170631738670161,
            0.3154937685762186
        ],
        [
            0.4678480821008136,
            0.3234832315252776
        ]
    ]
}