{
    "parameters": {
        "grow_mode": "single_sided",
        "wave_angle": -1.0471975803375244,
        "start_uv": [
            0.3341124951839447,
            -0.0021981699392199516
        ],
        "end_uv": [
            0.2508801519870758,
            -0.0006669226568192244
        ],
        "start_dir": [
            -0.9772933125495911
        ],
        "end_dir": [
            -1.4906009435653687
        ],
        "init_height": 0.2,
        "sil_spline": {
            "parameters": {
                "key_xs": [
                    0.0,
                    0.05263157933950424,
                    0.10526315867900848,
                    0.15789473056793213,
                    0.21052631735801697,
                    0.2631579041481018,
                    0.31578946113586426,
                    0.3684210479259491,
                    0.42105263471603394,
                    0.4736842215061188,
                    0.5263158082962036,
                    0.5789473652839661,
                    0.6315789222717285,
                    0.6842105388641357,
                    0.7368420958518982,
                    0.7894736528396606,
                    0.8421052694320679,
                    0.8947368264198303,
                    0.9473684430122375,
                    1.0
                ],
                "key_ys": [
                    0.1201806291937828,
                    0.1464722901582718,
                    0.15689300000667572,
                    0.16442668437957764,
                    0.16827495396137238,
                    0.1808517426252365,
                    0.18531030416488647,
                    0.21365295350551605,
                    0.22610990703105927,
                    0.2385014146566391,
                    0.2757326364517212,
                    0.1971101015806198,
                    0.18251127004623413,
                    0.17795659601688385,
                    0.1726706326007843,
                    0.14395219087600708,
                    0.12778937816619873,
                    0.1133909597992897,
                    0.11544618010520935,
                    0.10231239348649979
                ],
                "key_ts": [
                    0.0035223006270825863,
                    0.005021069198846817,
                    0.012375270947813988,
                    -0.00938085000962019,
                    0.006208416540175676,
                    0.004425313789397478,
                    -0.0010545082623139024,
                    0.014345608651638031,
                    0.0001676186075201258,
                    -0.00753511767834425,
                    0.02505488693714142,
                    0.0015930620720610023,
                    -0.012515830807387829,
                    -0.00989911612123251,
                    -0.006063483655452728,
                    -0.007401222828775644,
                    -0.008568830788135529,
                    -0.0071067893877625465,
                    -0.0013251443160697818,
                    -0.0017716422444209456
                ]
            },
            "optimizer_parameters": {
                "y_lr": 0.05,
                "t_lr": 0.05,
                "scheduler_step_size": 10,
                "scheduler_gamma": 0.99
            }
        },
        "thickness_spline": {
            "parameters": {
                "key_xs": [
                    0.0,
                    0.30000001192092896,
                    0.5,
                    0.699999988079071,
                    1.0
                ],
                "key_ys": [
                    0.0,
                    0.029999999329447746,
                    0.03999999910593033,
                    0.029999999329447746,
                    0.0
                ],
                "key_ts": [
                    0.05000000074505806,
                    0.009999999776482582,
                    0.0,
                    -0.009999999776482582,
                    -0.05000000074505806
                ]
            },
            "optimizer_parameters": {
                "y_lr": 0.05,
                "t_lr": 0.05,
                "scheduler_step_size": 10,
                "scheduler_gamma": 0.99
            }
        },
        "uv_reshape_bb": {
            "uv": [
                0.0,
                0.3333333333333333
            ],
            "size": [
                0.3138020833333333,
                0.3138020833333333
            ]
        }
    },
    "optimizer_parameters": {
        "uv_lr": 0.005,
        "dir_lr": 0.05,
        "scheduler_step_size": 10,
        "scheduler_gamma": 0.99
    }
}