{
    "parameters": {
        "grow_mode": "single_sided",
        "wave_angle": -1.0471975803375244,
        "start_uv": [
            -0.004390592221170664,
            -0.0001456979662179947
        ],
        "end_uv": [
            -0.004184945952147245,
            1.0000044107437134
        ],
        "start_dir": [
            0.30584341287612915
        ],
        "end_dir": [
            -2.6743476390838623
        ],
        "init_height": 0.2,
        "sil_spline": {
            "parameters": {
                "key_xs": [
                    0.0,
                    0.05263157933950424,
                    0.10526315867900848,
                    0.15789473056793213,
                    0.21052631735801697,
                    0.2631579041481018,
                    0.31578946113586426,
                    0.3684210479259491,
                    0.42105263471603394,
                    0.4736842215061188,
                    0.5263158082962036,
                    0.5789473652839661,
                    0.6315789222717285,
                    0.6842105388641357,
                    0.7368420958518982,
                    0.7894736528396606,
                    0.8421052694320679,
                    0.8947368264198303,
                    0.9473684430122375,
                    1.0
                ],
                "key_ys": [
                    0.17309674620628357,
                    0.15071912109851837,
                    0.14915889501571655,
                    0.14296412467956543,
                    0.1487930417060852,
                    0.15806418657302856,
                    0.1797596961259842,
                    0.22101420164108276,
                    0.2958977222442627,
                    0.8564736247062683,
                    0.03481500595808029,
                    0.1290074586868286,
                    0.1172519102692604,
                    0.10846468061208725,
                    0.09795811772346497,
                    0.09399256855249405,
                    0.08872109651565552,
                    0.08746803551912308,
                    0.08112561702728271,
                    0.08408463001251221
                ],
                "key_ts": [
                    -0.0026212132070213556,
                    0.015166547149419785,
                    -0.0003328226739540696,
                    0.012045531533658504,
                    -0.008726122789084911,
                    0.01664162613451481,
                    -0.006183852907270193,
                    0.016509180888533592,
                    0.0011178716085851192,
                    -0.01672561652958393,
                    -0.00881282426416874,
                    0.0008941754931584001,
                    -0.002752656117081642,
                    -0.0090535469353199,
                    0.005300812888890505,
                    -0.008572112768888474,
                    -0.002613491378724575,
                    -0.0019680934492498636,
                    -0.008319753222167492,
                    0.001407252042554319
                ]
            },
            "optimizer_parameters": {
                "y_lr": 0.05,
                "t_lr": 0.05,
                "scheduler_step_size": 10,
                "scheduler_gamma": 0.99
            }
        },
        "thickness_spline": {
            "parameters": {
                "key_xs": [
                    0.0,
                    0.30000001192092896,
                    0.5,
                    0.699999988079071,
                    1.0
                ],
                "key_ys": [
                    0.0,
                    0.009999999776482582,
                    0.012000000104308128,
                    0.009999999776482582,
                    0.0
                ],
                "key_ts": [
                    0.009999999776482582,
                    0.0020000000949949026,
                    0.0,
                    -0.0020000000949949026,
                    -0.009999999776482582
                ]
            },
            "optimizer_parameters": {
                "y_lr": 0.05,
                "t_lr": 0.05,
                "scheduler_step_size": 10,
                "scheduler_gamma": 0.99
            }
        },
        "uv_reshape_bb": {
            "uv": [
                0.0,
                0.6666666666666666
            ],
            "size": [
                0.3138020833333333,
                0.3138020833333333
            ]
        }
    },
    "optimizer_parameters": {
        "uv_lr": 0.005,
        "dir_lr": 0.05,
        "scheduler_step_size": 10,
        "scheduler_gamma": 0.99
    }
}