{
    "parameters": {
        "grow_mode": "single_sided",
        "wave_angle": -1.0471975803375244,
        "start_uv": [
            0.4059356451034546,
            1.0007578134536743
        ],
        "end_uv": [
            0.583564817905426,
            1.000813603401184
        ],
        "start_dir": [
            -0.22324149310588837
        ],
        "end_dir": [
            0.006868617609143257
        ],
        "init_height": 0.2,
        "sil_spline": {
            "parameters": {
                "key_xs": [
                    0.0,
                    0.05263157933950424,
                    0.10526315867900848,
                    0.15789473056793213,
                    0.21052631735801697,
                    0.2631579041481018,
                    0.31578946113586426,
                    0.3684210479259491,
                    0.42105263471603394,
                    0.4736842215061188,
                    0.5263158082962036,
                    0.5789473652839661,
                    0.6315789222717285,
                    0.6842105388641357,
                    0.7368420958518982,
                    0.7894736528396606,
                    0.8421052694320679,
                    0.8947368264198303,
                    0.9473684430122375,
                    1.0
                ],
                "key_ys": [
                    0.3312871754169464,
                    0.4359164834022522,
                    0.42816993594169617,
                    0.5215575695037842,
                    0.5269060134887695,
                    0.6224661469459534,
                    0.6025426983833313,
                    0.6928108334541321,
                    0.723643958568573,
                    0.7220910787582397,
                    0.7274942994117737,
                    0.8174932599067688,
                    0.8265597820281982,
                    0.8175647854804993,
                    0.9157049655914307,
                    0.9369202256202698,
                    0.9505208134651184,
                    0.9195436835289001,
                    0.8233214020729065,
                    0.5643709301948547
                ],
                "key_ts": [
                    0.02309328317642212,
                    -0.013856756500899792,
                    0.002772563835605979,
                    0.006774845998734236,
                    0.0004809027595911175,
                    -0.0002642159815877676,
                    0.006480506155639887,
                    0.0014291488332673907,
                    0.005183769855648279,
                    0.012558432295918465,
                    0.0013229775940999389,
                    -0.0009421568247489631,
                    0.0049116103909909725,
                    0.0005234506679698825,
                    0.0022069572005420923,
                    0.0055687762796878815,
                    -0.006838190369307995,
                    -0.002299340208992362,
                    0.00035692477831617,
                    -0.005356254521757364
                ]
            },
            "optimizer_parameters": {
                "y_lr": 0.05,
                "t_lr": 0.05,
                "scheduler_step_size": 10,
                "scheduler_gamma": 0.99
            }
        },
        "thickness_spline": {
            "parameters": {
                "key_xs": [
                    0.0,
                    0.10000000149011612,
                    0.5,
                    0.8999999761581421,
                    1.0
                ],
                "key_ys": [
                    0.0,
                    0.03999999910593033,
                    0.05000000074505806,
                    0.03999999910593033,
                    0.0
                ],
                "key_ts": [
                    0.07999999821186066,
                    0.019999999552965164,
                    0.0,
                    -0.019999999552965164,
                    -0.07999999821186066
                ]
            },
            "optimizer_parameters": {
                "y_lr": 0.05,
                "t_lr": 0.05,
                "scheduler_step_size": 10,
                "scheduler_gamma": 0.99
            }
        },
        "uv_reshape_bb": {
            "uv": [
                0.3333333333333333,
                0.3333333333333333
            ],
            "size": [
                0.3138020833333333,
                0.3138020833333333
            ]
        }
    },
    "optimizer_parameters": {
        "uv_lr": 0.005,
        "dir_lr": 0.05,
        "scheduler_step_size": 10,
        "scheduler_gamma": 0.99
    }
}