{
    "parameters": {
        "grow_mode": "single_sided",
        "wave_angle": -1.0471975803375244,
        "start_uv": [
            0.32441815733909607,
            1.001986026763916
        ],
        "end_uv": [
            0.3812190294265747,
            1.0000087022781372
        ],
        "start_dir": [
            -0.36595532298088074
        ],
        "end_dir": [
            0.6635733842849731
        ],
        "init_height": 0.2,
        "sil_spline": {
            "parameters": {
                "key_xs": [
                    0.0,
                    0.05263157933950424,
                    0.10526315867900848,
                    0.15789473056793213,
                    0.21052631735801697,
                    0.2631579041481018,
                    0.31578946113586426,
                    0.3684210479259491,
                    0.42105263471603394,
                    0.4736842215061188,
                    0.5263158082962036,
                    0.5789473652839661,
                    0.6315789222717285,
                    0.6842105388641357,
                    0.7368420958518982,
                    0.7894736528396606,
                    0.8421052694320679,
                    0.8947368264198303,
                    0.9473684430122375,
                    1.0
                ],
                "key_ys": [
                    0.17319177091121674,
                    0.17072926461696625,
                    0.16878750920295715,
                    0.1621870994567871,
                    0.16810305416584015,
                    0.16965056955814362,
                    0.1389477252960205,
                    0.16094878315925598,
                    0.18046464025974274,
                    0.18192341923713684,
                    0.16160167753696442,
                    0.17471228539943695,
                    0.17105595767498016,
                    0.19966834783554077,
                    0.21283327043056488,
                    0.22294633090496063,
                    0.2244247943162918,
                    0.2405538707971573,
                    0.23655976355075836,
                    0.2594055235385895
                ],
                "key_ts": [
                    0.010925077833235264,
                    -0.0073312739841639996,
                    -0.006681098137050867,
                    -0.0030208586249500513,
                    0.0012363968417048454,
                    0.009070836007595062,
                    0.010616952553391457,
                    -0.007159389555454254,
                    0.014033173210918903,
                    0.00011508308671182021,
                    0.009843331761658192,
                    -0.006011278368532658,
                    0.005864569451659918,
                    0.000643292733002454,
                    -0.00770521629601717,
                    0.001759980572387576,
                    -0.006594507955014706,
                    0.0005113590159453452,
                    -0.008014430291950703,
                    -0.0032508578151464462
                ]
            },
            "optimizer_parameters": {
                "y_lr": 0.05,
                "t_lr": 0.05,
                "scheduler_step_size": 10,
                "scheduler_gamma": 0.99
            }
        },
        "thickness_spline": {
            "parameters": {
                "key_xs": [
                    0.0,
                    0.10000000149011612,
                    0.5,
                    0.8999999761581421,
                    1.0
                ],
                "key_ys": [
                    0.0,
                    0.03999999910593033,
                    0.05000000074505806,
                    0.03999999910593033,
                    0.0
                ],
                "key_ts": [
                    0.07999999821186066,
                    0.019999999552965164,
                    0.0,
                    -0.019999999552965164,
                    -0.07999999821186066
                ]
            },
            "optimizer_parameters": {
                "y_lr": 0.05,
                "t_lr": 0.05,
                "scheduler_step_size": 10,
                "scheduler_gamma": 0.99
            }
        },
        "uv_reshape_bb": {
            "uv": [
                0.3333333333333333,
                0.0
            ],
            "size": [
                0.3138020833333333,
                0.3138020833333333
            ]
        }
    },
    "optimizer_parameters": {
        "uv_lr": 0.005,
        "dir_lr": 0.05,
        "scheduler_step_size": 10,
        "scheduler_gamma": 0.99
    }
}