{
    "parameters": {
        "origin_xy": [
            -1.4573928117752075,
            0.23081129789352417
        ],
        "origin_z": 0.0,
        "length_x": 2.9306869506835938,
        "length_y": 0.0,
        "length_z": 0.0,
        "uv_reshape_bb": {
            "uv": [
                0.0,
                0.0
            ],
            "size": [
                0.3138020833333333,
                0.3138020833333333
            ]
        },
        "top_spline": {
            "parameters": {
                "key_xs": [
                    0.0,
                    0.05263157933950424,
                    0.10526315867900848,
                    0.15789473056793213,
                    0.21052631735801697,
                    0.2631579041481018,
                    0.31578946113586426,
                    0.3684210479259491,
                    0.42105263471603394,
                    0.4736842215061188,
                    0.5263158082962036,
                    0.5789473652839661,
                    0.6315789222717285,
                    0.6842105388641357,
                    0.7368420958518982,
                    0.7894736528396606,
                    0.8421052694320679,
                    0.8947368264198303,
                    0.9473684430122375,
                    1.0
                ],
                "key_ys": [
                    -0.008245373144745827,
                    -0.009510519914329052,
                    0.03904399648308754,
                    0.20111578702926636,
                    0.3215041756629944,
                    0.4401682913303375,
                    0.5399488806724548,
                    0.6164115071296692,
                    0.6945905089378357,
                    0.7382597923278809,
                    0.7588281631469727,
                    0.7383488416671753,
                    0.6939725875854492,
                    0.6348142027854919,
                    0.5536525249481201,
                    0.43229034543037415,
                    0.26447156071662903,
                    0.07018335908651352,
                    -0.09236770123243332,
                    0.021844465285539627
                ],
                "key_ts": [
                    -0.12156948447227478,
                    -0.008606009185314178,
                    0.22512522339820862,
                    0.2583506405353546,
                    0.10119663178920746,
                    0.20484156906604767,
                    0.21701787412166595,
                    0.12828581035137177,
                    0.20932847261428833,
                    0.022772280499339104,
                    -0.2699979543685913,
                    0.12606582045555115,
                    -0.16323548555374146,
                    -0.14132611453533173,
                    -0.20374318957328796,
                    -0.19034405052661896,
                    -0.15368051826953888,
                    -0.3149152398109436,
                    0.14305086433887482,
                    0.04497069865465164
                ]
            },
            "optimizer_parameters": {
                "y_lr": 0.05,
                "t_lr": 0.05,
                "scheduler_step_size": 10,
                "scheduler_gamma": 0.99
            }
        },
        "bottom_spline": {
            "parameters": {
                "key_xs": [
                    0.0,
                    0.05263157933950424,
                    0.10526315867900848,
                    0.15789473056793213,
                    0.21052631735801697,
                    0.2631579041481018,
                    0.31578946113586426,
                    0.3684210479259491,
                    0.42105263471603394,
                    0.4736842215061188,
                    0.5263158082962036,
                    0.5789473652839661,
                    0.6315789222717285,
                    0.6842105388641357,
                    0.7368420958518982,
                    0.7894736528396606,
                    0.8421052694320679,
                    0.8947368264198303,
                    0.9473684430122375,
                    1.0
                ],
                "key_ys": [
                    0.15543386340141296,
                    0.22886238992214203,
                    0.35776540637016296,
                    0.5509002208709717,
                    0.6893900036811829,
                    0.8003529906272888,
                    0.878250777721405,
                    0.9470718502998352,
                    1.0087083578109741,
                    1.05448317527771,
                    1.0719140768051147,
                    1.0525238513946533,
                    1.0292288064956665,
                    0.9890568256378174,
                    0.9177514910697937,
                    0.8093449473381042,
                    0.6608712077140808,
                    0.47359752655029297,
                    0.22464416921138763,
                    -0.019510235637426376
                ],
                "key_ts": [
                    -0.06711824238300323,
                    -0.04606995731592178,
                    0.29901450872421265,
                    0.096910260617733,
                    0.19886662065982819,
                    0.0535871721804142,
                    0.09686709940433502,
                    0.23209421336650848,
                    0.11162573099136353,
                    0.12312565743923187,
                    -0.25284677743911743,
                    0.05245951935648918,
                    -0.1443086415529251,
                    -0.12424124777317047,
                    -0.068041130900383,
                    -0.191310852766037,
                    -0.05530773103237152,
                    -0.19391870498657227,
                    -0.3194938004016876,
                    0.20381593704223633
                ]
            },
            "optimizer_parameters": {
                "y_lr": 0.05,
                "t_lr": 0.05,
                "scheduler_step_size": 10,
                "scheduler_gamma": 0.99
            }
        },
        "thickness_spline": {
            "parameters": {
                "key_xs": [
                    0.0,
                    0.10000000149011612,
                    0.20000000298023224,
                    0.30000001192092896,
                    0.4000000059604645,
                    0.6000000238418579,
                    0.699999988079071,
                    0.800000011920929,
                    0.8999999761581421,
                    1.0
                ],
                "key_ys": [
                    0.0,
                    0.6000000238418579,
                    0.75,
                    0.8299999833106995,
                    0.8999999761581421,
                    0.8500000238418579,
                    0.75,
                    0.6000000238418579,
                    0.4000000059604645,
                    0.0
                ],
                "key_ts": [
                    5.0,
                    4.0,
                    2.0,
                    1.0,
                    0.10000000149011612,
                    -0.10000000149011612,
                    -0.5,
                    -0.699999988079071,
                    -1.0,
                    -4.0
                ]
            },
            "optimizer_parameters": {
                "y_lr": 0.05,
                "t_lr": 0.05,
                "scheduler_step_size": 10,
                "scheduler_gamma": 0.99
            }
        },