{
    "parameters": {
        "grow_mode": "double_sided",
        "wave_angle": -1.2000000476837158,
        "start_uv": [
            0.5068564414978027,
            0.3105164170265198
        ],
        "end_uv": [
            0.5251107811927795,
            0.33014965057373047
        ],
        "start_dir": [
            -0.14864352345466614
        ],
        "end_dir": [
            0.060875046998262405
        ],
        "init_height": 0.2,
        "sil_spline": {
            "parameters": {
                "key_xs": [
                    0.0,
                    0.05263157933950424,
                    0.10526315867900848,
                    0.15789473056793213,
                    0.21052631735801697,
                    0.2631579041481018,
                    0.31578946113586426,
                    0.3684210479259491,
                    0.42105263471603394,
                    0.4736842215061188,
                    0.5263158082962036,
                    0.5789473652839661,
                    0.6315789222717285,
                    0.6842105388641357,
                    0.7368420958518982,
                    0.7894736528396606,
                    0.8421052694320679,
                    0.8947368264198303,
                    0.9473684430122375,
                    1.0
                ],
                "key_ys": [
                    0.2618592083454132,
                    0.24474307894706726,
                    0.25984296202659607,
                    0.26070281863212585,
                    0.2609209716320038,
                    0.25873467326164246,
                    0.2585863769054413,
                    0.259723424911499,
                    0.27467429637908936,
                    0.2840965986251831,
                    0.28848668932914734,
                    0.28721359372138977,
                    0.28255322575569153,
                    0.2887551188468933,
                    0.28272801637649536,
                    0.28982189297676086,
                    0.31428271532058716,
                    0.3130119740962982,
                    0.3181041479110718,
                    0.3185175061225891
                ],
                "key_ts": [
                    0.0022905461955815554,
                    0.016170814633369446,
                    -0.011187747120857239,
                    -0.00012879283167421818,
                    0.0014495314098894596,
                    0.00016338747809641063,
                    0.005346417427062988,
                    0.0018036552937701344,
                    -0.00198317295871675,
                    0.005085606127977371,
                    -0.0019615909550338984,
                    0.001279227202758193,
                    -0.0031000718008726835,
                    -0.006200708914548159,
                    -0.0070939878933131695,
                    0.0018714172765612602,
                    -0.0022572700399905443,
                    -0.0032775888685137033,
                    -0.01115389447659254,
                    -0.00146014045458287
                ]
            },
            "optimizer_parameters": {
                "y_lr": 0.05,
                "t_lr": 0.05,
                "scheduler_step_size": 10,
                "scheduler_gamma": 0.99
            }
        },
        "thickness_spline": {
            "parameters": {
                "key_xs": [
                    0.0,
                    0.30000001192092896,
                    0.5,
                    0.699999988079071,
                    1.0
                ],
                "key_ys": [
                    0.0,
                    0.009999999776482582,
                    0.013000000268220901,
                    0.009999999776482582,
                    0.0
                ],
                "key_ts": [
                    0.009999999776482582,
                    0.0020000000949949026,
                    0.0,
                    -0.0020000000949949026,
                    -0.009999999776482582
                ]
            },
            "optimizer_parameters": {
                "y_lr": 0.05,
                "t_lr": 0.05,
                "scheduler_step_size": 10,
                "scheduler_gamma": 0.99
            }
        },
        "uv_reshape_bb": {
            "uv": [
                0.3333333333333333,
                0.6666666666666666
            ],
            "size": [
                0.3138020833333333,
                0.3138020833333333
            ]
        }
    },
    "optimizer_parameters": {
        "uv_lr": 0.005,
        "dir_lr": 0.05,
        "scheduler_step_size": 10,
        "scheduler_gamma": 0.99
    }
}