{
    "parameters": {
        "grow_mode": "single_sided",
        "wave_angle": -1.0471975803375244,
        "start_uv": [
            0.524193525314331,
            -0.003577043069526553
        ],
        "end_uv": [
            0.4466663599014282,
            -0.003257920267060399
        ],
        "start_dir": [
            -0.2504032254219055
        ],
        "end_dir": [
            -0.4447593092918396
        ],
        "init_height": 0.2,
        "sil_spline": {
            "parameters": {
                "key_xs": [
                    0.0,
                    0.05263157933950424,
                    0.10526315867900848,
                    0.15789473056793213,
                    0.21052631735801697,
                    0.2631579041481018,
                    0.31578946113586426,
                    0.3684210479259491,
                    0.42105263471603394,
                    0.4736842215061188,
                    0.5263158082962036,
                    0.5789473652839661,
                    0.6315789222717285,
                    0.6842105388641357,
                    0.7368420958518982,
                    0.7894736528396606,
                    0.8421052694320679,
                    0.8947368264198303,
                    0.9473684430122375,
                    1.0
                ],
                "key_ys": [
                    0.343729704618454,
                    0.5515103340148926,
                    0.622444748878479,
                    0.7291421890258789,
                    0.7807382345199585,
                    0.843582272529602,
                    0.7983148694038391,
                    0.7584000825881958,
                    0.7154371738433838,
                    0.6719130277633667,
                    0.6471602916717529,
                    0.5661268830299377,
                    0.5575897693634033,
                    0.4735645055770874,
                    0.4577648341655731,
                    0.3875487148761749,
                    0.3369329273700714,
                    0.28865984082221985,
                    0.25847896933555603,
                    0.2403210550546646
                ],
                "key_ts": [
                    0.014321636408567429,
                    -0.022401072084903717,
                    0.011632870882749557,
                    0.0073350658640265465,
                    0.005424836650490761,
                    -0.00470991525799036,
                    0.0007052766159176826,
                    0.0037916952278465033,
                    -0.01235906034708023,
                    0.003063590032979846,
                    -0.013393853791058064,
                    0.008943051099777222,
                    -0.010120905935764313,
                    -0.007330713327974081,
                    -0.00037491266266442835,
                    -0.006547199096530676,
                    -0.0032023913227021694,
                    -0.005218325182795525,
                    -0.0032967173028737307,
                    -0.0005466644652187824
                ]
            },
            "optimizer_parameters": {
                "y_lr": 0.05,
                "t_lr": 0.05,
                "scheduler_step_size": 10,
                "scheduler_gamma": 0.99
            }
        },
        "thickness_spline": {
            "parameters": {
                "key_xs": [
                    0.0,
                    1.0
                ],
                "key_ys": [
                    0.0,
                    0.0
                ],
                "key_ts": [
                    0.0,
                    0.0
                ]
            },
            "optimizer_parameters": {
                "y_lr": 0,
                "t_lr": 0,
                "scheduler_step_size": 0,
                "scheduler_gamma": 0
            }
        },
        "uv_reshape_bb": {
            "uv": [
                0.6666666666666666,
                0.0
            ],
            "size": [
                0.3138020833333333,
                0.3138020833333333
            ]
        }
    },
    "optimizer_parameters": {
        "uv_lr": 0.005,
        "dir_lr": 0.05,
        "scheduler_step_size": 10,
        "scheduler_gamma": 0.99
    }
}