{
    "parameters": {
        "grow_mode": "single_sided",
        "wave_angle": -1.0471975803375244,
        "start_uv": [
            0.35658490657806396,
            -0.0025423974730074406
        ],
        "end_uv": [
            0.10233992338180542,
            -0.0002861614048015326
        ],
        "start_dir": [
            -0.3539781868457794
        ],
        "end_dir": [
            -0.1788882166147232
        ],
        "init_height": 0.2,
        "sil_spline": {
            "parameters": {
                "key_xs": [
                    0.0,
                    0.05263157933950424,
                    0.10526315867900848,
                    0.15789473056793213,
                    0.21052631735801697,
                    0.2631579041481018,
                    0.31578946113586426,
                    0.3684210479259491,
                    0.42105263471603394,
                    0.4736842215061188,
                    0.5263158082962036,
                    0.5789473652839661,
                    0.6315789222717285,
                    0.6842105388641357,
                    0.7368420958518982,
                    0.7894736528396606,
                    0.8421052694320679,
                    0.8947368264198303,
                    0.9473684430122375,
                    1.0
                ],
                "key_ys": [
                    0.16592057049274445,
                    0.1752445548772812,
                    0.1727636456489563,
                    0.16313377022743225,
                    0.16559956967830658,
                    0.17720091342926025,
                    0.1796010136604309,
                    0.17069117724895477,
                    0.17164085805416107,
                    0.17930908501148224,
                    0.17895379662513733,
                    0.16414059698581696,
                    0.1566181480884552,
                    0.1553313434123993,
                    0.1468573808670044,
                    0.12898124754428864,
                    0.11987629532814026,
                    0.10480386018753052,
                    0.09228340536355972,
                    0.08324994891881943
                ],
                "key_ts": [
                    0.012837816029787064,
                    -0.01458695624023676,
                    0.014031617902219296,
                    -0.0033181810285896063,
                    0.025376221165060997,
                    0.0031375850085169077,
                    0.0019351509399712086,
                    -0.008678518235683441,
                    0.019320020452141762,
                    0.0040804920718073845,
                    -0.004807506687939167,
                    -0.011848609894514084,
                    0.007092667743563652,
                    -0.006279011722654104,
                    -0.0013165530981495976,
                    -0.014129096642136574,
                    0.0012284518452361226,
                    -0.009399842470884323,
                    -0.025138376280665398,
                    0.015067892149090767
                ]
            },
            "optimizer_parameters": {
                "y_lr": 0.05,
                "t_lr": 0.05,
                "scheduler_step_size": 10,
                "scheduler_gamma": 0.99
            }
        },
        "thickness_spline": {
            "parameters": {
                "key_xs": [
                    0.0,
                    0.30000001192092896,
                    0.5,
                    0.699999988079071,
                    1.0
                ],
                "key_ys": [
                    0.0,
                    0.029999999329447746,
                    0.03999999910593033,
                    0.029999999329447746,
                    0.0
                ],
                "key_ts": [
                    0.05000000074505806,
                    0.009999999776482582,
                    0.0,
                    -0.009999999776482582,
                    -0.05000000074505806
                ]
            },
            "optimizer_parameters": {
                "y_lr": 0.05,
                "t_lr": 0.05,
                "scheduler_step_size": 10,
                "scheduler_gamma": 0.99
            }
        },
        "uv_reshape_bb": {
            "uv": [
                0.0,
                0.3333333333333333
            ],
            "size": [
                0.3333333333333333,
                0.3333333333333333
            ]
        }
    },
    "optimizer_parameters": {
        "uv_lr": 0.005,
        "dir_lr": 0.05,
        "scheduler_step_size": 10,
        "scheduler_gamma": 0.99
    }
}