{
    "parameters": {
        "origin_xy": [
            -1.629746675491333,
            0.06834636628627777
        ],
        "origin_z": 0.0,
        "length_x": 3.103463888168335,
        "length_y": 0.0,
        "length_z": 0.0,
        "uv_reshape_bb": {
            "uv": [
                0.0,
                0.0
            ],
            "size": [
                0.3333333333333333,
                0.3333333333333333
            ]
        },
        "top_spline": {
            "parameters": {
                "key_xs": [
                    0.0,
                    0.05263157933950424,
                    0.10526315867900848,
                    0.15789473056793213,
                    0.21052631735801697,
                    0.2631579041481018,
                    0.31578946113586426,
                    0.3684210479259491,
                    0.42105263471603394,
                    0.4736842215061188,
                    0.5263158082962036,
                    0.5789473652839661,
                    0.6315789222717285,
                    0.6842105388641357,
                    0.7368420958518982,
                    0.7894736528396606,
                    0.8421052694320679,
                    0.8947368264198303,
                    0.9473684430122375,
                    1.0
                ],
                "key_ys": [
                    0.1512124389410019,
                    0.15625256299972534,
                    0.18680520355701447,
                    0.28122419118881226,
                    0.38951238989830017,
                    0.4745461940765381,
                    0.5586453676223755,
                    0.6223517060279846,
                    0.6712291240692139,
                    0.7236549854278564,
                    0.7606170773506165,
                    0.7742396593093872,
                    0.7455381155014038,
                    0.6968352794647217,
                    0.6383816003799438,
                    0.574371337890625,
                    0.5016956329345703,
                    0.20652680099010468,
                    0.004815439693629742,
                    -0.07236666977405548
                ],
                "key_ts": [
                    -0.029748817905783653,
                    -0.06144094839692116,
                    0.15937626361846924,
                    0.24939851462841034,
                    0.10367679595947266,
                    0.20887093245983124,
                    0.1493014097213745,
                    0.18807929754257202,
                    0.12847557663917542,
                    0.18063518404960632,
                    -0.018495354801416397,
                    0.10001510381698608,
                    -0.1882612556219101,
                    -0.10693858563899994,
                    -0.13054078817367554,
                    -0.1591540277004242,
                    -0.01896660216152668,
                    -0.33630940318107605,
                    -0.04588012397289276,
                    0.12269926816225052
                ]
            },
            "optimizer_parameters": {
                "y_lr": 0.05,
                "t_lr": 0.05,
                "scheduler_step_size": 10,
                "scheduler_gamma": 0.99
            }
        },
        "bottom_spline": {
            "parameters": {
                "key_xs": [
                    0.0,
                    0.05263157933950424,
                    0.10526315867900848,
                    0.15789473056793213,
                    0.21052631735801697,
                    0.2631579041481018,
                    0.31578946113586426,
                    0.3684210479259491,
                    0.42105263471603394,
                    0.4736842215061188,
                    0.5263158082962036,
                    0.5789473652839661,
                    0.6315789222717285,
                    0.6842105388641357,
                    0.7368420958518982,
                    0.7894736528396606,
                    0.8421052694320679,
                    0.8947368264198303,
                    0.9473684430122375,
                    1.0
                ],
                "key_ys": [
                    -0.03145953640341759,
                    -0.004054252523928881,
                    0.07941516488790512,
                    0.2199438512325287,
                    0.3519951403141022,
                    0.48986855149269104,
                    0.5918906331062317,
                    0.6622416377067566,
                    0.7357893586158752,
                    0.798982560634613,
                    0.8178275227546692,
                    0.8169814944267273,
                    0.828311026096344,
                    0.8131788372993469,
                    0.7773415446281433,
                    0.7182475924491882,
                    0.6341209411621094,
                    0.5531080961227417,
                    0.18476802110671997,
                    0.0880444273352623
                ],
                "key_ts": [
                    -0.06039208173751831,
                    -0.04807505011558533,
                    0.31376004219055176,
                    0.15230877697467804,
                    0.06833989918231964,
                    0.22797039151191711,
                    0.15012042224407196,
                    -0.0011872146278619766,
                    0.28051289916038513,
                    -0.0614953450858593,
                    -0.0026620044372975826,
                    0.04386278614401817,
                    -0.11226584017276764,
                    0.022069809958338737,
                    -0.1447286158800125,
                    -0.077407605946064,
                    -0.27001428604125977,
                    0.06651443988084793,
                    -0.03176414221525192,
                    0.03200632706284523
                ]
            },
            "optimizer_parameters": {
                "y_lr": 0.05,
                "t_lr": 0.05,
                "scheduler_step_size": 10,
                "scheduler_gamma": 0.99
            }
        },
        "thickness_spline": {
            "parameters": {
                "key_xs": [
                    0.0,
                    0.10000000149011612,
                    0.20000000298023224,
                    0.30000001192092896,
                    0.4000000059604645,
                    0.6000000238418579,
                    0.699999988079071,
                    0.800000011920929,
                    0.8999999761581421,
                    1.0
                ],
                "key_ys": [
                    0.0,
                    0.6000000238418579,
                    0.75,
                    0.8299999833106995,
                    0.8999999761581421,
                    0.8500000238418579,
                    0.75,
                    0.6000000238418579,
                    0.4000000059604645,
                    0.0
                ],
                "key_ts": [
                    5.0,
                    4.0,
                    2.0,
                    1.0,
                    0.10000000149011612,
                    -0.10000000149011612,
                    -0.5,
                    -0.699999988079071,
                    -1.0,
                    -4.0
                ]
            },
            "optimizer_parameters": {
                "y_lr": 0.05,
                "t_lr": 0.05,
                "scheduler_step_size": 10,
                "scheduler_gamma": 0.99
            }
        },