{
    "parameters": {
        "grow_mode": "single_sided",
        "wave_angle": -1.0471975803375244,
        "start_uv": [
            0.3341034948825836,
            -0.0013190725585445762
        ],
        "end_uv": [
            0.2509429454803467,
            -0.0015647218097001314
        ],
        "start_dir": [
            -1.0861897468566895
        ],
        "end_dir": [
            -1.577366828918457
        ],
        "init_height": 0.2,
        "sil_spline": {
            "parameters": {
                "key_xs": [
                    0.0,
                    0.05263157933950424,
                    0.10526315867900848,
                    0.15789473056793213,
                    0.21052631735801697,
                    0.2631579041481018,
                    0.31578946113586426,
                    0.3684210479259491,
                    0.42105263471603394,
                    0.4736842215061188,
                    0.5263158082962036,
                    0.5789473652839661,
                    0.6315789222717285,
                    0.6842105388641357,
                    0.7368420958518982,
                    0.7894736528396606,
                    0.8421052694320679,
                    0.8947368264198303,
                    0.9473684430122375,
                    1.0
                ],
                "key_ys": [
                    0.17589426040649414,
                    0.18781784176826477,
                    0.19559523463249207,
                    0.2089148759841919,
                    0.2148212343454361,
                    0.23294007778167725,
                    0.24626073241233826,
                    0.2523396611213684,
                    0.3005538582801819,
                    0.21381808817386627,
                    0.18675832450389862,
                    0.1861599087715149,
                    0.1748725026845932,
                    0.15731745958328247,
                    0.13272014260292053,
                    0.11137724667787552,
                    0.11324302107095718,
                    0.11110522598028183,
                    0.11423039436340332,
                    0.09301473200321198
                ],
                "key_ts": [
                    0.00023476225032936782,
                    0.006141955964267254,
                    0.012066277675330639,
                    0.007360921241343021,
                    -0.008262214250862598,
                    0.010829925537109375,
                    -0.006738853175193071,
                    0.003061091061681509,
                    0.011083142831921577,
                    -0.0013710330240428448,
                    -0.0131717873737216,
                    -0.01089874655008316,
                    -0.014130276627838612,
                    -0.008851832710206509,
                    -0.011725743301212788,
                    -0.0009442822774872184,
                    -0.010208834894001484,
                    -0.0024413310457021,
                    -0.0049843513406813145,
                    6.313187623163685e-05
                ]
            },
            "optimizer_parameters": {
                "y_lr": 0.05,
                "t_lr": 0.05,
                "scheduler_step_size": 10,
                "scheduler_gamma": 0.99
            }
        },
        "thickness_spline": {
            "parameters": {
                "key_xs": [
                    0.0,
                    0.30000001192092896,
                    0.5,
                    0.699999988079071,
                    1.0
                ],
                "key_ys": [
                    0.0,
                    0.029999999329447746,
                    0.03999999910593033,
                    0.029999999329447746,
                    0.0
                ],
                "key_ts": [
                    0.05000000074505806,
                    0.009999999776482582,
                    0.0,
                    -0.009999999776482582,
                    -0.05000000074505806
                ]
            },
            "optimizer_parameters": {
                "y_lr": 0.05,
                "t_lr": 0.05,
                "scheduler_step_size": 10,
                "scheduler_gamma": 0.99
            }
        },
        "uv_reshape_bb": {
            "uv": [
                0.0,
                0.3333333333333333
            ],
            "size": [
                0.3138020833333333,
                0.3138020833333333
            ]
        }
    },
    "optimizer_parameters": {
        "uv_lr": 0.005,
        "dir_lr": 0.05,
        "scheduler_step_size": 10,
        "scheduler_gamma": 0.99
    }
}