{
    "parameters": {
        "grow_mode": "single_sided",
        "wave_angle": -1.0471975803375244,
        "start_uv": [
            -0.0007616844959557056,
            -0.00014059005479793996
        ],
        "end_uv": [
            -0.0035953375045210123,
            1.000150442123413
        ],
        "start_dir": [
            -1.0325100421905518
        ],
        "end_dir": [
            -1.111631989479065
        ],
        "init_height": 0.2,
        "sil_spline": {
            "parameters": {
                "key_xs": [
                    0.0,
                    0.05263157933950424,
                    0.10526315867900848,
                    0.15789473056793213,
                    0.21052631735801697,
                    0.2631579041481018,
                    0.31578946113586426,
                    0.3684210479259491,
                    0.42105263471603394,
                    0.4736842215061188,
                    0.5263158082962036,
                    0.5789473652839661,
                    0.6315789222717285,
                    0.6842105388641357,
                    0.7368420958518982,
                    0.7894736528396606,
                    0.8421052694320679,
                    0.8947368264198303,
                    0.9473684430122375,
                    1.0
                ],
                "key_ys": [
                    0.3446516990661621,
                    0.34487393498420715,
                    0.38491660356521606,
                    0.4057779312133789,
                    0.4255754053592682,
                    0.46637752652168274,
                    0.5204185843467712,
                    0.5492828488349915,
                    0.5947355031967163,
                    0.6361299753189087,
                    0.8131849765777588,
                    0.7326763868331909,
                    0.7083268761634827,
                    0.6790406703948975,
                    0.6546819806098938,
                    0.6448085904121399,
                    0.657736599445343,
                    0.6493483781814575,
                    0.6414068341255188,
                    0.6432220339775085
                ],
                "key_ts": [
                    -0.0002702299098018557,
                    0.013025790452957153,
                    -0.0006447840132750571,
                    0.006902575492858887,
                    -0.001195676508359611,
                    0.012647861614823341,
                    -0.006721264682710171,
                    0.007088816724717617,
                    -0.006256273481994867,
                    0.024714956060051918,
                    -0.031244125217199326,
                    -0.00034335709642618895,
                    -0.0034976154565811157,
                    0.0007017120369710028,
                    -0.004838696680963039,
                    -0.003974131774157286,
                    -0.007271547801792622,
                    -0.003106644144281745,
                    -0.005777270067483187,
                    -0.0008971182978712022
                ]
            },
            "optimizer_parameters": {
                "y_lr": 0.05,
                "t_lr": 0.05,
                "scheduler_step_size": 10,
                "scheduler_gamma": 0.99
            }
        },
        "thickness_spline": {
            "parameters": {
                "key_xs": [
                    0.0,
                    0.30000001192092896,
                    0.5,
                    0.699999988079071,
                    1.0
                ],
                "key_ys": [
                    0.0,
                    0.009999999776482582,
                    0.012000000104308128,
                    0.009999999776482582,
                    0.0
                ],
                "key_ts": [
                    0.009999999776482582,
                    0.0020000000949949026,
                    0.0,
                    -0.0020000000949949026,
                    -0.009999999776482582
                ]
            },
            "optimizer_parameters": {
                "y_lr": 0.05,
                "t_lr": 0.05,
                "scheduler_step_size": 10,
                "scheduler_gamma": 0.99
            }
        },
        "uv_reshape_bb": {
            "uv": [
                0.0,
                0.6666666666666666
            ],
            "size": [
                0.3138020833333333,
                0.3138020833333333
            ]
        }
    },
    "optimizer_parameters": {
        "uv_lr": 0.005,
        "dir_lr": 0.05,
        "scheduler_step_size": 10,
        "scheduler_gamma": 0.99
    }
}