{
    "parameters": {
        "grow_mode": "single_sided",
        "wave_angle": -1.0471975803375244,
        "start_uv": [
            0.4059077203273773,
            1.0033531188964844
        ],
        "end_uv": [
            0.5835666656494141,
            1.0033468008041382
        ],
        "start_dir": [
            -0.30582094192504883
        ],
        "end_dir": [
            0.01374025922268629
        ],
        "init_height": 0.2,
        "sil_spline": {
            "parameters": {
                "key_xs": [
                    0.0,
                    0.05263157933950424,
                    0.10526315867900848,
                    0.15789473056793213,
                    0.21052631735801697,
                    0.2631579041481018,
                    0.31578946113586426,
                    0.3684210479259491,
                    0.42105263471603394,
                    0.4736842215061188,
                    0.5263158082962036,
                    0.5789473652839661,
                    0.6315789222717285,
                    0.6842105388641357,
                    0.7368420958518982,
                    0.7894736528396606,
                    0.8421052694320679,
                    0.8947368264198303,
                    0.9473684430122375,
                    1.0
                ],
                "key_ys": [
                    0.45733121037483215,
                    0.5373395085334778,
                    0.5492986440658569,
                    0.6499966979026794,
                    0.6071916222572327,
                    0.7182522416114807,
                    0.7315227389335632,
                    0.7308201193809509,
                    0.7208914756774902,
                    0.8188123106956482,
                    0.8286767601966858,
                    0.8226813673973083,
                    0.8157165050506592,
                    0.9145801067352295,
                    0.9255175590515137,
                    0.9424262642860413,
                    0.9287347793579102,
                    0.9003159999847412,
                    0.8187414407730103,
                    0.6457225680351257
                ],
                "key_ts": [
                    0.017210420221090317,
                    -0.01675296016037464,
                    0.009378388524055481,
                    -0.0063815428875386715,
                    0.00718703493475914,
                    0.000889115734025836,
                    0.0019584845285862684,
                    -0.0062764473259449005,
                    0.005089454352855682,
                    0.017106009647250175,
                    -0.007494681049138308,
                    0.009770956821739674,
                    -0.0032572136260569096,
                    0.007494226563721895,
                    0.0004452790890354663,
                    -0.005153834354132414,
                    -0.0007331697852350771,
                    -0.003272365080192685,
                    0.0003321859403513372,
                    -0.0054554115049541
                ]
            },
            "optimizer_parameters": {
                "y_lr": 0.05,
                "t_lr": 0.05,
                "scheduler_step_size": 10,
                "scheduler_gamma": 0.99
            }
        },
        "thickness_spline": {
            "parameters": {
                "key_xs": [
                    0.0,
                    0.10000000149011612,
                    0.5,
                    0.8999999761581421,
                    1.0
                ],
                "key_ys": [
                    0.0,
                    0.03999999910593033,
                    0.05000000074505806,
                    0.03999999910593033,
                    0.0
                ],
                "key_ts": [
                    0.07999999821186066,
                    0.019999999552965164,
                    0.0,
                    -0.019999999552965164,
                    -0.07999999821186066
                ]
            },
            "optimizer_parameters": {
                "y_lr": 0.05,
                "t_lr": 0.05,
                "scheduler_step_size": 10,
                "scheduler_gamma": 0.99
            }
        },
        "uv_reshape_bb": {
            "uv": [
                0.3333333333333333,
                0.3333333333333333
            ],
            "size": [
                0.3138020833333333,
                0.3138020833333333
            ]
        }
    },
    "optimizer_parameters": {
        "uv_lr": 0.005,
        "dir_lr": 0.05,
        "scheduler_step_size": 10,
        "scheduler_gamma": 0.99
    }
}