{
    "parameters": {
        "grow_mode": "single_sided",
        "wave_angle": -1.0471975803375244,
        "start_uv": [
            0.3244474232196808,
            1.0013012886047363
        ],
        "end_uv": [
            0.38120004534721375,
            1.0003407001495361
        ],
        "start_dir": [
            -0.41753751039505005
        ],
        "end_dir": [
            0.6621794104576111
        ],
        "init_height": 0.2,
        "sil_spline": {
            "parameters": {
                "key_xs": [
                    0.0,
                    0.05263157933950424,
                    0.10526315867900848,
                    0.15789473056793213,
                    0.21052631735801697,
                    0.2631579041481018,
                    0.31578946113586426,
                    0.3684210479259491,
                    0.42105263471603394,
                    0.4736842215061188,
                    0.5263158082962036,
                    0.5789473652839661,
                    0.6315789222717285,
                    0.6842105388641357,
                    0.7368420958518982,
                    0.7894736528396606,
                    0.8421052694320679,
                    0.8947368264198303,
                    0.9473684430122375,
                    1.0
                ],
                "key_ys": [
                    0.16552197933197021,
                    0.16233758628368378,
                    0.15970195829868317,
                    0.15742963552474976,
                    0.15836849808692932,
                    0.15586301684379578,
                    0.16254256665706635,
                    0.16982805728912354,
                    0.16934552788734436,
                    0.16928529739379883,
                    0.18097999691963196,
                    0.17351394891738892,
                    0.18378397822380066,
                    0.19891032576560974,
                    0.20553547143936157,
                    0.21772980690002441,
                    0.22285310924053192,
                    0.22471748292446136,
                    0.24020886421203613,
                    0.2462511658668518
                ],
                "key_ts": [
                    0.011370853520929813,
                    -0.0054680765606462955,
                    -0.01208183728158474,
                    0.0004652932984754443,
                    0.006532272789627314,
                    0.005738279782235622,
                    0.003816374111920595,
                    0.008553612977266312,
                    0.0015510518569499254,
                    -0.0013018888421356678,
                    0.0070890868082642555,
                    -0.005809295456856489,
                    0.015138635411858559,
                    -0.0008128023473545909,
                    -0.002507781144231558,
                    -0.0003613197768572718,
                    -3.214744356228039e-05,
                    0.0029957734514027834,
                    -0.009484443813562393,
                    -0.001048681908287108
                ]
            },
            "optimizer_parameters": {
                "y_lr": 0.05,
                "t_lr": 0.05,
                "scheduler_step_size": 10,
                "scheduler_gamma": 0.99
            }
        },
        "thickness_spline": {
            "parameters": {
                "key_xs": [
                    0.0,
                    0.10000000149011612,
                    0.5,
                    0.8999999761581421,
                    1.0
                ],
                "key_ys": [
                    0.0,
                    0.03999999910593033,
                    0.05000000074505806,
                    0.03999999910593033,
                    0.0
                ],
                "key_ts": [
                    0.07999999821186066,
                    0.019999999552965164,
                    0.0,
                    -0.019999999552965164,
                    -0.07999999821186066
                ]
            },
            "optimizer_parameters": {
                "y_lr": 0.05,
                "t_lr": 0.05,
                "scheduler_step_size": 10,
                "scheduler_gamma": 0.99
            }
        },
        "uv_reshape_bb": {
            "uv": [
                0.3333333333333333,
                0.0
            ],
            "size": [
                0.3138020833333333,
                0.3138020833333333
            ]
        }
    },
    "optimizer_parameters": {
        "uv_lr": 0.005,
        "dir_lr": 0.05,
        "scheduler_step_size": 10,
        "scheduler_gamma": 0.99
    }
}