{
    "parameters": {
        "origin_xy": [
            -1.4573869705200195,
            0.230811208486557
        ],
        "origin_z": 0.0,
        "length_x": 2.930668354034424,
        "length_y": 0.0,
        "length_z": 0.0,
        "uv_reshape_bb": {
            "uv": [
                0.0,
                0.0
            ],
            "size": [
                0.3138020833333333,
                0.3138020833333333
            ]
        },
        "top_spline": {
            "parameters": {
                "key_xs": [
                    0.0,
                    0.05263157933950424,
                    0.10526315867900848,
                    0.15789473056793213,
                    0.21052631735801697,
                    0.2631579041481018,
                    0.31578946113586426,
                    0.3684210479259491,
                    0.42105263471603394,
                    0.4736842215061188,
                    0.5263158082962036,
                    0.5789473652839661,
                    0.6315789222717285,
                    0.6842105388641357,
                    0.7368420958518982,
                    0.7894736528396606,
                    0.8421052694320679,
                    0.8947368264198303,
                    0.9473684430122375,
                    1.0
                ],
                "key_ys": [
                    -0.00824517197906971,
                    -0.009510107338428497,
                    0.03904477134346962,
                    0.20111656188964844,
                    0.3215045928955078,
                    0.4401686489582062,
                    0.5399488806724548,
                    0.6164115071296692,
                    0.6945905089378357,
                    0.7382596731185913,
                    0.7588284015655518,
                    0.738349199295044,
                    0.6939732432365417,
                    0.6348153948783875,
                    0.5536543130874634,
                    0.43229278922080994,
                    0.2644752860069275,
                    0.0701882392168045,
                    -0.09236859530210495,
                    0.021841198205947876
                ],
                "key_ts": [
                    -0.121568463742733,
                    -0.00860733911395073,
                    0.22512444853782654,
                    0.2583511471748352,
                    0.10119649022817612,
                    0.20484119653701782,
                    0.21701787412166595,
                    0.1282849907875061,
                    0.20932841300964355,
                    0.022771721705794334,
                    -0.26999524235725403,
                    0.12606602907180786,
                    -0.16323530673980713,
                    -0.14132605493068695,
                    -0.2037428617477417,
                    -0.19034406542778015,
                    -0.15368057787418365,
                    -0.3149137794971466,
                    0.14305098354816437,
                    0.04497164860367775
                ]
            },
            "optimizer_parameters": {
                "y_lr": 0.05,
                "t_lr": 0.05,
                "scheduler_step_size": 10,
                "scheduler_gamma": 0.99
            }
        },
        "bottom_spline": {
            "parameters": {
                "key_xs": [
                    0.0,
                    0.05263157933950424,
                    0.10526315867900848,
                    0.15789473056793213,
                    0.21052631735801697,
                    0.2631579041481018,
                    0.31578946113586426,
                    0.3684210479259491,
                    0.42105263471603394,
                    0.4736842215061188,
                    0.5263158082962036,
                    0.5789473652839661,
                    0.6315789222717285,
                    0.6842105388641357,
                    0.7368420958518982,
                    0.7894736528396606,
                    0.8421052694320679,
                    0.8947368264198303,
                    0.9473684430122375,
                    1.0
                ],
                "key_ys": [
                    0.15543419122695923,
                    0.22886286675930023,
                    0.3577660322189331,
                    0.5509006977081299,
                    0.6893898844718933,
                    0.8003526926040649,
                    0.8782501220703125,
                    0.9470710754394531,
                    1.0087075233459473,
                    1.0544826984405518,
                    1.0719138383865356,
                    1.0525237321853638,
                    1.0292285680770874,
                    0.9890530109405518,
                    0.9177513122558594,
                    0.8093466758728027,
                    0.6608735918998718,
                    0.4736020863056183,
                    0.22464947402477264,
                    -0.0195064265280962
                ],
                "key_ts": [
                    -0.06711822003126144,
                    -0.04607005789875984,
                    0.29901421070098877,
                    0.09691106528043747,
                    0.1988658457994461,
                    0.053587011992931366,
                    0.09686733037233353,
                    0.23209431767463684,
                    0.1116252914071083,
                    0.12312492728233337,
                    -0.25284484028816223,
                    0.05245985835790634,
                    -0.14430777728557587,
                    -0.12424107640981674,
                    -0.06804102659225464,
                    -0.1913105696439743,
                    -0.05530717968940735,
                    -0.1939186006784439,
                    -0.3194921314716339,
                    0.20381422340869904
                ]
            },
            "optimizer_parameters": {
                "y_lr": 0.05,
                "t_lr": 0.05,
                "scheduler_step_size": 10,
                "scheduler_gamma": 0.99
            }
        },
        "thickness_spline": {
            "parameters": {
                "key_xs": [
                    0.0,
                    0.10000000149011612,
                    0.20000000298023224,
                    0.30000001192092896,
                    0.4000000059604645,
                    0.6000000238418579,
                    0.699999988079071,
                    0.800000011920929,
                    0.8999999761581421,
                    1.0
                ],
                "key_ys": [
                    0.0,
                    0.6000000238418579,
                    0.75,
                    0.8299999833106995,
                    0.8999999761581421,
                    0.8500000238418579,
                    0.75,
                    0.6000000238418579,
                    0.4000000059604645,
                    0.0
                ],
                "key_ts": [
                    5.0,
                    4.0,
                    2.0,
                    1.0,
                    0.10000000149011612,
                    -0.10000000149011612,
                    -0.5,
                    -0.699999988079071,
                    -1.0,
                    -4.0
                ]
            },
            "optimizer_parameters": {
                "y_lr": 0.05,
                "t_lr": 0.05,
                "scheduler_step_size": 10,
                "scheduler_gamma": 0.99
            }
        },
        "stream_spline": {
            "parameters": {
                "key_xs": [
                    0.0,
                    0.10000000149011612,
                    0.20000000298023224,
                    0.30000001192092896,
                    0.4000000059604645,
                    0.6000000238418579,
                    0.699999988079071,
                    0.800000011920929,
                    0.8999999761581421,
                    1.0
                ],