{
    "parameters": {
        "grow_mode": "double_sided",
        "wave_angle": -1.2000000476837158,
        "start_uv": [
            0.506873607635498,
            0.3105238378047943
        ],
        "end_uv": [
            0.5250934362411499,
            0.33013439178466797
        ],
        "start_dir": [
            -0.1647806465625763
        ],
        "end_dir": [
            0.08397869020700455
        ],
        "init_height": 0.2,
        "sil_spline": {
            "parameters": {
                "key_xs": [
                    0.0,
                    0.05263157933950424,
                    0.10526315867900848,
                    0.15789473056793213,
                    0.21052631735801697,
                    0.2631579041481018,
                    0.31578946113586426,
                    0.3684210479259491,
                    0.42105263471603394,
                    0.4736842215061188,
                    0.5263158082962036,
                    0.5789473652839661,
                    0.6315789222717285,
                    0.6842105388641357,
                    0.7368420958518982,
                    0.7894736528396606,
                    0.8421052694320679,
                    0.8947368264198303,
                    0.9473684430122375,
                    1.0
                ],
                "key_ys": [
                    0.25901761651039124,
                    0.2532774806022644,
                    0.2545926570892334,
                    0.2544277012348175,
                    0.25580811500549316,
                    0.25675731897354126,
                    0.25670579075813293,
                    0.2562099099159241,
                    0.28452473878860474,
                    0.28181150555610657,
                    0.2760990858078003,
                    0.27976828813552856,
                    0.28204065561294556,
                    0.28893154859542847,
                    0.28659090399742126,
                    0.28355666995048523,
                    0.294010192155838,
                    0.3144480884075165,
                    0.28054970502853394,
                    0.2923864424228668
                ],
                "key_ts": [
                    0.0004256929678376764,
                    0.018641699105501175,
                    -0.005793055519461632,
                    0.0037427230272442102,
                    0.0019476194866001606,
                    -0.0014943723799660802,
                    0.004869007971137762,
                    0.006046477239578962,
                    -0.012904969975352287,
                    0.005400803405791521,
                    -0.0015972034307196736,
                    0.0006239724461920559,
                    -0.005249893292784691,
                    -0.005422764457762241,
                    -0.008233914151787758,
                    0.009074484929442406,
                    0.0006320878164842725,
                    -0.005826227832585573,
                    -0.0113633181899786,
                    0.0013075827155262232
                ]
            },
            "optimizer_parameters": {
                "y_lr": 0.05,
                "t_lr": 0.05,
                "scheduler_step_size": 10,
                "scheduler_gamma": 0.99
            }
        },
        "thickness_spline": {
            "parameters": {
                "key_xs": [
                    0.0,
                    0.30000001192092896,
                    0.5,
                    0.699999988079071,
                    1.0
                ],
                "key_ys": [
                    0.0,
                    0.009999999776482582,
                    0.013000000268220901,
                    0.009999999776482582,
                    0.0
                ],
                "key_ts": [
                    0.009999999776482582,
                    0.0020000000949949026,
                    0.0,
                    -0.0020000000949949026,
                    -0.009999999776482582
                ]
            },
            "optimizer_parameters": {
                "y_lr": 0.05,
                "t_lr": 0.05,
                "scheduler_step_size": 10,
                "scheduler_gamma": 0.99
            }
        },
        "uv_reshape_bb": {
            "uv": [
                0.3333333333333333,
                0.6666666666666666
            ],
            "size": [
                0.3138020833333333,
                0.3138020833333333
            ]
        }
    },
    "optimizer_parameters": {
        "uv_lr": 0.005,
        "dir_lr": 0.05,
        "scheduler_step_size": 10,
        "scheduler_gamma": 0.99
    }
}