{
    "parameters": {
        "grow_mode": "single_sided",
        "wave_angle": -1.0471975803375244,
        "start_uv": [
            0.5241793990135193,
            -0.002808158053085208
        ],
        "end_uv": [
            0.44660648703575134,
            -0.002108384622260928
        ],
        "start_dir": [
            -0.2700002193450928
        ],
        "end_dir": [
            -0.2929466664791107
        ],
        "init_height": 0.2,
        "sil_spline": {
            "parameters": {
                "key_xs": [
                    0.0,
                    0.05263157933950424,
                    0.10526315867900848,
                    0.15789473056793213,
                    0.21052631735801697,
                    0.2631579041481018,
                    0.31578946113586426,
                    0.3684210479259491,
                    0.42105263471603394,
                    0.4736842215061188,
                    0.5263158082962036,
                    0.5789473652839661,
                    0.6315789222717285,
                    0.6842105388641357,
                    0.7368420958518982,
                    0.7894736528396606,
                    0.8421052694320679,
                    0.8947368264198303,
                    0.9473684430122375,
                    1.0
                ],
                "key_ys": [
                    0.4905310869216919,
                    0.5557318329811096,
                    0.6199119687080383,
                    0.6831222772598267,
                    0.7352664470672607,
                    0.7673240303993225,
                    0.8002016544342041,
                    0.8318687081336975,
                    0.7873681783676147,
                    0.761488139629364,
                    0.7354519963264465,
                    0.6703967452049255,
                    0.6542070508003235,
                    0.6459664702415466,
                    0.5836048126220703,
                    0.5523312091827393,
                    0.5122494697570801,
                    0.4890347123146057,
                    0.4402703642845154,
                    0.42853423953056335
                ],
                "key_ts": [
                    0.006669308990240097,
                    -0.006854059174656868,
                    0.009965571574866772,
                    0.0012638731859624386,
                    0.003205391112715006,
                    0.006154607515782118,
                    0.004616206046193838,
                    0.0008698168094269931,
                    -0.0006470735534094274,
                    -0.01757185347378254,
                    -0.005582620855420828,
                    -0.005346579942852259,
                    -0.0037487612571567297,
                    -0.0036646563094109297,
                    -0.006368331145495176,
                    -0.0034768767654895782,
                    -0.007449587341398001,
                    0.006641625426709652,
                    -0.00843026489019394,
                    -0.0010433817515149713
                ]
            },
            "optimizer_parameters": {
                "y_lr": 0.05,
                "t_lr": 0.05,
                "scheduler_step_size": 10,
                "scheduler_gamma": 0.99
            }
        },
        "thickness_spline": {
            "parameters": {
                "key_xs": [
                    0.0,
                    1.0
                ],
                "key_ys": [
                    0.0,
                    0.0
                ],
                "key_ts": [
                    0.0,
                    0.0
                ]
            },
            "optimizer_parameters": {
                "y_lr": 0,
                "t_lr": 0,
                "scheduler_step_size": 0,
                "scheduler_gamma": 0
            }
        },
        "uv_reshape_bb": {
            "uv": [
                0.6666666666666666,
                0.0
            ],
            "size": [
                0.3138020833333333,
                0.3138020833333333
            ]
        }
    },
    "optimizer_parameters": {
        "uv_lr": 0.005,
        "dir_lr": 0.05,
        "scheduler_step_size": 10,
        "scheduler_gamma": 0.99
    }
}