{
    "parameters": {
        "grow_mode": "single_sided",
        "wave_angle": -1.0471975803375244,
        "start_uv": [
            0.34816399216651917,
            -0.0006990570109337568
        ],
        "end_uv": [
            0.23234574496746063,
            -0.0006169582484290004
        ],
        "start_dir": [
            -0.10486960411071777
        ],
        "end_dir": [
            -0.7713984847068787
        ],
        "init_height": 0.2,
        "sil_spline": {
            "parameters": {
                "key_xs": [
                    0.0,
                    0.05263157933950424,
                    0.10526315867900848,
                    0.15789473056793213,
                    0.21052631735801697,
                    0.2631579041481018,
                    0.31578946113586426,
                    0.3684210479259491,
                    0.42105263471603394,
                    0.4736842215061188,
                    0.5263158082962036,
                    0.5789473652839661,
                    0.6315789222717285,
                    0.6842105388641357,
                    0.7368420958518982,
                    0.7894736528396606,
                    0.8421052694320679,
                    0.8947368264198303,
                    0.9473684430122375,
                    1.0
                ],
                "key_ys": [
                    0.02660086192190647,
                    0.5442686080932617,
                    0.5530002117156982,
                    0.5490795969963074,
                    0.5347725749015808,
                    0.5281375646591187,
                    0.5154135227203369,
                    0.5052605271339417,
                    0.4987214505672455,
                    0.4923516809940338,
                    0.4868015646934509,
                    0.4811152219772339,
                    0.47198429703712463,
                    0.470941424369812,
                    0.4662526249885559,
                    0.45578229427337646,
                    0.44929227232933044,
                    0.43610841035842896,
                    0.41968080401420593,
                    0.3714621365070343
                ],
                "key_ts": [
                    -0.0021195614244788885,
                    0.007195636630058289,
                    -0.009138941764831543,
                    0.0030834756325930357,
                    -0.00821845792233944,
                    0.001192033989354968,
                    -0.007945353165268898,
                    -0.0007389023085124791,
                    -0.004306298214942217,
                    -0.00383862666785717,
                    -0.0019292160868644714,
                    -0.002474412089213729,
                    -0.006309886928647757,
                    0.006175302900373936,
                    0.0021636108867824078,
                    -0.005373163148760796,
                    0.004344880115240812,
                    -0.00316726416349411,
                    0.0014516680967062712,
                    -0.0006385295419022441
                ]
            },
            "optimizer_parameters": {
                "y_lr": 0.05,
                "t_lr": 0.05,
                "scheduler_step_size": 10,
                "scheduler_gamma": 0.99
            }
        },
        "thickness_spline": {
            "parameters": {
                "key_xs": [
                    0.0,
                    0.30000001192092896,
                    0.5,
                    0.699999988079071,
                    1.0
                ],
                "key_ys": [
                    0.0,
                    0.029999999329447746,
                    0.03999999910593033,
                    0.029999999329447746,
                    0.0
                ],
                "key_ts": [
                    0.05000000074505806,
                    0.009999999776482582,
                    0.0,
                    -0.009999999776482582,
                    -0.05000000074505806
                ]
            },
            "optimizer_parameters": {
                "y_lr": 0.05,
                "t_lr": 0.05,
                "scheduler_step_size": 10,
                "scheduler_gamma": 0.99
            }
        },
        "uv_reshape_bb": {
            "uv": [
                0.001953125,
                0.3352864583333333
            ],
            "size": [
                0.3138020833333333,
                0.3138020833333333
            ]
        }
    },
    "optimizer_parameters": {
        "uv_lr": 0.005,
        "dir_lr": 0.05,
        "scheduler_step_size": 10,
        "scheduler_gamma": 0.99
    }
}