{
    "parameters": {
        "grow_mode": "single_sided",
        "wave_angle": -1.0471975803375244,
        "start_uv": [
            -0.00843203067779541,
            -0.0006534039275720716
        ],
        "end_uv": [
            -0.007295155897736549,
            1.0010814666748047
        ],
        "start_dir": [
            0.603575587272644
        ],
        "end_dir": [
            -0.6035623550415039
        ],
        "init_height": 0.2,
        "sil_spline": {
            "parameters": {
                "key_xs": [
                    0.0,
                    0.05263157933950424,
                    0.10526315867900848,
                    0.15789473056793213,
                    0.21052631735801697,
                    0.2631579041481018,
                    0.31578946113586426,
                    0.3684210479259491,
                    0.42105263471603394,
                    0.4736842215061188,
                    0.5263158082962036,
                    0.5789473652839661,
                    0.6315789222717285,
                    0.6842105388641357,
                    0.7368420958518982,
                    0.7894736528396606,
                    0.8421052694320679,
                    0.8947368264198303,
                    0.9473684430122375,
                    1.0
                ],
                "key_ys": [
                    0.7172677516937256,
                    0.8006662726402283,
                    0.8044840693473816,
                    0.7535721659660339,
                    0.6864223480224609,
                    0.6297281384468079,
                    0.5838717818260193,
                    0.5496028661727905,
                    0.5318769812583923,
                    0.5313887000083923,
                    0.530041515827179,
                    0.5490508675575256,
                    0.5908726453781128,
                    0.6520634889602661,
                    0.7603956460952759,
                    0.8684380054473877,
                    0.8584515452384949,
                    0.7850173115730286,
                    0.010108647868037224,
                    0.018321730196475983
                ],
                "key_ts": [
                    0.004254953004419804,
                    -0.0004170792526565492,
                    -0.0012511692475527525,
                    -0.0041074007749557495,
                    -0.005475002806633711,
                    -0.003937139175832272,
                    -0.0029487451538443565,
                    -0.0017785010859370232,
                    0.0014178110286593437,
                    0.000999844167381525,
                    0.0005364421522244811,
                    0.00383033137768507,
                    0.006792822852730751,
                    0.0025664798449724913,
                    0.00841909646987915,
                    -0.00020060088718309999,
                    -0.0002931313938461244,
                    -0.006267694290727377,
                    0.0009479202562943101,
                    0.00032148341415449977
                ]
            },
            "optimizer_parameters": {
                "y_lr": 0.05,
                "t_lr": 0.05,
                "scheduler_step_size": 10,
                "scheduler_gamma": 0.99
            }
        },
        "thickness_spline": {
            "parameters": {
                "key_xs": [
                    0.0,
                    0.30000001192092896,
                    0.5,
                    0.699999988079071,
                    1.0
                ],
                "key_ys": [
                    0.0,
                    0.009999999776482582,
                    0.012000000104308128,
                    0.009999999776482582,
                    0.0
                ],
                "key_ts": [
                    0.009999999776482582,
                    0.0020000000949949026,
                    0.0,
                    -0.0020000000949949026,
                    -0.009999999776482582
                ]
            },
            "optimizer_parameters": {
                "y_lr": 0.05,
                "t_lr": 0.05,
                "scheduler_step_size": 10,
                "scheduler_gamma": 0.99
            }
        },
        "uv_reshape_bb": {
            "uv": [
                0.001953125,
                0.6686197916666666
            ],
            "size": [
                0.3138020833333333,
                0.3138020833333333
            ]
        }
    },
    "optimizer_parameters": {
        "uv_lr": 0.005,
        "dir_lr": 0.05,
        "scheduler_step_size": 10,
        "scheduler_gamma": 0.99
    }
}