{
    "parameters": {
        "grow_mode": "single_sided",
        "wave_angle": -1.0471975803375244,
        "start_uv": [
            0.30290424823760986,
            1.0000194311141968
        ],
        "end_uv": [
            0.39918580651283264,
            1.001762866973877
        ],
        "start_dir": [
            1.01069176197052
        ],
        "end_dir": [
            -0.3769596517086029
        ],
        "init_height": 0.2,
        "sil_spline": {
            "parameters": {
                "key_xs": [
                    0.0,
                    0.05263157933950424,
                    0.10526315867900848,
                    0.15789473056793213,
                    0.21052631735801697,
                    0.2631579041481018,
                    0.31578946113586426,
                    0.3684210479259491,
                    0.42105263471603394,
                    0.4736842215061188,
                    0.5263158082962036,
                    0.5789473652839661,
                    0.6315789222717285,
                    0.6842105388641357,
                    0.7368420958518982,
                    0.7894736528396606,
                    0.8421052694320679,
                    0.8947368264198303,
                    0.9473684430122375,
                    1.0
                ],
                "key_ys": [
                    0.29272258281707764,
                    0.31726953387260437,
                    0.33782246708869934,
                    0.3596404492855072,
                    0.38175779581069946,
                    0.40496402978897095,
                    0.4302647113800049,
                    0.45339474081993103,
                    0.475760281085968,
                    0.506750762462616,
                    0.537679135799408,
                    0.5835233330726624,
                    0.5575520992279053,
                    0.399869829416275,
                    0.2873600721359253,
                    0.18498806655406952,
                    0.08929479867219925,
                    0.06682050973176956,
                    0.045346543192863464,
                    0.03153236210346222
                ],
                "key_ts": [
                    0.0006761086988262832,
                    -0.0025783341843634844,
                    0.007311537861824036,
                    -0.001889096456579864,
                    0.005052081309258938,
                    0.002054535085335374,
                    0.007754750084131956,
                    0.0022872101981192827,
                    0.005486645735800266,
                    0.007542258594185114,
                    0.00590592110529542,
                    0.009387440979480743,
                    0.0015500320587307215,
                    0.009598540142178535,
                    -0.006395728327333927,
                    -0.0028857490979135036,
                    -0.0017585945315659046,
                    -0.0008400971419177949,
                    0.00010054258746095002,
                    0.00013572994794230908
                ]
            },
            "optimizer_parameters": {
                "y_lr": 0.05,
                "t_lr": 0.05,
                "scheduler_step_size": 10,
                "scheduler_gamma": 0.99
            }
        },
        "thickness_spline": {
            "parameters": {
                "key_xs": [
                    0.0,
                    0.10000000149011612,
                    0.5,
                    0.8999999761581421,
                    1.0
                ],
                "key_ys": [
                    0.0,
                    0.03999999910593033,
                    0.05000000074505806,
                    0.03999999910593033,
                    0.0
                ],
                "key_ts": [
                    0.07999999821186066,
                    0.019999999552965164,
                    0.0,
                    -0.019999999552965164,
                    -0.07999999821186066
                ]
            },
            "optimizer_parameters": {
                "y_lr": 0.05,
                "t_lr": 0.05,
                "scheduler_step_size": 10,
                "scheduler_gamma": 0.99
            }
        },
        "uv_reshape_bb": {
            "uv": [
                0.3352864583333333,
                0.001953125
            ],
            "size": [
                0.3138020833333333,
                0.3138020833333333
            ]
        }
    },
    "optimizer_parameters": {
        "uv_lr": 0.005,
        "dir_lr": 0.05,
        "scheduler_step_size": 10,
        "scheduler_gamma": 0.99
    }
}