{
    "parameters": {
        "origin_xy": [
            -1.2135015726089478,
            0.08406393975019455
        ],
        "origin_z": 0.0,
        "length_x": 3.184157133102417,
        "length_y": 0.0,
        "length_z": 0.0,
        "uv_reshape_bb": {
            "uv": [
                0.001953125,
                0.001953125
            ],
            "size": [
                0.3138020833333333,
                0.3138020833333333
            ]
        },
        "top_spline": {
            "parameters": {
                "key_xs": [
                    0.0,
                    0.05263157933950424,
                    0.10526315867900848,
                    0.15789473056793213,
                    0.21052631735801697,
                    0.2631579041481018,
                    0.31578946113586426,
                    0.3684210479259491,
                    0.42105263471603394,
                    0.4736842215061188,
                    0.5263158082962036,
                    0.5789473652839661,
                    0.6315789222717285,
                    0.6842105388641357,
                    0.7368420958518982,
                    0.7894736528396606,
                    0.8421052694320679,
                    0.8947368264198303,
                    0.9473684430122375,
                    1.0
                ],
                "key_ys": [
                    0.1723862737417221,
                    0.1731119602918625,
                    0.1734667271375656,
                    0.1946321725845337,
                    0.22565491497516632,
                    0.2648063004016876,
                    0.3339344263076782,
                    0.38846588134765625,
                    0.38937899470329285,
                    0.3898984491825104,
                    0.38288530707359314,
                    0.3680882751941681,
                    0.353401780128479,
                    0.3307661712169647,
                    0.30034059286117554,
                    0.2621515095233917,
                    0.22416682541370392,
                    0.18074525892734528,
                    0.13732117414474487,
                    0.03617190569639206
                ],
                "key_ts": [
                    -0.08312296867370605,
                    0.004845478106290102,
                    0.150138258934021,
                    0.1411844789981842,
                    0.20576217770576477,
                    0.056426942348480225,
                    0.24193263053894043,
                    0.0983889251947403,
                    0.022897934541106224,
                    0.12501507997512817,
                    -0.1650497168302536,
                    -0.1251872032880783,
                    -0.16082516312599182,
                    -0.13010187447071075,
                    -0.20408685505390167,
                    -0.13909733295440674,
                    -0.10508253425359726,
                    -0.2174132913351059,
                    0.04584711045026779,
                    0.006963369436562061
                ]
            },
            "optimizer_parameters": {
                "y_lr": 0.05,
                "t_lr": 0.05,
                "scheduler_step_size": 10,
                "scheduler_gamma": 0.99
            }
        },
        "bottom_spline": {
            "parameters": {
                "key_xs": [
                    0.0,
                    0.05263157933950424,
                    0.10526315867900848,
                    0.15789473056793213,
                    0.21052631735801697,
                    0.2631579041481018,
                    0.31578946113586426,
                    0.3684210479259491,
                    0.42105263471603394,
                    0.4736842215061188,
                    0.5263158082962036,
                    0.5789473652839661,
                    0.6315789222717285,
                    0.6842105388641357,
                    0.7368420958518982,
                    0.7894736528396606,
                    0.8421052694320679,
                    0.8947368264198303,
                    0.9473684430122375,
                    1.0
                ],
                "key_ys": [
                    0.19563351571559906,
                    0.17106686532497406,
                    0.16933830082416534,
                    0.16999474167823792,
                    0.17780715227127075,
                    0.24805866181850433,
                    0.3219107687473297,
                    0.35871046781539917,
                    0.37232324481010437,
                    0.43548890948295593,
                    0.4923458993434906,
                    0.5222802758216858,
                    0.5140678286552429,
                    0.49318763613700867,
                    0.4540199637413025,
                    0.39216598868370056,
                    0.3198212683200836,
                    0.23905400931835175,
                    0.1472402960062027,
                    -0.016086935997009277
                ],
                "key_ts": [
                    -0.12387364357709885,
                    0.08441659063100815,
                    0.16646552085876465,
                    0.24798868596553802,
                    0.05026635527610779,
                    0.2042427361011505,
                    0.32061004638671875,
                    -0.15922358632087708,
                    0.28003787994384766,
                    0.29063382744789124,
                    -0.09110464155673981,
                    0.09283852577209473,
                    -0.15732230246067047,
                    -0.11160215735435486,
                    -0.1583920121192932,
                    -0.1551843136548996,
                    -0.14246876537799835,
                    -0.10789811611175537,
                    -0.13564419746398926,
                    0.0341590978205204
                ]
            },
            "optimizer_parameters": {
                "y_lr": 0.05,
                "t_lr": 0.05,
                "scheduler_step_size": 10,
                "scheduler_gamma": 0.99
            }
        },
        "thickness_spline": {
            "parameters": {
                "key_xs": [
                    0.0,
                    0.10000000149011612,
                    0.20000000298023224,
                    0.30000001192092896,
                    0.4000000059604645,
                    0.6000000238418579,
                    0.699999988079071,
                    0.800000011920929,
                    0.8999999761581421,
                    1.0
                ],
                "key_ys": [
                    0.0,
                    0.6000000238418579,
                    0.75,
                    0.8299999833106995,
                    0.8999999761581421,
                    0.8500000238418579,
                    0.75,
                    0.6000000238418579,
                    0.4000000059604645,
                    0.0
                ],
                "key_ts": [
                    5.0,
                    4.0,
                    2.0,
                    1.0,
                    0.10000000149011612,
                    -0.10000000149011612,
                    -0.5,
                    -0.699999988079071,
                    -1.0,
                    -4.0
                ]
            },
            "optimizer_parameters": {
                "y_lr": 0.05,
                "t_lr": 0.05,
                "scheduler_step_size": 10,
                "scheduler_gamma": 0.99
            }
        },