{
    "parameters": {
        "grow_mode": "double_sided",
        "wave_angle": -1.2999999523162842,
        "start_uv": [
            0.7933983206748962,
            0.1811666637659073
        ],
        "end_uv": [
            0.7713354825973511,
            0.24875013530254364
        ],
        "start_dir": [
            -0.6178727149963379
        ],
        "end_dir": [
            -1.1831350326538086
        ],
        "init_height": 0.2,
        "sil_spline": {
            "parameters": {
                "key_xs": [
                    0.0,
                    0.05263157933950424,
                    0.10526315867900848,
                    0.15789473056793213,
                    0.21052631735801697,
                    0.2631579041481018,
                    0.31578946113586426,
                    0.3684210479259491,
                    0.42105263471603394,
                    0.4736842215061188,
                    0.5263158082962036,
                    0.5789473652839661,
                    0.6315789222717285,
                    0.6842105388641357,
                    0.7368420958518982,
                    0.7894736528396606,
                    0.8421052694320679,
                    0.8947368264198303,
                    0.9473684430122375,
                    1.0
                ],
                "key_ys": [
                    0.24465984106063843,
                    0.30445897579193115,
                    0.3196336030960083,
                    0.3977747857570648,
                    0.4213002324104309,
                    0.4783964455127716,
                    0.5106201767921448,
                    0.5332005620002747,
                    0.554500162601471,
                    0.5773465633392334,
                    0.5998225808143616,
                    0.6141670942306519,
                    0.6214990615844727,
                    0.6311999559402466,
                    0.6195582747459412,
                    -0.09111988544464111,
                    0.0941266417503357,
                    -0.01288375910371542,
                    -0.03504294529557228,
                    -0.02159074880182743
                ],
                "key_ts": [
                    0.0012056089472025633,
                    -0.0021086661145091057,
                    -0.0012620931956917048,
                    0.002123683225363493,
                    -0.0024318827781826258,
                    0.00272360653616488,
                    -0.006030216813087463,
                    0.0032130188774317503,
                    0.001920038484968245,
                    -0.0016583189135417342,
                    0.006838288623839617,
                    -0.0044662500731647015,
                    0.00569026917219162,
                    -0.00039193217526189983,
                    -0.003983769100159407,
                    0.0034999356139451265,
                    -0.0005423059337772429,
                    -0.00016941233479883522,
                    -0.00028504314832389355,
                    0.000471336767077446
                ]
            },
            "optimizer_parameters": {
                "y_lr": 0.05,
                "t_lr": 0.05,
                "scheduler_step_size": 10,
                "scheduler_gamma": 0.99
            }
        },
        "thickness_spline": {
            "parameters": {
                "key_xs": [
                    0.0,
                    0.30000001192092896,
                    0.5,
                    0.699999988079071,
                    1.0
                ],
                "key_ys": [
                    0.0,
                    0.009999999776482582,
                    0.013000000268220901,
                    0.009999999776482582,
                    0.0
                ],
                "key_ts": [
                    0.009999999776482582,
                    0.0020000000949949026,
                    0.0,
                    -0.0020000000949949026,
                    -0.009999999776482582
                ]
            },
            "optimizer_parameters": {
                "y_lr": 0.05,
                "t_lr": 0.05,
                "scheduler_step_size": 10,
                "scheduler_gamma": 0.99
            }
        },
        "uv_reshape_bb": {
            "uv": [
                0.3352864583333333,
                0.3352864583333333
            ],
            "size": [
                0.3138020833333333,
                0.3138020833333333
            ]
        }
    },
    "optimizer_parameters": {
        "uv_lr": 0.005,
        "dir_lr": 0.05,
        "scheduler_step_size": 10,
        "scheduler_gamma": 0.99
    }
}