{
    "0_anal_fin_mask.png": [
        [
            0.45060906462193084,
            0.418373999358576
        ],
        [
            0.34782221925512113,
            0.4858420168019886
        ]
    ],
    "0_body_mask.png": [
        [
            0.2563555110432464,
            0.5329337873665182
        ],
        [
            0.8875663588024216,
            0.5256888995873599
        ]
    ],
    "0_caudal_fin_mask.png": [
        [
            0.25454428909845705,
            0.4804083509676199
        ],
        [
            0.2554499000708519,
            0.579119946958653
        ]
    ],
    "0_dorsal2_fin_mask.png": [
        [
            0.36004796738245115,
            0.6022130267547204
        ],
        [
            0.5135490272033698,
            0.6778315429496862
        ]
    ],
    "0_dorsal_fin_mask.png": [
        [
            0.5271331917892917,
            0.6814539868392655
        ],
        [
            0.6960296381409219,
            0.6841708197564498
        ]
    ],
    "0_pectoral_fin_mask.png": [
        [
            0.6358065084766678,
            0.4509759943647891
        ],
        [
            0.6344480920180755,
            0.4835779893710018
        ]
    ],
    "0_pelvic_fin_mask.png": [
        [
            0.588714737912138,
            0.36313173004249355
        ],
        [
            0.5167186656067515,
            0.3889416427557453
        ]
    ]
}