{
    "0_anal_fin_mask.png": [
        [
            0.5063831874230897,
            0.35115636735762845
        ],
        [
            0.2840968578352753,
            0.4734138486309264
        ]
    ],
    "0_body_mask.png": [
        [
            0.2190575243632851,
            0.5034636672603903
        ],
        [
            0.946427791736745,
            0.5104615702288955
        ]
    ],
    "0_caudal_fin_mask.png": [
        [
            0.21782260031001954,
            0.4487153675656137
        ],
        [
            0.21782260031001954,
            0.5528606293910157
        ]
    ],
    "0_dorsal_fin_mask.png": [
        [
            0.29521117431466604,
            0.5425695956138019
        ],
        [
            0.7401954748413835,
            0.6582408152696833
        ]
    ],
    "0_pectoral_fin_mask.png": [
        [
            0.7064408840521226,
            0.4367777683840459
        ],
        [
            0.7196134072869561,
            0.4767069794396348
        ]
    ],
    "0_pelvic_fin_mask.png": [
        [
            0.72414146214893,
            0.3593891943793993
        ],
        [
            0.5747156517037881,
            0.3429235403358575
        ]
    ]
}