{
    "0_anal_fin_mask.png": [
        [
            0.4846113100180702,
            0.34813169821774337
        ],
        [
            0.24202662310272188,
            0.5323938215164705
        ]
    ],
    "0_body_mask.png": [
        [
            0.23017622173042038,
            0.5509826864141985
        ],
        [
            0.821069764666944,
            0.46361502139487754
        ]
    ],
    "0_caudal_fin_mask.png": [
        [
            0.22958834887802965,
            0.5339067016346241
        ],
        [
            0.22958834887802967,
            0.5738305137445169
        ]
    ],
    "0_dorsal_fin_mask.png": [
        [
            0.2652874189657116,
            0.5643248441945424
        ],
        [
            0.6712851273001764,
            0.6211476243932786
        ]
    ],
    "0_pectoral_fin_mask.png": [
        [
            0.6080575341519054,
            0.4232835680394669
        ],
        [
            0.6058356563040109,
            0.43439295727893956
        ]
    ]
}