{
    "parameters": {
        "start_uv": [
            -0.0008541459101252258,
            -0.000264223461272195
        ],
        "end_uv": [
            -0.0012642050860449672,
            1.0004868507385254
        ],
        "start_dir": [
            0.7452383637428284
        ],
        "end_dir": [
            -0.4802559018135071
        ],
        "init_height": 0.2,
        "sil_spline": {
            "parameters": {
                "key_xs": [
                    0.0,
                    0.05263157933950424,
                    0.10526315867900848,
                    0.15789473056793213,
                    0.21052631735801697,
                    0.2631579041481018,
                    0.31578946113586426,
                    0.3684210479259491,
                    0.42105263471603394,
                    0.4736842215061188,
                    0.5263158082962036,
                    0.5789473652839661,
                    0.6315789222717285,
                    0.6842105388641357,
                    0.7368420958518982,
                    0.7894736528396606,
                    0.8421052694320679,
                    0.8947368264198303,
                    0.9473684430122375,
                    1.0
                ],
                "key_ys": [
                    0.8085367679595947,
                    1.1966420412063599,
                    1.3939157724380493,
                    1.550490140914917,
                    1.7618260383605957,
                    1.8285853862762451,
                    1.5676754713058472,
                    1.288110613822937,
                    0.9737270474433899,
                    0.7537751197814941,
                    0.6391030550003052,
                    0.46217602491378784,
                    0.8410604596138,
                    1.3726441860198975,
                    1.5376478433609009,
                    1.7232428789138794,
                    1.890566349029541,
                    1.65955650806427,
                    1.3695191144943237,
                    0.8721565008163452
                ],
                "key_ts": [
                    0.001183337764814496,
                    0.011209115386009216,
                    -0.012570231221616268,
                    -0.017716214060783386,
                    0.009169265627861023,
                    -0.018997035920619965,
                    -0.01881718635559082,
                    -0.021290387958288193,
                    -0.011309053748846054,
                    -0.0194515660405159,
                    0.013951580040156841,
                    -0.0167884211987257,
                    0.027224479243159294,
                    -0.007007827516645193,
                    0.018554067239165306,
                    0.018500544130802155,
                    0.012523314915597439,
                    -0.005855484399944544,
                    0.010248432867228985,
                    -0.01202855072915554
                ]
            },
            "optimizer_parameters": {
                "y_lr": 0.05,
                "t_lr": 0.05,
                "scheduler_step_size": 10,
                "scheduler_gamma": 0.99
            }
        }
    },
    "optimizer_parameters": {
        "uv_lr": 0.005,
        "dir_lr": 0.05,
        "scheduler_step_size": 10,
        "scheduler_gamma": 0.99
    }
}