{
    "parameters": {
        "grow_mode": "single_sided",
        "wave_angle": -1.0471975803375244,
        "start_uv": [
            0.30775561928749084,
            -0.0018445425666868687
        ],
        "end_uv": [
            0.144901305437088,
            -0.00040709381573833525
        ],
        "start_dir": [
            -0.310568630695343
        ],
        "end_dir": [
            -1.288316249847412
        ],
        "init_height": 0.2,
        "sil_spline": {
            "parameters": {
                "key_xs": [
                    0.0,
                    0.05263157933950424,
                    0.10526315867900848,
                    0.15789473056793213,
                    0.21052631735801697,
                    0.2631579041481018,
                    0.31578946113586426,
                    0.3684210479259491,
                    0.42105263471603394,
                    0.4736842215061188,
                    0.5263158082962036,
                    0.5789473652839661,
                    0.6315789222717285,
                    0.6842105388641357,
                    0.7368420958518982,
                    0.7894736528396606,
                    0.8421052694320679,
                    0.8947368264198303,
                    0.9473684430122375,
                    1.0
                ],
                "key_ys": [
                    0.04979666694998741,
                    0.1494666337966919,
                    0.24775783717632294,
                    0.3473878800868988,
                    0.3777412176132202,
                    0.38213032484054565,
                    0.37895897030830383,
                    0.37673836946487427,
                    0.3452985882759094,
                    0.3138672113418579,
                    0.2853958308696747,
                    0.2469349205493927,
                    0.21381860971450806,
                    0.18204990029335022,
                    0.14196917414665222,
                    0.09860514849424362,
                    0.06078275665640831,
                    0.045561034232378006,
                    0.029376748949289322,
                    0.017613884061574936
                ],
                "key_ts": [
                    0.017192840576171875,
                    -0.006016778759658337,
                    0.0012225357349961996,
                    0.001023835618980229,
                    0.0032128621824085712,
                    0.004685659427195787,
                    -0.008828580379486084,
                    -0.002058466197922826,
                    0.004392386879771948,
                    -0.021098772063851357,
                    -0.005836834665387869,
                    -0.009745546616613865,
                    -0.01514304056763649,
                    0.009165328927338123,
                    -0.01737815886735916,
                    0.0034115202724933624,
                    -0.011798800900578499,
                    -0.007309247739613056,
                    0.0013459303881973028,
                    -0.0007810145616531372
                ]
            },
            "optimizer_parameters": {
                "y_lr": 0.05,
                "t_lr": 0.05,
                "scheduler_step_size": 10,
                "scheduler_gamma": 0.99
            }
        },
        "thickness_spline": {
            "parameters": {
                "key_xs": [
                    0.0,
                    0.30000001192092896,
                    0.5,
                    0.699999988079071,
                    1.0
                ],
                "key_ys": [
                    0.0,
                    0.029999999329447746,
                    0.03999999910593033,
                    0.029999999329447746,
                    0.0
                ],
                "key_ts": [
                    0.05000000074505806,
                    0.009999999776482582,
                    0.0,
                    -0.009999999776482582,
                    -0.05000000074505806
                ]
            },
            "optimizer_parameters": {
                "y_lr": 0.05,
                "t_lr": 0.05,
                "scheduler_step_size": 10,
                "scheduler_gamma": 0.99
            }
        },
        "uv_reshape_bb": {
            "uv": [
                0.001953125,
                0.3352864583333333
            ],
            "size": [
                0.3138020833333333,
                0.3138020833333333
            ]
        }
    },
    "optimizer_parameters": {
        "uv_lr": 0.005,
        "dir_lr": 0.05,
        "scheduler_step_size": 10,
        "scheduler_gamma": 0.99
    }
}