{
    "parameters": {
        "grow_mode": "single_sided",
        "wave_angle": -1.0471975803375244,
        "start_uv": [
            -0.008521786890923977,
            -1.8225509847979993e-05
        ],
        "end_uv": [
            -0.003047688165679574,
            1.0002721548080444
        ],
        "start_dir": [
            0.7411096692085266
        ],
        "end_dir": [
            -0.4814396798610687
        ],
        "init_height": 0.2,
        "sil_spline": {
            "parameters": {
                "key_xs": [
                    0.0,
                    0.05263157933950424,
                    0.10526315867900848,
                    0.15789473056793213,
                    0.21052631735801697,
                    0.2631579041481018,
                    0.31578946113586426,
                    0.3684210479259491,
                    0.42105263471603394,
                    0.4736842215061188,
                    0.5263158082962036,
                    0.5789473652839661,
                    0.6315789222717285,
                    0.6842105388641357,
                    0.7368420958518982,
                    0.7894736528396606,
                    0.8421052694320679,
                    0.8947368264198303,
                    0.9473684430122375,
                    1.0
                ],
                "key_ys": [
                    0.29720014333724976,
                    0.6037339568138123,
                    0.8374423980712891,
                    0.6167811751365662,
                    0.5204893350601196,
                    0.4778592884540558,
                    0.4589843153953552,
                    0.43895232677459717,
                    0.43094930052757263,
                    0.432615727186203,
                    0.43691879510879517,
                    0.4449034333229065,
                    0.46375468373298645,
                    0.4899827241897583,
                    0.5182778239250183,
                    0.5549920797348022,
                    0.6041610240936279,
                    0.7223025560379028,
                    0.8951965570449829,
                    0.48002246022224426
                ],
                "key_ts": [
                    0.0057241227477788925,
                    0.010992199182510376,
                    -0.019872818142175674,
                    -0.02945728786289692,
                    0.007708365563303232,
                    -0.03519068658351898,
                    0.01840972527861595,
                    0.00042003527050837874,
                    -0.03517978638410568,
                    0.02350977435708046,
                    0.0377926230430603,
                    0.024757860228419304,
                    0.030877191573381424,
                    0.008479243144392967,
                    -0.003878850257024169,
                    0.02524120733141899,
                    -0.02305660769343376,
                    0.06471581012010574,
                    -0.04684918373823166,
                    -0.005029893014580011
                ]
            },
            "optimizer_parameters": {
                "y_lr": 0.05,
                "t_lr": 0.05,
                "scheduler_step_size": 10,
                "scheduler_gamma": 0.99
            }
        },
        "thickness_spline": {
            "parameters": {
                "key_xs": [
                    0.0,
                    0.30000001192092896,
                    0.5,
                    0.699999988079071,
                    1.0
                ],
                "key_ys": [
                    0.0,
                    0.009999999776482582,
                    0.012000000104308128,
                    0.009999999776482582,
                    0.0
                ],
                "key_ts": [
                    0.009999999776482582,
                    0.0020000000949949026,
                    0.0,
                    -0.0020000000949949026,
                    -0.009999999776482582
                ]
            },
            "optimizer_parameters": {
                "y_lr": 0.05,
                "t_lr": 0.05,
                "scheduler_step_size": 10,
                "scheduler_gamma": 0.99
            }
        },
        "uv_reshape_bb": {
            "uv": [
                0.001953125,
                0.6686197916666666
            ],
            "size": [
                0.3138020833333333,
                0.3138020833333333
            ]
        }
    },
    "optimizer_parameters": {
        "uv_lr": 0.005,
        "dir_lr": 0.05,
        "scheduler_step_size": 10,
        "scheduler_gamma": 0.99
    }
}