{
    "parameters": {
        "grow_mode": "single_sided",
        "wave_angle": -1.0471975803375244,
        "start_uv": [
            0.4290245771408081,
            1.0040628910064697
        ],
        "end_uv": [
            0.6965424418449402,
            1.0042272806167603
        ],
        "start_dir": [
            0.17866943776607513
        ],
        "end_dir": [
            0.44997429847717285
        ],
        "init_height": 0.2,
        "sil_spline": {
            "parameters": {
                "key_xs": [
                    0.0,
                    0.05263157933950424,
                    0.10526315867900848,
                    0.15789473056793213,
                    0.21052631735801697,
                    0.2631579041481018,
                    0.31578946113586426,
                    0.3684210479259491,
                    0.42105263471603394,
                    0.4736842215061188,
                    0.5263158082962036,
                    0.5789473652839661,
                    0.6315789222717285,
                    0.6842105388641357,
                    0.7368420958518982,
                    0.7894736528396606,
                    0.8421052694320679,
                    0.8947368264198303,
                    0.9473684430122375,
                    1.0
                ],
                "key_ys": [
                    0.5990201234817505,
                    0.5469688773155212,
                    0.4970666468143463,
                    0.46107929944992065,
                    0.45582813024520874,
                    0.46376723051071167,
                    0.4725015163421631,
                    0.44024187326431274,
                    0.39715486764907837,
                    0.40276262164115906,
                    0.43184754252433777,
                    0.41797196865081787,
                    0.3799549639225006,
                    0.3123295307159424,
                    0.23086795210838318,
                    0.19375811517238617,
                    0.20634698867797852,
                    0.2528792917728424,
                    0.292277067899704,
                    0.23036165535449982
                ],
                "key_ts": [
                    0.0027355642523616552,
                    -0.013401245698332787,
                    -0.01241405587643385,
                    0.003111605765298009,
                    0.0006703332765027881,
                    0.020635433495044708,
                    -0.0031345884781330824,
                    -0.02256048284471035,
                    -0.007018437143415213,
                    0.005889485590159893,
                    0.017209123820066452,
                    -0.0069740391336381435,
                    -0.015137465670704842,
                    0.002041046740487218,
                    -0.0059442343190312386,
                    -0.0014021139359101653,
                    -0.010920614935457706,
                    0.006357680540531874,
                    -0.00020699478045571595,
                    -0.010732901282608509
                ]
            },
            "optimizer_parameters": {
                "y_lr": 0.05,
                "t_lr": 0.05,
                "scheduler_step_size": 10,
                "scheduler_gamma": 0.99
            }
        },
        "thickness_spline": {
            "parameters": {
                "key_xs": [
                    0.0,
                    0.10000000149011612,
                    0.5,
                    0.8999999761581421,
                    1.0
                ],
                "key_ys": [
                    0.0,
                    0.03999999910593033,
                    0.05000000074505806,
                    0.03999999910593033,
                    0.0
                ],
                "key_ts": [
                    0.07999999821186066,
                    0.019999999552965164,
                    0.0,
                    -0.019999999552965164,
                    -0.07999999821186066
                ]
            },
            "optimizer_parameters": {
                "y_lr": 0.05,
                "t_lr": 0.05,
                "scheduler_step_size": 10,
                "scheduler_gamma": 0.99
            }
        },
        "uv_reshape_bb": {
            "uv": [
                0.3352864583333333,
                0.3352864583333333
            ],
            "size": [
                0.3138020833333333,
                0.3138020833333333
            ]
        }
    },
    "optimizer_parameters": {
        "uv_lr": 0.005,
        "dir_lr": 0.05,
        "scheduler_step_size": 10,
        "scheduler_gamma": 0.99
    }
}