{
    "parameters": {
        "grow_mode": "single_sided",
        "wave_angle": -1.0471975803375244,
        "start_uv": [
            0.16431480646133423,
            1.002161979675293
        ],
        "end_uv": [
            0.40751972794532776,
            1.0017870664596558
        ],
        "start_dir": [
            0.45454415678977966
        ],
        "end_dir": [
            0.12833115458488464
        ],
        "init_height": 0.2,
        "sil_spline": {
            "parameters": {
                "key_xs": [
                    0.0,
                    0.05263157933950424,
                    0.10526315867900848,
                    0.15789473056793213,
                    0.21052631735801697,
                    0.2631579041481018,
                    0.31578946113586426,
                    0.3684210479259491,
                    0.42105263471603394,
                    0.4736842215061188,
                    0.5263158082962036,
                    0.5789473652839661,
                    0.6315789222717285,
                    0.6842105388641357,
                    0.7368420958518982,
                    0.7894736528396606,
                    0.8421052694320679,
                    0.8947368264198303,
                    0.9473684430122375,
                    1.0
                ],
                "key_ys": [
                    0.001551424153149128,
                    0.31257930397987366,
                    0.36793041229248047,
                    0.4018309414386749,
                    0.46940281987190247,
                    0.49869710206985474,
                    0.5420041680335999,
                    0.5661951899528503,
                    0.5782857537269592,
                    0.5805404186248779,
                    0.5918568968772888,
                    0.48564672470092773,
                    0.5098656415939331,
                    0.5285945534706116,
                    0.5358233451843262,
                    0.4714948832988739,
                    0.40135329961776733,
                    0.4442780315876007,
                    0.4072987139225006,
                    0.212265282869339
                ],
                "key_ts": [
                    -0.00889409240335226,
                    0.011965582147240639,
                    0.02932892180979252,
                    0.006738557945936918,
                    0.0013945649843662977,
                    0.05020458996295929,
                    0.02868899330496788,
                    -0.03072682023048401,
                    0.020257029682397842,
                    0.003538924502208829,
                    -0.012463097460567951,
                    -0.009001340717077255,
                    0.03356991335749626,
                    -0.013928016647696495,
                    0.011555902659893036,
                    -0.03347766026854515,
                    0.02583051659166813,
                    -0.002263261005282402,
                    -0.000915774900931865,
                    -0.014562289230525494
                ]
            },
            "optimizer_parameters": {
                "y_lr": 0.05,
                "t_lr": 0.05,
                "scheduler_step_size": 10,
                "scheduler_gamma": 0.99
            }
        },
        "thickness_spline": {
            "parameters": {
                "key_xs": [
                    0.0,
                    0.10000000149011612,
                    0.5,
                    0.8999999761581421,
                    1.0
                ],
                "key_ys": [
                    0.0,
                    0.03999999910593033,
                    0.05000000074505806,
                    0.03999999910593033,
                    0.0
                ],
                "key_ts": [
                    0.07999999821186066,
                    0.019999999552965164,
                    0.0,
                    -0.019999999552965164,
                    -0.07999999821186066
                ]
            },
            "optimizer_parameters": {
                "y_lr": 0.05,
                "t_lr": 0.05,
                "scheduler_step_size": 10,
                "scheduler_gamma": 0.99
            }
        },
        "uv_reshape_bb": {
            "uv": [
                0.3352864583333333,
                0.001953125
            ],
            "size": [
                0.3138020833333333,
                0.3138020833333333
            ]
        }
    },
    "optimizer_parameters": {
        "uv_lr": 0.005,
        "dir_lr": 0.05,
        "scheduler_step_size": 10,
        "scheduler_gamma": 0.99
    }
}