{
    "parameters": {
        "origin_xy": [
            -1.1253427267074585,
            0.11982616037130356
        ],
        "origin_z": 0.0,
        "length_x": 2.915440320968628,
        "length_y": 0.0,
        "length_z": 0.0,
        "uv_reshape_bb": {
            "uv": [
                0.001953125,
                0.001953125
            ],
            "size": [
                0.3138020833333333,
                0.3138020833333333
            ]
        },
        "top_spline": {
            "parameters": {
                "key_xs": [
                    0.0,
                    0.05263157933950424,
                    0.10526315867900848,
                    0.15789473056793213,
                    0.21052631735801697,
                    0.2631579041481018,
                    0.31578946113586426,
                    0.3684210479259491,
                    0.42105263471603394,
                    0.4736842215061188,
                    0.5263158082962036,
                    0.5789473652839661,
                    0.6315789222717285,
                    0.6842105388641357,
                    0.7368420958518982,
                    0.7894736528396606,
                    0.8421052694320679,
                    0.8947368264198303,
                    0.9473684430122375,
                    1.0
                ],
                "key_ys": [
                    0.21411028504371643,
                    0.15884016454219818,
                    0.18455971777439117,
                    0.29921671748161316,
                    0.4328562319278717,
                    0.5215181112289429,
                    0.5928624272346497,
                    0.6383283734321594,
                    0.686561644077301,
                    0.7200275659561157,
                    0.7363094687461853,
                    0.7492828965187073,
                    0.7463296055793762,
                    0.7245882749557495,
                    0.6605297327041626,
                    0.5960119962692261,
                    0.4105246663093567,
                    0.2271152287721634,
                    0.08097442239522934,
                    -0.008690252900123596
                ],
                "key_ts": [
                    -0.14594924449920654,
                    0.09196145832538605,
                    -0.02325897105038166,
                    0.3375067412853241,
                    0.07608010619878769,
                    0.16867929697036743,
                    0.1381622552871704,
                    0.15015703439712524,
                    0.16843301057815552,
                    -0.05274531617760658,
                    0.20859280228614807,
                    0.20545732975006104,
                    -0.17071779072284698,
                    -0.12657476961612701,
                    -0.1753808557987213,
                    0.06184806674718857,
                    -0.3400314152240753,
                    0.04633990675210953,
                    -0.3276909589767456,
                    0.19943676888942719
                ]
            },
            "optimizer_parameters": {
                "y_lr": 0.05,
                "t_lr": 0.05,
                "scheduler_step_size": 10,
                "scheduler_gamma": 0.99
            }
        },
        "bottom_spline": {
            "parameters": {
                "key_xs": [
                    0.0,
                    0.05263157933950424,
                    0.10526315867900848,
                    0.15789473056793213,
                    0.21052631735801697,
                    0.2631579041481018,
                    0.31578946113586426,
                    0.3684210479259491,
                    0.42105263471603394,
                    0.4736842215061188,
                    0.5263158082962036,
                    0.5789473652839661,
                    0.6315789222717285,
                    0.6842105388641357,
                    0.7368420958518982,
                    0.7894736528396606,
                    0.8421052694320679,
                    0.8947368264198303,
                    0.9473684430122375,
                    1.0
                ],
                "key_ys": [
                    0.19447460770606995,
                    0.12862971425056458,
                    0.11943671107292175,
                    0.19517703354358673,
                    0.3038341999053955,
                    0.40134236216545105,
                    0.49175652861595154,
                    0.5642998814582825,
                    0.6388781666755676,
                    0.6987963318824768,
                    0.7421634197235107,
                    0.7745690941810608,
                    0.7842257618904114,
                    0.7777292728424072,
                    0.748762309551239,
                    0.7081319093704224,
                    0.640264630317688,
                    0.5050877928733826,
                    0.3544553518295288,
                    0.008695928379893303
                ],
                "key_ts": [
                    -0.1603797823190689,
                    0.14533387124538422,
                    -0.06482549011707306,
                    0.31306084990501404,
                    0.12608876824378967,
                    0.1886587142944336,
                    0.12386120855808258,
                    0.14091061055660248,
                    0.2675788998603821,
                    0.03145634010434151,
                    -0.08768529444932938,
                    0.22342465817928314,
                    -0.1305229812860489,
                    -0.1324482262134552,
                    -0.046343617141246796,
                    -0.10523896664381027,
                    -0.011696790345013142,
                    -0.3091835379600525,
                    0.11790063232183456,
                    -0.0060539040714502335
                ]
            },
            "optimizer_parameters": {
                "y_lr": 0.05,
                "t_lr": 0.05,
                "scheduler_step_size": 10,
                "scheduler_gamma": 0.99
            }
        },
        "thickness_spline": {
            "parameters": {
                "key_xs": [
                    0.0,
                    0.10000000149011612,
                    0.20000000298023224,
                    0.30000001192092896,
                    0.4000000059604645,
                    0.6000000238418579,
                    0.699999988079071,
                    0.800000011920929,
                    0.8999999761581421,
                    1.0
                ],
                "key_ys": [
                    0.0,
                    0.6000000238418579,
                    0.75,
                    0.8299999833106995,
                    0.8999999761581421,
                    0.8500000238418579,
                    0.75,
                    0.6000000238418579,
                    0.4000000059604645,
                    0.0
                ],
                "key_ts": [
                    5.0,
                    4.0,
                    2.0,
                    1.0,
                    0.10000000149011612,
                    -0.10000000149011612,
                    -0.5,
                    -0.699999988079071,
                    -1.0,
                    -4.0
                ]
            },
            "optimizer_parameters": {
                "y_lr": 0.05,
                "t_lr": 0.05,
                "scheduler_step_size": 10,
                "scheduler_gamma": 0.99
            }
        },