{
    "parameters": {
        "grow_mode": "double_sided",
        "wave_angle": -1.2000000476837158,
        "start_uv": [
            0.5857734084129333,
            0.2920590043067932
        ],
        "end_uv": [
            0.5830364227294922,
            0.3835430443286896
        ],
        "start_dir": [
            0.7750310897827148
        ],
        "end_dir": [
            -0.7186557650566101
        ],
        "init_height": 0.2,
        "sil_spline": {
            "parameters": {
                "key_xs": [
                    0.0,
                    0.05263157933950424,
                    0.10526315867900848,
                    0.15789473056793213,
                    0.21052631735801697,
                    0.2631579041481018,
                    0.31578946113586426,
                    0.3684210479259491,
                    0.42105263471603394,
                    0.4736842215061188,
                    0.5263158082962036,
                    0.5789473652839661,
                    0.6315789222717285,
                    0.6842105388641357,
                    0.7368420958518982,
                    0.7894736528396606,
                    0.8421052694320679,
                    0.8947368264198303,
                    0.9473684430122375,
                    1.0
                ],
                "key_ys": [
                    0.019588010385632515,
                    0.07378151267766953,
                    0.24630770087242126,
                    0.25071677565574646,
                    0.2618263065814972,
                    0.26703670620918274,
                    0.2692123055458069,
                    0.27034473419189453,
                    0.2754620909690857,
                    0.2777210474014282,
                    0.2861004173755646,
                    0.2968672811985016,
                    0.3093505799770355,
                    0.32336655259132385,
                    0.3483172059059143,
                    0.3808709681034088,
                    0.42768216133117676,
                    0.4655476212501526,
                    0.21107091009616852,
                    0.08211388438940048
                ],
                "key_ts": [
                    -0.004844313953071833,
                    0.015174657106399536,
                    -0.017324239015579224,
                    0.01741154119372368,
                    0.019534235820174217,
                    0.003576738527044654,
                    0.01521540991961956,
                    0.008967822417616844,
                    0.017161287367343903,
                    0.00861537829041481,
                    0.01665952056646347,
                    0.03334337845444679,
                    -0.011350668035447598,
                    0.02165747806429863,
                    -0.005800861865282059,
                    0.009384004399180412,
                    0.04777948558330536,
                    -0.038144275546073914,
                    -0.014251666143536568,
                    0.0014243900077417493
                ]
            },
            "optimizer_parameters": {
                "y_lr": 0.05,
                "t_lr": 0.05,
                "scheduler_step_size": 10,
                "scheduler_gamma": 0.99
            }
        },
        "thickness_spline": {
            "parameters": {
                "key_xs": [
                    0.0,
                    0.30000001192092896,
                    0.5,
                    0.699999988079071,
                    1.0
                ],
                "key_ys": [
                    0.0,
                    0.009999999776482582,
                    0.013000000268220901,
                    0.009999999776482582,
                    0.0
                ],
                "key_ts": [
                    0.009999999776482582,
                    0.0020000000949949026,
                    0.0,
                    -0.0020000000949949026,
                    -0.009999999776482582
                ]
            },
            "optimizer_parameters": {
                "y_lr": 0.05,
                "t_lr": 0.05,
                "scheduler_step_size": 10,
                "scheduler_gamma": 0.99
            }
        },
        "uv_reshape_bb": {
            "uv": [
                0.3352864583333333,
                0.6686197916666666
            ],
            "size": [
                0.3138020833333333,
                0.3138020833333333
            ]
        }
    },
    "optimizer_parameters": {
        "uv_lr": 0.005,
        "dir_lr": 0.05,
        "scheduler_step_size": 10,
        "scheduler_gamma": 0.99
    }
}