{
    "parameters": {
        "grow_mode": "single_sided",
        "wave_angle": -1.0471975803375244,
        "start_uv": [
            0.5265493988990784,
            -0.0027142439503222704
        ],
        "end_uv": [
            0.41251349449157715,
            -0.0013092404697090387
        ],
        "start_dir": [
            -0.3941551744937897
        ],
        "end_dir": [
            -0.06342478841543198
        ],
        "init_height": 0.2,
        "sil_spline": {
            "parameters": {
                "key_xs": [
                    0.0,
                    0.05263157933950424,
                    0.10526315867900848,
                    0.15789473056793213,
                    0.21052631735801697,
                    0.2631579041481018,
                    0.31578946113586426,
                    0.3684210479259491,
                    0.42105263471603394,
                    0.4736842215061188,
                    0.5263158082962036,
                    0.5789473652839661,
                    0.6315789222717285,
                    0.6842105388641357,
                    0.7368420958518982,
                    0.7894736528396606,
                    0.8421052694320679,
                    0.8947368264198303,
                    0.9473684430122375,
                    1.0
                ],
                "key_ys": [
                    0.1380472630262375,
                    0.18480123579502106,
                    0.20888519287109375,
                    0.23234984278678894,
                    0.25482478737831116,
                    0.2754644453525543,
                    0.28630635142326355,
                    0.3047991096973419,
                    0.30663058161735535,
                    0.3183209300041199,
                    0.3164665997028351,
                    0.3312901556491852,
                    0.3360953629016876,
                    0.34703806042671204,
                    0.3635738492012024,
                    0.36570248007774353,
                    0.37600648403167725,
                    0.3860031068325043,
                    0.3840952217578888,
                    0.3998689353466034
                ],
                "key_ts": [
                    0.024572106078267097,
                    -0.012870526872575283,
                    0.0018980916356667876,
                    -0.005214742850512266,
                    0.0020695608109235764,
                    -0.006315259728580713,
                    -0.00013455338194034994,
                    0.0044791484251618385,
                    0.0041791219264268875,
                    -0.0039965007454156876,
                    -0.005083905998617411,
                    -0.006152290850877762,
                    -0.00476444186642766,
                    0.010266532190144062,
                    -0.004432662855833769,
                    -0.004903134889900684,
                    -0.0006715505151078105,
                    0.0031335707753896713,
                    -0.0006322792614810169,
                    -0.004511805716902018
                ]
            },
            "optimizer_parameters": {
                "y_lr": 0.05,
                "t_lr": 0.05,
                "scheduler_step_size": 10,
                "scheduler_gamma": 0.99
            }
        },
        "thickness_spline": {
            "parameters": {
                "key_xs": [
                    0.0,
                    1.0
                ],
                "key_ys": [
                    0.0,
                    0.0
                ],
                "key_ts": [
                    0.0,
                    0.0
                ]
            },
            "optimizer_parameters": {
                "y_lr": 0,
                "t_lr": 0,
                "scheduler_step_size": 0,
                "scheduler_gamma": 0
            }
        },
        "uv_reshape_bb": {
            "uv": [
                0.6686197916666666,
                0.001953125
            ],
            "size": [
                0.3138020833333333,
                0.3138020833333333
            ]
        }
    },
    "optimizer_parameters": {
        "uv_lr": 0.005,
        "dir_lr": 0.05,
        "scheduler_step_size": 10,
        "scheduler_gamma": 0.99
    }
}