{
    "parameters": {
        "grow_mode": "single_sided",
        "wave_angle": -1.0471975803375244,
        "start_uv": [
            0.3944893479347229,
            -0.0034878957085311413
        ],
        "end_uv": [
            0.08728693425655365,
            -0.002013628836721182
        ],
        "start_dir": [
            -0.683971107006073
        ],
        "end_dir": [
            0.17629943788051605
        ],
        "init_height": 0.2,
        "sil_spline": {
            "parameters": {
                "key_xs": [
                    0.0,
                    0.05263157933950424,
                    0.10526315867900848,
                    0.15789473056793213,
                    0.21052631735801697,
                    0.2631579041481018,
                    0.31578946113586426,
                    0.3684210479259491,
                    0.42105263471603394,
                    0.4736842215061188,
                    0.5263158082962036,
                    0.5789473652839661,
                    0.6315789222717285,
                    0.6842105388641357,
                    0.7368420958518982,
                    0.7894736528396606,
                    0.8421052694320679,
                    0.8947368264198303,
                    0.9473684430122375,
                    1.0
                ],
                "key_ys": [
                    0.05162240192294121,
                    0.1308845728635788,
                    0.17876362800598145,
                    0.21890707314014435,
                    0.3593587577342987,
                    0.5724760890007019,
                    0.20406682789325714,
                    0.44960829615592957,
                    0.5363793969154358,
                    0.6153398752212524,
                    0.7780501842498779,
                    0.4244764447212219,
                    0.44690564274787903,
                    0.45620155334472656,
                    0.44681409001350403,
                    0.42743146419525146,
                    0.3820127248764038,
                    0.3388374149799347,
                    0.27294090390205383,
                    0.18691623210906982
                ],
                "key_ts": [
                    -0.004180555231869221,
                    0.006573385093361139,
                    -0.003340614726766944,
                    -0.0020135194063186646,
                    0.0014796173200011253,
                    -0.0025659871753305197,
                    0.0007506386027671397,
                    0.005444684997200966,
                    -0.00045188560034148395,
                    0.00020940972899552435,
                    0.00708368793129921,
                    0.0010708378395065665,
                    -0.0031942054629325867,
                    0.003546297550201416,
                    -0.005665014032274485,
                    -0.0085920300334692,
                    -0.0011817989870905876,
                    0.0033713176380842924,
                    -0.005718613043427467,
                    0.000312678050249815
                ]
            },
            "optimizer_parameters": {
                "y_lr": 0.05,
                "t_lr": 0.05,
                "scheduler_step_size": 10,
                "scheduler_gamma": 0.99
            }
        },
        "thickness_spline": {
            "parameters": {
                "key_xs": [
                    0.0,
                    0.30000001192092896,
                    0.5,
                    0.699999988079071,
                    1.0
                ],
                "key_ys": [
                    0.0,
                    0.029999999329447746,
                    0.03999999910593033,
                    0.029999999329447746,
                    0.0
                ],
                "key_ts": [
                    0.05000000074505806,
                    0.009999999776482582,
                    0.0,
                    -0.009999999776482582,
                    -0.05000000074505806
                ]
            },
            "optimizer_parameters": {
                "y_lr": 0.05,
                "t_lr": 0.05,
                "scheduler_step_size": 10,
                "scheduler_gamma": 0.99
            }
        },
        "uv_reshape_bb": {
            "uv": [
                0.001953125,
                0.3352864583333333
            ],
            "size": [
                0.3138020833333333,
                0.3138020833333333
            ]
        }
    },
    "optimizer_parameters": {
        "uv_lr": 0.005,
        "dir_lr": 0.05,
        "scheduler_step_size": 10,
        "scheduler_gamma": 0.99
    }
}