{
    "parameters": {
        "grow_mode": "single_sided",
        "wave_angle": -1.0471975803375244,
        "start_uv": [
            -0.011443918570876122,
            -0.0024130819365382195
        ],
        "end_uv": [
            -0.012421201914548874,
            1.003137469291687
        ],
        "start_dir": [
            0.6623249650001526
        ],
        "end_dir": [
            -0.5568827986717224
        ],
        "init_height": 0.2,
        "sil_spline": {
            "parameters": {
                "key_xs": [
                    0.0,
                    0.05263157933950424,
                    0.10526315867900848,
                    0.15789473056793213,
                    0.21052631735801697,
                    0.2631579041481018,
                    0.31578946113586426,
                    0.3684210479259491,
                    0.42105263471603394,
                    0.4736842215061188,
                    0.5263158082962036,
                    0.5789473652839661,
                    0.6315789222717285,
                    0.6842105388641357,
                    0.7368420958518982,
                    0.7894736528396606,
                    0.8421052694320679,
                    0.8947368264198303,
                    0.9473684430122375,
                    1.0
                ],
                "key_ys": [
                    0.7418309450149536,
                    0.6070887446403503,
                    0.4943690896034241,
                    0.4491596221923828,
                    0.4272070825099945,
                    0.38609322905540466,
                    0.3708173334598541,
                    0.3481122851371765,
                    0.3314865231513977,
                    0.3284434676170349,
                    0.32320621609687805,
                    0.33990442752838135,
                    0.35193800926208496,
                    0.3758431077003479,
                    0.3944094479084015,
                    0.43536871671676636,
                    0.485429048538208,
                    0.5747675895690918,
                    0.7429634928703308,
                    -0.002952253445982933
                ],
                "key_ts": [
                    0.0014304581563919783,
                    -0.0010265056043863297,
                    -0.006031219847500324,
                    0.00366800744086504,
                    -0.004834342282265425,
                    -0.00699030514806509,
                    0.004522648174315691,
                    -0.008556573651731014,
                    0.005821930710226297,
                    -0.005626586731523275,
                    0.007884589023888111,
                    -0.006524158641695976,
                    0.009276463650166988,
                    -0.004508195910602808,
                    0.007889983244240284,
                    0.004806647077202797,
                    0.0013432621490210295,
                    -0.003423346672207117,
                    0.002256060251966119,
                    0.0032557700760662556
                ]
            },
            "optimizer_parameters": {
                "y_lr": 0.05,
                "t_lr": 0.05,
                "scheduler_step_size": 10,
                "scheduler_gamma": 0.99
            }
        },
        "thickness_spline": {
            "parameters": {
                "key_xs": [
                    0.0,
                    0.30000001192092896,
                    0.5,
                    0.699999988079071,
                    1.0
                ],
                "key_ys": [
                    0.0,
                    0.009999999776482582,
                    0.012000000104308128,
                    0.009999999776482582,
                    0.0
                ],
                "key_ts": [
                    0.009999999776482582,
                    0.0020000000949949026,
                    0.0,
                    -0.0020000000949949026,
                    -0.009999999776482582
                ]
            },
            "optimizer_parameters": {
                "y_lr": 0.05,
                "t_lr": 0.05,
                "scheduler_step_size": 10,
                "scheduler_gamma": 0.99
            }
        },
        "uv_reshape_bb": {
            "uv": [
                0.001953125,
                0.6686197916666666
            ],
            "size": [
                0.3138020833333333,
                0.3138020833333333
            ]
        }
    },
    "optimizer_parameters": {
        "uv_lr": 0.005,
        "dir_lr": 0.05,
        "scheduler_step_size": 10,
        "scheduler_gamma": 0.99
    }
}