{
    "parameters": {
        "grow_mode": "single_sided",
        "wave_angle": -1.0471975803375244,
        "start_uv": [
            0.1027337983250618,
            0.9992212057113647
        ],
        "end_uv": [
            0.7159553170204163,
            1.003949761390686
        ],
        "start_dir": [
            0.321451336145401
        ],
        "end_dir": [
            0.36372360587120056
        ],
        "init_height": 0.2,
        "sil_spline": {
            "parameters": {
                "key_xs": [
                    0.0,
                    0.05263157933950424,
                    0.10526315867900848,
                    0.15789473056793213,
                    0.21052631735801697,
                    0.2631579041481018,
                    0.31578946113586426,
                    0.3684210479259491,
                    0.42105263471603394,
                    0.4736842215061188,
                    0.5263158082962036,
                    0.5789473652839661,
                    0.6315789222717285,
                    0.6842105388641357,
                    0.7368420958518982,
                    0.7894736528396606,
                    0.8421052694320679,
                    0.8947368264198303,
                    0.9473684430122375,
                    1.0
                ],
                "key_ys": [
                    0.18937166035175323,
                    0.2908053696155548,
                    0.366556316614151,
                    0.38733723759651184,
                    0.40255501866340637,
                    0.5416902303695679,
                    0.45827236771583557,
                    0.4065323770046234,
                    0.36380457878112793,
                    0.3294301927089691,
                    0.2818338871002197,
                    0.2561129629611969,
                    0.21361596882343292,
                    0.18901099264621735,
                    0.17252680659294128,
                    0.14075075089931488,
                    0.13643604516983032,
                    0.12364846467971802,
                    0.09249841421842575,
                    0.06341300159692764
                ],
                "key_ts": [
                    0.001436110818758607,
                    0.0024848654866218567,
                    0.0019053182331845164,
                    -0.002319199964404106,
                    -0.008320805616676807,
                    0.0016065279487520456,
                    -0.008560949936509132,
                    0.002000645035877824,
                    -0.002475558314472437,
                    -0.009230067022144794,
                    0.00882015936076641,
                    -0.0019019966712221503,
                    -0.007242931518703699,
                    0.00016592926112934947,
                    -0.0025757376570254564,
                    -0.00870168674737215,
                    0.00927886925637722,
                    -0.005447089672088623,
                    -0.00539029948413372,
                    -0.00036825143615715206
                ]
            },
            "optimizer_parameters": {
                "y_lr": 0.05,
                "t_lr": 0.05,
                "scheduler_step_size": 10,
                "scheduler_gamma": 0.99
            }
        },
        "thickness_spline": {
            "parameters": {
                "key_xs": [
                    0.0,
                    0.10000000149011612,
                    0.5,
                    0.8999999761581421,
                    1.0
                ],
                "key_ys": [
                    0.0,
                    0.03999999910593033,
                    0.05000000074505806,
                    0.03999999910593033,
                    0.0
                ],
                "key_ts": [
                    0.07999999821186066,
                    0.019999999552965164,
                    0.0,
                    -0.019999999552965164,
                    -0.07999999821186066
                ]
            },
            "optimizer_parameters": {
                "y_lr": 0.05,
                "t_lr": 0.05,
                "scheduler_step_size": 10,
                "scheduler_gamma": 0.99
            }
        },
        "uv_reshape_bb": {
            "uv": [
                0.3352864583333333,
                0.001953125
            ],
            "size": [
                0.3138020833333333,
                0.3138020833333333
            ]
        }
    },
    "optimizer_parameters": {
        "uv_lr": 0.005,
        "dir_lr": 0.05,
        "scheduler_step_size": 10,
        "scheduler_gamma": 0.99
    }
}