{
    "parameters": {
        "origin_xy": [
            -1.2976185083389282,
            0.029466662555933
        ],
        "origin_z": 0.0,
        "length_x": 3.3595786094665527,
        "length_y": 0.0,
        "length_z": 0.0,
        "uv_reshape_bb": {
            "uv": [
                0.001953125,
                0.001953125
            ],
            "size": [
                0.3138020833333333,
                0.3138020833333333
            ]
        },
        "top_spline": {
            "parameters": {
                "key_xs": [
                    0.0,
                    0.05263157933950424,
                    0.10526315867900848,
                    0.15789473056793213,
                    0.21052631735801697,
                    0.2631579041481018,
                    0.31578946113586426,
                    0.3684210479259491,
                    0.42105263471603394,
                    0.4736842215061188,
                    0.5263158082962036,
                    0.5789473652839661,
                    0.6315789222717285,
                    0.6842105388641357,
                    0.7368420958518982,
                    0.7894736528396606,
                    0.8421052694320679,
                    0.8947368264198303,
                    0.9473684430122375,
                    1.0
                ],
                "key_ys": [
                    0.19256962835788727,
                    0.12385562062263489,
                    0.14238323271274567,
                    0.2069871425628662,
                    0.36604800820350647,
                    0.5226044058799744,
                    0.6086490154266357,
                    0.6653359532356262,
                    0.70460444688797,
                    0.7315600514411926,
                    0.7516409754753113,
                    0.7566518783569336,
                    0.7447693347930908,
                    0.7177762389183044,
                    0.6438724994659424,
                    0.5144136548042297,
                    0.38148757815361023,
                    0.22359171509742737,
                    0.09200594574213028,
                    0.004517028573900461
                ],
                "key_ts": [
                    -0.1018114686012268,
                    -0.031193824484944344,
                    0.1491120606660843,
                    0.05469971150159836,
                    0.31625694036483765,
                    0.046947069466114044,
                    0.20115436613559723,
                    0.11341001838445663,
                    -0.1782049685716629,
                    0.2776772081851959,
                    -0.2544545531272888,
                    0.25396808981895447,
                    -0.21456249058246613,
                    0.0668555200099945,
                    -0.25275662541389465,
                    -0.15949983894824982,
                    -0.2120618224143982,
                    0.007456725463271141,
                    -0.35958459973335266,
                    0.22298863530158997
                ]
            },
            "optimizer_parameters": {
                "y_lr": 0.05,
                "t_lr": 0.05,
                "scheduler_step_size": 10,
                "scheduler_gamma": 0.99
            }
        },
        "bottom_spline": {
            "parameters": {
                "key_xs": [
                    0.0,
                    0.05263157933950424,
                    0.10526315867900848,
                    0.15789473056793213,
                    0.21052631735801697,
                    0.2631579041481018,
                    0.31578946113586426,
                    0.3684210479259491,
                    0.42105263471603394,
                    0.4736842215061188,
                    0.5263158082962036,
                    0.5789473652839661,
                    0.6315789222717285,
                    0.6842105388641357,
                    0.7368420958518982,
                    0.7894736528396606,
                    0.8421052694320679,
                    0.8947368264198303,
                    0.9473684430122375,
                    1.0
                ],
                "key_ys": [
                    0.266227126121521,
                    0.13853195309638977,
                    0.13757245242595673,
                    0.1846567988395691,
                    0.38990989327430725,
                    0.5126459002494812,
                    0.5939657092094421,
                    0.6522569060325623,
                    0.7337149977684021,
                    0.7503038644790649,
                    0.7421850562095642,
                    0.7327019572257996,
                    0.7085242867469788,
                    0.6814729571342468,
                    0.600741982460022,
                    0.4937621057033539,
                    0.3950343728065491,
                    0.22200407087802887,
                    0.07988616824150085,
                    -0.010894929058849812
                ],
                "key_ts": [
                    -0.0759991854429245,
                    -0.12474442273378372,
                    0.30091309547424316,
                    0.1783505380153656,
                    0.22175517678260803,
                    0.16974493861198425,
                    -0.01801564171910286,
                    0.2520090341567993,
                    -0.15428341925144196,
                    0.2525181770324707,
                    -0.26094815135002136,
                    -0.12236734479665756,
                    -0.1409083604812622,
                    -0.08904221653938293,
                    -0.14106875658035278,
                    -0.25488045811653137,
                    0.06787330657243729,
                    -0.2985959053039551,
                    -0.09117646515369415,
                    0.10902494937181473
                ]
            },
            "optimizer_parameters": {
                "y_lr": 0.05,
                "t_lr": 0.05,
                "scheduler_step_size": 10,
                "scheduler_gamma": 0.99
            }
        },
        "thickness_spline": {
            "parameters": {
                "key_xs": [
                    0.0,
                    0.10000000149011612,
                    0.20000000298023224,
                    0.30000001192092896,
                    0.4000000059604645,
                    0.6000000238418579,
                    0.699999988079071,
                    0.800000011920929,
                    0.8999999761581421,
                    1.0
                ],
                "key_ys": [
                    0.0,
                    0.6000000238418579,
                    0.75,
                    0.8299999833106995,
                    0.8999999761581421,
                    0.8500000238418579,
                    0.75,
                    0.6000000238418579,
                    0.4000000059604645,
                    0.0
                ],
                "key_ts": [
                    5.0,
                    4.0,
                    2.0,
                    1.0,
                    0.10000000149011612,
                    -0.10000000149011612,
                    -0.5,
                    -0.699999988079071,
                    -1.0,
                    -4.0
                ]
            },
            "optimizer_parameters": {
                "y_lr": 0.05,
                "t_lr": 0.05,
                "scheduler_step_size": 10,
                "scheduler_gamma": 0.99
            }
        },