{
    "parameters": {
        "grow_mode": "double_sided",
        "wave_angle": -1.2000000476837158,
        "start_uv": [
            0.6499999761581421,
            0.27969828248023987
        ],
        "end_uv": [
            0.6649613976478577,
            0.3961588442325592
        ],
        "start_dir": [
            0.7680202722549438
        ],
        "end_dir": [
            -0.35100117325782776
        ],
        "init_height": 0.2,
        "sil_spline": {
            "parameters": {
                "key_xs": [
                    0.0,
                    0.05263157933950424,
                    0.10526315867900848,
                    0.15789473056793213,
                    0.21052631735801697,
                    0.2631579041481018,
                    0.31578946113586426,
                    0.3684210479259491,
                    0.42105263471603394,
                    0.4736842215061188,
                    0.5263158082962036,
                    0.5789473652839661,
                    0.6315789222717285,
                    0.6842105388641357,
                    0.7368420958518982,
                    0.7894736528396606,
                    0.8421052694320679,
                    0.8947368264198303,
                    0.9473684430122375,
                    1.0
                ],
                "key_ys": [
                    0.13492527604103088,
                    0.13800475001335144,
                    0.14755108952522278,
                    0.15801018476486206,
                    0.16808684170246124,
                    0.1762273609638214,
                    0.18736200034618378,
                    0.20014898478984833,
                    0.21548417210578918,
                    0.23157761991024017,
                    0.24526120722293854,
                    0.2612711787223816,
                    0.277365505695343,
                    0.29037711024284363,
                    0.3142220675945282,
                    0.3340037167072296,
                    0.34856897592544556,
                    0.36542177200317383,
                    0.4096885323524475,
                    0.5047423243522644
                ],
                "key_ts": [
                    -0.0006223323871381581,
                    0.0016414197161793709,
                    0.0032511716708540916,
                    -0.000976577284745872,
                    0.004063115455210209,
                    0.0006667281850241125,
                    0.0004590626631397754,
                    0.0007689761696383357,
                    0.0036027913447469473,
                    -0.0009758083033375442,
                    0.004944630898535252,
                    -0.0022850455716252327,
                    0.007278557401150465,
                    0.004332101438194513,
                    0.0055498345755040646,
                    -0.004151219502091408,
                    0.004808642435818911,
                    -0.005002216901630163,
                    0.004520748741924763,
                    -0.00039094150997698307
                ]
            },
            "optimizer_parameters": {
                "y_lr": 0.05,
                "t_lr": 0.05,
                "scheduler_step_size": 10,
                "scheduler_gamma": 0.99
            }
        },
        "thickness_spline": {
            "parameters": {
                "key_xs": [
                    0.0,
                    0.30000001192092896,
                    0.5,
                    0.699999988079071,
                    1.0
                ],
                "key_ys": [
                    0.0,
                    0.009999999776482582,
                    0.013000000268220901,
                    0.009999999776482582,
                    0.0
                ],
                "key_ts": [
                    0.009999999776482582,
                    0.0020000000949949026,
                    0.0,
                    -0.0020000000949949026,
                    -0.009999999776482582
                ]
            },
            "optimizer_parameters": {
                "y_lr": 0.05,
                "t_lr": 0.05,
                "scheduler_step_size": 10,
                "scheduler_gamma": 0.99
            }
        },
        "uv_reshape_bb": {
            "uv": [
                0.3352864583333333,
                0.3352864583333333
            ],
            "size": [
                0.3138020833333333,
                0.3138020833333333
            ]
        }
    },
    "optimizer_parameters": {
        "uv_lr": 0.005,
        "dir_lr": 0.05,
        "scheduler_step_size": 10,
        "scheduler_gamma": 0.99
    }
}