{
    "parameters": {
        "grow_mode": "single_sided",
        "wave_angle": -1.0471975803375244,
        "start_uv": [
            0.6927333474159241,
            -0.0017797847976908088
        ],
        "end_uv": [
            0.4895598888397217,
            -0.004089064430445433
        ],
        "start_dir": [
            -1.2891898155212402
        ],
        "end_dir": [
            -0.540061891078949
        ],
        "init_height": 0.2,
        "sil_spline": {
            "parameters": {
                "key_xs": [
                    0.0,
                    0.05263157933950424,
                    0.10526315867900848,
                    0.15789473056793213,
                    0.21052631735801697,
                    0.2631579041481018,
                    0.31578946113586426,
                    0.3684210479259491,
                    0.42105263471603394,
                    0.4736842215061188,
                    0.5263158082962036,
                    0.5789473652839661,
                    0.6315789222717285,
                    0.6842105388641357,
                    0.7368420958518982,
                    0.7894736528396606,
                    0.8421052694320679,
                    0.8947368264198303,
                    0.9473684430122375,
                    1.0
                ],
                "key_ys": [
                    0.14178796112537384,
                    0.15246950089931488,
                    0.16204135119915009,
                    0.13647906482219696,
                    0.14313215017318726,
                    0.13362674415111542,
                    0.1303580403327942,
                    0.13176143169403076,
                    0.1292717605829239,
                    0.12247467786073685,
                    0.12011034786701202,
                    0.12171468883752823,
                    0.12831144034862518,
                    0.12692683935165405,
                    0.1322953850030899,
                    0.13494598865509033,
                    0.13836972415447235,
                    0.14144648611545563,
                    0.14334142208099365,
                    0.16276642680168152
                ],
                "key_ts": [
                    0.0020240775775164366,
                    -0.007281892001628876,
                    0.004158966708928347,
                    -7.478095358237624e-05,
                    0.003408055054023862,
                    -0.001373957027681172,
                    -0.0015770277241244912,
                    0.0032805188093334436,
                    -0.005108488257974386,
                    0.0014478634111583233,
                    0.0001614804787095636,
                    0.0010315185645595193,
                    -0.005029755178838968,
                    0.0011418195208534598,
                    0.000666814623400569,
                    0.0012186955427750945,
                    -0.0008862594841048121,
                    0.004470441956073046,
                    -0.005412917584180832,
                    0.004053412936627865
                ]
            },
            "optimizer_parameters": {
                "y_lr": 0.05,
                "t_lr": 0.05,
                "scheduler_step_size": 10,
                "scheduler_gamma": 0.99
            }
        },
        "thickness_spline": {
            "parameters": {
                "key_xs": [
                    0.0,
                    1.0
                ],
                "key_ys": [
                    0.0,
                    0.0
                ],
                "key_ts": [
                    0.0,
                    0.0
                ]
            },
            "optimizer_parameters": {
                "y_lr": 0,
                "t_lr": 0,
                "scheduler_step_size": 0,
                "scheduler_gamma": 0
            }
        },
        "uv_reshape_bb": {
            "uv": [
                0.3352864583333333,
                0.6686197916666666
            ],
            "size": [
                0.3138020833333333,
                0.3138020833333333
            ]
        }
    },
    "optimizer_parameters": {
        "uv_lr": 0.005,
        "dir_lr": 0.05,
        "scheduler_step_size": 10,
        "scheduler_gamma": 0.99
    }
}