{
    "parameters": {
        "grow_mode": "single_sided",
        "wave_angle": -1.0471975803375244,
        "start_uv": [
            0.34816399216651917,
            -0.000699057593010366
        ],
        "end_uv": [
            0.2323455810546875,
            -0.0006169561529532075
        ],
        "start_dir": [
            -0.10486892610788345
        ],
        "end_dir": [
            -0.7713962197303772
        ],
        "init_height": 0.2,
        "sil_spline": {
            "parameters": {
                "key_xs": [
                    0.0,
                    0.05263157933950424,
                    0.10526315867900848,
                    0.15789473056793213,
                    0.21052631735801697,
                    0.2631579041481018,
                    0.31578946113586426,
                    0.3684210479259491,
                    0.42105263471603394,
                    0.4736842215061188,
                    0.5263158082962036,
                    0.5789473652839661,
                    0.6315789222717285,
                    0.6842105388641357,
                    0.7368420958518982,
                    0.7894736528396606,
                    0.8421052694320679,
                    0.8947368264198303,
                    0.9473684430122375,
                    1.0
                ],
                "key_ys": [
                    0.02660166285932064,
                    0.5442691445350647,
                    0.5530003905296326,
                    0.5490802526473999,
                    0.5347716212272644,
                    0.5281386375427246,
                    0.5154135823249817,
                    0.5052608847618103,
                    0.4987215995788574,
                    0.4923519492149353,
                    0.4868016242980957,
                    0.4811149835586548,
                    0.4719841778278351,
                    0.4709410071372986,
                    0.46625250577926636,
                    0.45578208565711975,
                    0.44929203391075134,
                    0.43610838055610657,
                    0.4196806848049164,
                    0.3714621663093567
                ],
                "key_ts": [
                    -0.0021194000728428364,
                    0.007195735815912485,
                    -0.00913858599960804,
                    0.0030826269648969173,
                    -0.008218606002628803,
                    0.0011925717117264867,
                    -0.007944895885884762,
                    -0.0007388524827547371,
                    -0.004306611139327288,
                    -0.0038386445958167315,
                    -0.0019292455399408937,
                    -0.0024741992820054293,
                    -0.006309869233518839,
                    0.006175267975777388,
                    0.0021632888820022345,
                    -0.005373169202357531,
                    0.004345031455159187,
                    -0.0031671924516558647,
                    0.0014518436510115862,
                    -0.000638621742837131
                ]
            },
            "optimizer_parameters": {
                "y_lr": 0.05,
                "t_lr": 0.05,
                "scheduler_step_size": 10,
                "scheduler_gamma": 0.99
            }
        },
        "thickness_spline": {
            "parameters": {
                "key_xs": [
                    0.0,
                    0.30000001192092896,
                    0.5,
                    0.699999988079071,
                    1.0
                ],
                "key_ys": [
                    0.0,
                    0.029999999329447746,
                    0.03999999910593033,
                    0.029999999329447746,
                    0.0
                ],
                "key_ts": [
                    0.05000000074505806,
                    0.009999999776482582,
                    0.0,
                    -0.009999999776482582,
                    -0.05000000074505806
                ]
            },
            "optimizer_parameters": {
                "y_lr": 0.05,
                "t_lr": 0.05,
                "scheduler_step_size": 10,
                "scheduler_gamma": 0.99
            }
        },
        "uv_reshape_bb": {
            "uv": [
                0.001953125,
                0.3352864583333333
            ],
            "size": [
                0.3138020833333333,
                0.3138020833333333
            ]
        }
    },
    "optimizer_parameters": {
        "uv_lr": 0.005,
        "dir_lr": 0.05,
        "scheduler_step_size": 10,
        "scheduler_gamma": 0.99
    }
}