{
    "parameters": {
        "grow_mode": "single_sided",
        "wave_angle": -1.0471975803375244,
        "start_uv": [
            -0.00843203067779541,
            -0.0006534039275720716
        ],
        "end_uv": [
            -0.007295157760381699,
            1.0010815858840942
        ],
        "start_dir": [
            0.603575587272644
        ],
        "end_dir": [
            -0.6035623550415039
        ],
        "init_height": 0.2,
        "sil_spline": {
            "parameters": {
                "key_xs": [
                    0.0,
                    0.05263157933950424,
                    0.10526315867900848,
                    0.15789473056793213,
                    0.21052631735801697,
                    0.2631579041481018,
                    0.31578946113586426,
                    0.3684210479259491,
                    0.42105263471603394,
                    0.4736842215061188,
                    0.5263158082962036,
                    0.5789473652839661,
                    0.6315789222717285,
                    0.6842105388641357,
                    0.7368420958518982,
                    0.7894736528396606,
                    0.8421052694320679,
                    0.8947368264198303,
                    0.9473684430122375,
                    1.0
                ],
                "key_ys": [
                    0.7172679305076599,
                    0.8006657958030701,
                    0.8044847846031189,
                    0.7535730004310608,
                    0.6864225268363953,
                    0.6297285556793213,
                    0.5838715434074402,
                    0.5496034026145935,
                    0.5318766236305237,
                    0.5313887000083923,
                    0.5300413370132446,
                    0.5490514039993286,
                    0.5908727645874023,
                    0.6520637273788452,
                    0.7603951692581177,
                    0.8684378862380981,
                    0.8584509491920471,
                    0.7850167751312256,
                    0.010109104216098785,
                    0.018299467861652374
                ],
                "key_ts": [
                    0.0042556943371891975,
                    -0.0004183220735285431,
                    -0.001248752698302269,
                    -0.004112879280000925,
                    -0.005477964878082275,
                    -0.003913902677595615,
                    -0.0029841831419616938,
                    -0.0017626925837248564,
                    0.0014275740832090378,
                    0.0010000469628721476,
                    0.0005365594406612217,
                    0.0038284205365926027,
                    0.0067854272201657295,
                    0.0025705152656883,
                    0.00841750018298626,
                    -0.00020412119920365512,
                    -0.00029017869383096695,
                    -0.006267935037612915,
                    0.0009465791517868638,
                    0.0003215489268768579
                ]
            },
            "optimizer_parameters": {
                "y_lr": 0.05,
                "t_lr": 0.05,
                "scheduler_step_size": 10,
                "scheduler_gamma": 0.99
            }
        },
        "thickness_spline": {
            "parameters": {
                "key_xs": [
                    0.0,
                    0.30000001192092896,
                    0.5,
                    0.699999988079071,
                    1.0
                ],
                "key_ys": [
                    0.0,
                    0.009999999776482582,
                    0.012000000104308128,
                    0.009999999776482582,
                    0.0
                ],
                "key_ts": [
                    0.009999999776482582,
                    0.0020000000949949026,
                    0.0,
                    -0.0020000000949949026,
                    -0.009999999776482582
                ]
            },
            "optimizer_parameters": {
                "y_lr": 0.05,
                "t_lr": 0.05,
                "scheduler_step_size": 10,
                "scheduler_gamma": 0.99
            }
        },
        "uv_reshape_bb": {
            "uv": [
                0.001953125,
                0.6686197916666666
            ],
            "size": [
                0.3138020833333333,
                0.3138020833333333
            ]
        }
    },
    "optimizer_parameters": {
        "uv_lr": 0.005,
        "dir_lr": 0.05,
        "scheduler_step_size": 10,
        "scheduler_gamma": 0.99
    }
}