{
    "parameters": {
        "grow_mode": "single_sided",
        "wave_angle": -1.0471975803375244,
        "start_uv": [
            0.302904337644577,
            1.0000194311141968
        ],
        "end_uv": [
            0.39918604493141174,
            1.001762866973877
        ],
        "start_dir": [
            1.0120161771774292
        ],
        "end_dir": [
            -0.36528217792510986
        ],
        "init_height": 0.2,
        "sil_spline": {
            "parameters": {
                "key_xs": [
                    0.0,
                    0.05263157933950424,
                    0.10526315867900848,
                    0.15789473056793213,
                    0.21052631735801697,
                    0.2631579041481018,
                    0.31578946113586426,
                    0.3684210479259491,
                    0.42105263471603394,
                    0.4736842215061188,
                    0.5263158082962036,
                    0.5789473652839661,
                    0.6315789222717285,
                    0.6842105388641357,
                    0.7368420958518982,
                    0.7894736528396606,
                    0.8421052694320679,
                    0.8947368264198303,
                    0.9473684430122375,
                    1.0
                ],
                "key_ys": [
                    0.2922638952732086,
                    0.3171997368335724,
                    0.3375348746776581,
                    0.3593253791332245,
                    0.3814019560813904,
                    0.404315322637558,
                    0.42953062057495117,
                    0.45260459184646606,
                    0.47468721866607666,
                    0.5049061179161072,
                    0.5360445976257324,
                    0.5797044038772583,
                    0.569368839263916,
                    0.40913352370262146,
                    0.2945159673690796,
                    0.19030115008354187,
                    0.08952834457159042,
                    0.06805694848299026,
                    0.04649152606725693,
                    0.03304040804505348
                ],
                "key_ts": [
                    0.0006737999501638114,
                    -0.002539703855291009,
                    0.007201130967587233,
                    -0.0019418057054281235,
                    0.005008721258491278,
                    0.0020210908260196447,
                    0.007791050709784031,
                    0.002211762359365821,
                    0.005591952707618475,
                    0.007580046076327562,
                    0.00583215057849884,
                    0.009505676105618477,
                    0.0015423758886754513,
                    0.009601433761417866,
                    -0.006331466604024172,
                    -0.002937994198873639,
                    -0.0017126355087384582,
                    -0.0008717815508134663,
                    0.00010620965622365475,
                    0.00012852504733018577
                ]
            },
            "optimizer_parameters": {
                "y_lr": 0.05,
                "t_lr": 0.05,
                "scheduler_step_size": 10,
                "scheduler_gamma": 0.99
            }
        },
        "thickness_spline": {
            "parameters": {
                "key_xs": [
                    0.0,
                    0.10000000149011612,
                    0.5,
                    0.8999999761581421,
                    1.0
                ],
                "key_ys": [
                    0.0,
                    0.03999999910593033,
                    0.05000000074505806,
                    0.03999999910593033,
                    0.0
                ],
                "key_ts": [
                    0.07999999821186066,
                    0.019999999552965164,
                    0.0,
                    -0.019999999552965164,
                    -0.07999999821186066
                ]
            },
            "optimizer_parameters": {
                "y_lr": 0.05,
                "t_lr": 0.05,
                "scheduler_step_size": 10,
                "scheduler_gamma": 0.99
            }
        },
        "uv_reshape_bb": {
            "uv": [
                0.3352864583333333,
                0.001953125
            ],
            "size": [
                0.3138020833333333,
                0.3138020833333333
            ]
        }
    },
    "optimizer_parameters": {
        "uv_lr": 0.005,
        "dir_lr": 0.05,
        "scheduler_step_size": 10,
        "scheduler_gamma": 0.99
    }
}