{
    "parameters": {
        "origin_xy": [
            -1.2135015726089478,
            0.08406392484903336
        ],
        "origin_z": 0.0,
        "length_x": 3.184157133102417,
        "length_y": 0.0,
        "length_z": 0.0,
        "uv_reshape_bb": {
            "uv": [
                0.001953125,
                0.001953125
            ],
            "size": [
                0.3138020833333333,
                0.3138020833333333
            ]
        },
        "top_spline": {
            "parameters": {
                "key_xs": [
                    0.0,
                    0.05263157933950424,
                    0.10526315867900848,
                    0.15789473056793213,
                    0.21052631735801697,
                    0.2631579041481018,
                    0.31578946113586426,
                    0.3684210479259491,
                    0.42105263471603394,
                    0.4736842215061188,
                    0.5263158082962036,
                    0.5789473652839661,
                    0.6315789222717285,
                    0.6842105388641357,
                    0.7368420958518982,
                    0.7894736528396606,
                    0.8421052694320679,
                    0.8947368264198303,
                    0.9473684430122375,
                    1.0
                ],
                "key_ys": [
                    0.1723862886428833,
                    0.1731119453907013,
                    0.173466756939888,
                    0.19463220238685608,
                    0.22565491497516632,
                    0.26480633020401,
                    0.3339344561100006,
                    0.38846588134765625,
                    0.38937899470329285,
                    0.38989847898483276,
                    0.3828853666782379,
                    0.3680882751941681,
                    0.3534018099308014,
                    0.3307661712169647,
                    0.30034059286117554,
                    0.2621515393257141,
                    0.22416691482067108,
                    0.18074531853199005,
                    0.13732117414474487,
                    0.03617187216877937
                ],
                "key_ts": [
                    -0.08312305808067322,
                    0.004845817573368549,
                    0.15013836324214935,
                    0.14118418097496033,
                    0.20576244592666626,
                    0.05642702057957649,
                    0.24193263053894043,
                    0.09838897734880447,
                    0.02289818413555622,
                    0.12501496076583862,
                    -0.16504909098148346,
                    -0.12518656253814697,
                    -0.16082504391670227,
                    -0.1301025152206421,
                    -0.20408697426319122,
                    -0.1390973925590515,
                    -0.10508217662572861,
                    -0.2174135148525238,
                    0.04584696516394615,
                    0.006963131949305534
                ]
            },
            "optimizer_parameters": {
                "y_lr": 0.05,
                "t_lr": 0.05,
                "scheduler_step_size": 10,
                "scheduler_gamma": 0.99
            }
        },
        "bottom_spline": {
            "parameters": {
                "key_xs": [
                    0.0,
                    0.05263157933950424,
                    0.10526315867900848,
                    0.15789473056793213,
                    0.21052631735801697,
                    0.2631579041481018,
                    0.31578946113586426,
                    0.3684210479259491,
                    0.42105263471603394,
                    0.4736842215061188,
                    0.5263158082962036,
                    0.5789473652839661,
                    0.6315789222717285,
                    0.6842105388641357,
                    0.7368420958518982,
                    0.7894736528396606,
                    0.8421052694320679,
                    0.8947368264198303,
                    0.9473684430122375,
                    1.0
                ],
                "key_ys": [
                    0.19563351571559906,
                    0.17106685042381287,
                    0.16933827102184296,
                    0.16999472677707672,
                    0.17780713737010956,
                    0.24805863201618195,
                    0.3219107687473297,
                    0.35871046781539917,
                    0.372323215007782,
                    0.43548890948295593,
                    0.4923458993434906,
                    0.5222802758216858,
                    0.5140677690505981,
                    0.49318766593933105,
                    0.4540199339389801,
                    0.3921659588813782,
                    0.31982123851776123,
                    0.23905399441719055,
                    0.1472402662038803,
                    -0.01608695648610592
                ],
                "key_ts": [
                    -0.12387344241142273,
                    0.08441603183746338,
                    0.16646616160869598,
                    0.24798934161663055,
                    0.05026637762784958,
                    0.20424263179302216,
                    0.3206101357936859,
                    -0.1592235416173935,
                    0.2800377607345581,
                    0.2906339168548584,
                    -0.0911048874258995,
                    0.09283848851919174,
                    -0.15732285380363464,
                    -0.11160175502300262,
                    -0.15839225053787231,
                    -0.1551843136548996,
                    -0.14246866106987,
                    -0.10789787024259567,
                    -0.13564439117908478,
                    0.034159306436777115
                ]
            },
            "optimizer_parameters": {
                "y_lr": 0.05,
                "t_lr": 0.05,
                "scheduler_step_size": 10,
                "scheduler_gamma": 0.99
            }
        },
        "thickness_spline": {
            "parameters": {
                "key_xs": [
                    0.0,
                    0.10000000149011612,
                    0.20000000298023224,
                    0.30000001192092896,
                    0.4000000059604645,
                    0.6000000238418579,
                    0.699999988079071,
                    0.800000011920929,
                    0.8999999761581421,
                    1.0
                ],
                "key_ys": [
                    0.0,
                    0.6000000238418579,
                    0.75,
                    0.8299999833106995,
                    0.8999999761581421,
                    0.8500000238418579,
                    0.75,
                    0.6000000238418579,
                    0.4000000059604645,
                    0.0
                ],
                "key_ts": [
                    5.0,
                    4.0,
                    2.0,
                    1.0,
                    0.10000000149011612,
                    -0.10000000149011612,
                    -0.5,
                    -0.699999988079071,
                    -1.0,
                    -4.0
                ]
            },
            "optimizer_parameters": {
                "y_lr": 0.05,
                "t_lr": 0.05,
                "scheduler_step_size": 10,
                "scheduler_gamma": 0.99
            }
        },