{
    "parameters": {
        "grow_mode": "double_sided",
        "wave_angle": -1.2000000476837158,
        "start_uv": [
            0.7934002876281738,
            0.18117249011993408
        ],
        "end_uv": [
            0.7713311314582825,
            0.24874629080295563
        ],
        "start_dir": [
            -0.6770660281181335
        ],
        "end_dir": [
            -1.1780751943588257
        ],
        "init_height": 0.2,
        "sil_spline": {
            "parameters": {
                "key_xs": [
                    0.0,
                    0.05263157933950424,
                    0.10526315867900848,
                    0.15789473056793213,
                    0.21052631735801697,
                    0.2631579041481018,
                    0.31578946113586426,
                    0.3684210479259491,
                    0.42105263471603394,
                    0.4736842215061188,
                    0.5263158082962036,
                    0.5789473652839661,
                    0.6315789222717285,
                    0.6842105388641357,
                    0.7368420958518982,
                    0.7894736528396606,
                    0.8421052694320679,
                    0.8947368264198303,
                    0.9473684430122375,
                    1.0
                ],
                "key_ys": [
                    0.25502416491508484,
                    0.3168608248233795,
                    0.33355674147605896,
                    0.41459158062934875,
                    0.4394809901714325,
                    0.4992354214191437,
                    0.5320742726325989,
                    0.5556034445762634,
                    0.5776322484016418,
                    0.6007611155509949,
                    0.6235765814781189,
                    0.6369503736495972,
                    0.6440627574920654,
                    0.6524947881698608,
                    0.6396137475967407,
                    -0.09516625106334686,
                    0.0949939638376236,
                    0.04170610010623932,
                    0.044935211539268494,
                    0.024559510871767998
                ],
                "key_ts": [
                    0.0005355019820854068,
                    -0.0004868327814619988,
                    -0.0020068020094186068,
                    0.0019940854981541634,
                    -0.0019345894688740373,
                    0.005680232308804989,
                    -0.0016358261927962303,
                    0.0018765953136608005,
                    0.0017823405796661973,
                    4.2986550397472456e-05,
                    0.004779084585607052,
                    -0.003858213545754552,
                    0.002011687494814396,
                    -0.0014747105306014419,
                    -0.0038577252998948097,
                    0.004434171598404646,
                    -0.00036220939364284277,
                    -0.00032246808405034244,
                    7.276131509570405e-05,
                    0.0003079016460105777
                ]
            },
            "optimizer_parameters": {
                "y_lr": 0.05,
                "t_lr": 0.05,
                "scheduler_step_size": 10,
                "scheduler_gamma": 0.99
            }
        },
        "thickness_spline": {
            "parameters": {
                "key_xs": [
                    0.0,
                    0.30000001192092896,
                    0.5,
                    0.699999988079071,
                    1.0
                ],
                "key_ys": [
                    0.0,
                    0.009999999776482582,
                    0.013000000268220901,
                    0.009999999776482582,
                    0.0
                ],
                "key_ts": [
                    0.009999999776482582,
                    0.0020000000949949026,
                    0.0,
                    -0.0020000000949949026,
                    -0.009999999776482582
                ]
            },
            "optimizer_parameters": {
                "y_lr": 0.05,
                "t_lr": 0.05,
                "scheduler_step_size": 10,
                "scheduler_gamma": 0.99
            }
        },
        "uv_reshape_bb": {
            "uv": [
                0.3352864583333333,
                0.3352864583333333
            ],
            "size": [
                0.3138020833333333,
                0.3138020833333333
            ]
        }
    },
    "optimizer_parameters": {
        "uv_lr": 0.005,
        "dir_lr": 0.05,
        "scheduler_step_size": 10,
        "scheduler_gamma": 0.99
    }
}