{
    "parameters": {
        "grow_mode": "single_sided",
        "wave_angle": -1.0471975803375244,
        "start_uv": [
            0.5192180871963501,
            -0.0032244010362774134
        ],
        "end_uv": [
            0.49344563484191895,
            -0.0034656848292797804
        ],
        "start_dir": [
            -0.16039252281188965
        ],
        "end_dir": [
            -1.2214192152023315
        ],
        "init_height": 0.2,
        "sil_spline": {
            "parameters": {
                "key_xs": [
                    0.0,
                    0.05263157933950424,
                    0.10526315867900848,
                    0.15789473056793213,
                    0.21052631735801697,
                    0.2631579041481018,
                    0.31578946113586426,
                    0.3684210479259491,
                    0.42105263471603394,
                    0.4736842215061188,
                    0.5263158082962036,
                    0.5789473652839661,
                    0.6315789222717285,
                    0.6842105388641357,
                    0.7368420958518982,
                    0.7894736528396606,
                    0.8421052694320679,
                    0.8947368264198303,
                    0.9473684430122375,
                    1.0
                ],
                "key_ys": [
                    0.3420167565345764,
                    0.4330160617828369,
                    0.43398165702819824,
                    0.4268054962158203,
                    0.41704943776130676,
                    0.4071248173713684,
                    0.3980817496776581,
                    0.3863876760005951,
                    0.3752698302268982,
                    0.36665454506874084,
                    0.3579820990562439,
                    0.34999606013298035,
                    0.3408333361148834,
                    0.3280002176761627,
                    0.31841909885406494,
                    0.308932900428772,
                    0.3032069802284241,
                    0.2722114324569702,
                    0.09309451282024384,
                    0.11197995394468307
                ],
                "key_ts": [
                    0.0005937719251960516,
                    0.0030440236441791058,
                    -0.0043174028396606445,
                    0.00210685096681118,
                    0.0015484342584386468,
                    -0.002559367334470153,
                    0.0008551867795176804,
                    -0.004732491914182901,
                    -0.003730793483555317,
                    -0.003822804894298315,
                    -0.000133566529257223,
                    -5.7752786233322695e-06,
                    -0.003151652403175831,
                    -0.0017394074238836765,
                    -0.0010596516076475382,
                    -0.0017894413322210312,
                    0.002363618230447173,
                    -0.0014330291887745261,
                    -0.0014522355049848557,
                    -2.051569572358858e-05
                ]
            },
            "optimizer_parameters": {
                "y_lr": 0.05,
                "t_lr": 0.05,
                "scheduler_step_size": 10,
                "scheduler_gamma": 0.99
            }
        },
        "thickness_spline": {
            "parameters": {
                "key_xs": [
                    0.0,
                    1.0
                ],
                "key_ys": [
                    0.0,
                    0.0
                ],
                "key_ts": [
                    0.0,
                    0.0
                ]
            },
            "optimizer_parameters": {
                "y_lr": 0,
                "t_lr": 0,
                "scheduler_step_size": 0,
                "scheduler_gamma": 0
            }
        },
        "uv_reshape_bb": {
            "uv": [
                0.3352864583333333,
                0.6686197916666666
            ],
            "size": [
                0.3138020833333333,
                0.3138020833333333
            ]
        }
    },
    "optimizer_parameters": {
        "uv_lr": 0.005,
        "dir_lr": 0.05,
        "scheduler_step_size": 10,
        "scheduler_gamma": 0.99
    }
}