{
    "parameters": {
        "start_uv": [
            0.19504471123218536,
            -0.00020493338524829596
        ],
        "end_uv": [
            0.09920333325862885,
            -0.00030719503411091864
        ],
        "start_dir": [
            -0.45588359236717224
        ],
        "end_dir": [
            -0.7777283191680908
        ],
        "init_height": 0.2,
        "sil_spline": {
            "parameters": {
                "key_xs": [
                    0.0,
                    0.05263157933950424,
                    0.10526315867900848,
                    0.15789473056793213,
                    0.21052631735801697,
                    0.2631579041481018,
                    0.31578946113586426,
                    0.3684210479259491,
                    0.42105263471603394,
                    0.4736842215061188,
                    0.5263158082962036,
                    0.5789473652839661,
                    0.6315789222717285,
                    0.6842105388641357,
                    0.7368420958518982,
                    0.7894736528396606,
                    0.8421052694320679,
                    0.8947368264198303,
                    0.9473684430122375,
                    1.0
                ],
                "key_ys": [
                    0.35992783308029175,
                    0.38438376784324646,
                    0.4387192726135254,
                    0.5313675999641418,
                    0.758675217628479,
                    0.7431911826133728,
                    0.7162373065948486,
                    0.6826580762863159,
                    0.6560695767402649,
                    0.6928209066390991,
                    0.6601308584213257,
                    0.6336383819580078,
                    0.6086650490760803,
                    0.5842785835266113,
                    0.5358386039733887,
                    0.4959109425544739,
                    0.4477199614048004,
                    0.4178113341331482,
                    0.3811011016368866,
                    0.33125966787338257
                ],
                "key_ts": [
                    -0.008489144034683704,
                    0.015151336789131165,
                    -0.019975557923316956,
                    0.024510538205504417,
                    -0.013539215549826622,
                    0.00014607344928663224,
                    -0.005384656134992838,
                    -0.004202613607048988,
                    0.0049918475560843945,
                    -0.014170892536640167,
                    -0.0032667843624949455,
                    -0.008499092422425747,
                    -0.004467474762350321,
                    -0.002695135772228241,
                    -0.012478560209274292,
                    -0.009830724447965622,
                    -0.0025907622184604406,
                    0.005797137971967459,
                    -0.013223362155258656,
                    0.0035804968792945147
                ]
            },
            "optimizer_parameters": {
                "y_lr": 0.05,
                "t_lr": 0.05,
                "scheduler_step_size": 10,
                "scheduler_gamma": 0.99
            }
        },
        "thickness_spline": {
            "parameters": {
                "key_xs": [
                    0.0,
                    0.3,
                    0.5,
                    0.7,
                    1.0
                ],
                "key_ys": [
                    0.0,
                    0.03,
                    0.04,
                    0.03,
                    0.0
                ],
                "key_ts": [
                    0.05,
                    0.01,
                    0.0,
                    -0.01,
                    -0.05
                ]
            },
            "optimizer_parameters": {
                "y_lr": 0.05,
                "t_lr": 0.05,
                "scheduler_step_size": 10,
                "scheduler_gamma": 0.99
            }
        }
    },
    "optimizer_parameters": {
        "uv_lr": 0.005,
        "dir_lr": 0.05,
        "scheduler_step_size": 10,
        "scheduler_gamma": 0.99
    }
}