{
    "parameters": {
        "grow_mode": "single_sided",
        "wave_angle": -1.0471975803375244,
        "start_uv": [
            0.33411556482315063,
            -0.004601576831191778
        ],
        "end_uv": [
            0.2528707981109619,
            -0.004818561486899853
        ],
        "start_dir": [
            -1.4874318838119507
        ],
        "end_dir": [
            1.12448251247406
        ],
        "init_height": 0.2,
        "sil_spline": {
            "parameters": {
                "key_xs": [
                    0.0,
                    0.05263157933950424,
                    0.10526315867900848,
                    0.15789473056793213,
                    0.21052631735801697,
                    0.2631579041481018,
                    0.31578946113586426,
                    0.3684210479259491,
                    0.42105263471603394,
                    0.4736842215061188,
                    0.5263158082962036,
                    0.5789473652839661,
                    0.6315789222717285,
                    0.6842105388641357,
                    0.7368420958518982,
                    0.7894736528396606,
                    0.8421052694320679,
                    0.8947368264198303,
                    0.9473684430122375,
                    1.0
                ],
                "key_ys": [
                    0.270498663187027,
                    0.3948834538459778,
                    0.24037976562976837,
                    0.17579497396945953,
                    -0.014433776959776878,
                    -0.015568706206977367,
                    -0.015525753609836102,
                    0.017152320593595505,
                    0.05529092624783516,
                    0.058071959763765335,
                    0.06266438961029053,
                    0.06913331896066666,
                    0.07500424236059189,
                    0.07665880024433136,
                    0.07932260632514954,
                    0.08166436105966568,
                    0.0895993709564209,
                    0.1047125831246376,
                    0.1230430081486702,
                    0.15261714160442352
                ],
                "key_ts": [
                    0.002952840644866228,
                    -0.0008307049283757806,
                    -0.0005562403239309788,
                    -0.0006478119757957757,
                    -0.00011400179209886119,
                    0.00017714164278004318,
                    0.00014581439609173685,
                    0.0003390124475117773,
                    0.0006092738476581872,
                    -0.00028248480521142483,
                    0.0009621314238756895,
                    -0.0010686229215934873,
                    0.00035231345100328326,
                    -0.0005098192486912012,
                    0.00029857055051252246,
                    -0.00021254579769447446,
                    0.00019536585023161024,
                    -0.0005155599792487919,
                    0.0006959849852137268,
                    5.028059968026355e-05
                ]
            },
            "optimizer_parameters": {
                "y_lr": 0.05,
                "t_lr": 0.05,
                "scheduler_step_size": 10,
                "scheduler_gamma": 0.99
            }
        },
        "thickness_spline": {
            "parameters": {
                "key_xs": [
                    0.0,
                    0.30000001192092896,
                    0.5,
                    0.699999988079071,
                    1.0
                ],
                "key_ys": [
                    0.0,
                    0.029999999329447746,
                    0.03999999910593033,
                    0.029999999329447746,
                    0.0
                ],
                "key_ts": [
                    0.05000000074505806,
                    0.009999999776482582,
                    0.0,
                    -0.009999999776482582,
                    -0.05000000074505806
                ]
            },
            "optimizer_parameters": {
                "y_lr": 0.05,
                "t_lr": 0.05,
                "scheduler_step_size": 10,
                "scheduler_gamma": 0.99
            }
        },
        "uv_reshape_bb": {
            "uv": [
                0.001953125,
                0.3352864583333333
            ],
            "size": [
                0.3138020833333333,
                0.3138020833333333
            ]
        }
    },
    "optimizer_parameters": {
        "uv_lr": 0.005,
        "dir_lr": 0.05,
        "scheduler_step_size": 10,
        "scheduler_gamma": 0.99
    }
}