{
    "parameters": {
        "grow_mode": "single_sided",
        "wave_angle": -1.0471975803375244,
        "start_uv": [
            -0.004135257098823786,
            0.30005425214767456
        ],
        "end_uv": [
            -0.006809404119849205,
            0.9318713545799255
        ],
        "start_dir": [
            0.036147840321063995
        ],
        "end_dir": [
            -3.0429441928863525
        ],
        "init_height": 0.2,
        "sil_spline": {
            "parameters": {
                "key_xs": [
                    0.0,
                    0.05263157933950424,
                    0.10526315867900848,
                    0.15789473056793213,
                    0.21052631735801697,
                    0.2631579041481018,
                    0.31578946113586426,
                    0.3684210479259491,
                    0.42105263471603394,
                    0.4736842215061188,
                    0.5263158082962036,
                    0.5789473652839661,
                    0.6315789222717285,
                    0.6842105388641357,
                    0.7368420958518982,
                    0.7894736528396606,
                    0.8421052694320679,
                    0.8947368264198303,
                    0.9473684430122375,
                    1.0
                ],
                "key_ys": [
                    0.14544425904750824,
                    0.13882847130298615,
                    0.1472284495830536,
                    0.15431679785251617,
                    0.1793036311864853,
                    0.22239157557487488,
                    0.2887267768383026,
                    0.8394485116004944,
                    -0.0020586098544299603,
                    -0.012715859338641167,
                    0.055933717638254166,
                    0.012835133820772171,
                    0.028414541855454445,
                    0.023155633360147476,
                    0.016203615814447403,
                    0.020099874585866928,
                    0.006927935406565666,
                    -0.000844128371682018,
                    -0.0021850024349987507,
                    -0.007403847761452198
                ],
                "key_ts": [
                    -0.001243381411768496,
                    0.005778968799859285,
                    -0.0012326251016929746,
                    0.004999923054128885,
                    -0.006998338736593723,
                    0.007965329103171825,
                    -0.00762264896184206,
                    -0.003938510548323393,
                    -0.0005028915475122631,
                    0.0006907862843945622,
                    -0.0001475862372899428,
                    5.956429595244117e-05,
                    -3.9669186662649736e-05,
                    -3.031057531188708e-06,
                    2.0798022433154983e-06,
                    -4.803848423762247e-05,
                    -0.00018584942154120654,
                    -5.1982144213980064e-05,
                    -7.081005605868995e-05,
                    0.00019157594942953438
                ]
            },
            "optimizer_parameters": {
                "y_lr": 0.05,
                "t_lr": 0.05,
                "scheduler_step_size": 10,
                "scheduler_gamma": 0.99
            }
        },
        "thickness_spline": {
            "parameters": {
                "key_xs": [
                    0.0,
                    0.30000001192092896,
                    0.5,
                    0.699999988079071,
                    1.0
                ],
                "key_ys": [
                    0.0,
                    0.009999999776482582,
                    0.012000000104308128,
                    0.009999999776482582,
                    0.0
                ],
                "key_ts": [
                    0.009999999776482582,
                    0.0020000000949949026,
                    0.0,
                    -0.0020000000949949026,
                    -0.009999999776482582
                ]
            },
            "optimizer_parameters": {
                "y_lr": 0.05,
                "t_lr": 0.05,
                "scheduler_step_size": 10,
                "scheduler_gamma": 0.99
            }
        },
        "uv_reshape_bb": {
            "uv": [
                0.001953125,
                0.6686197916666666
            ],
            "size": [
                0.3138020833333333,
                0.3138020833333333
            ]
        }
    },
    "optimizer_parameters": {
        "uv_lr": 0.005,
        "dir_lr": 0.05,
        "scheduler_step_size": 10,
        "scheduler_gamma": 0.99
    }
}