{
    "parameters": {
        "grow_mode": "single_sided",
        "wave_angle": -1.0471975803375244,
        "start_uv": [
            0.3249439299106598,
            1.0048565864562988
        ],
        "end_uv": [
            0.3809385597705841,
            1.0051592588424683
        ],
        "start_dir": [
            -0.3989975154399872
        ],
        "end_dir": [
            -0.6581396460533142
        ],
        "init_height": 0.2,
        "sil_spline": {
            "parameters": {
                "key_xs": [
                    0.0,
                    0.05263157933950424,
                    0.10526315867900848,
                    0.15789473056793213,
                    0.21052631735801697,
                    0.2631579041481018,
                    0.31578946113586426,
                    0.3684210479259491,
                    0.42105263471603394,
                    0.4736842215061188,
                    0.5263158082962036,
                    0.5789473652839661,
                    0.6315789222717285,
                    0.6842105388641357,
                    0.7368420958518982,
                    0.7894736528396606,
                    0.8421052694320679,
                    0.8947368264198303,
                    0.9473684430122375,
                    1.0
                ],
                "key_ys": [
                    0.17072714865207672,
                    0.15800973773002625,
                    0.15543995797634125,
                    0.1391158550977707,
                    0.11528521776199341,
                    0.11732236295938492,
                    0.1052706241607666,
                    -0.0066316500306129456,
                    0.10176040232181549,
                    0.0303638968616724,
                    0.054737452417612076,
                    0.04655591398477554,
                    0.03579934313893318,
                    0.03917820006608963,
                    0.03677165135741234,
                    0.02098732627928257,
                    -0.007937755435705185,
                    -0.012576203793287277,
                    -0.01843397133052349,
                    -0.02431841753423214
                ],
                "key_ts": [
                    -0.00015014786913525313,
                    -0.0006931393872946501,
                    0.0005052922642789781,
                    -0.00011101478594355285,
                    5.641157986246981e-05,
                    -0.00019630958558991551,
                    3.214559183106758e-05,
                    3.348812970216386e-05,
                    0.0010388059308752418,
                    -0.0004078180354554206,
                    -0.001076657441444695,
                    -0.001893988810479641,
                    0.0007239211117848754,
                    -0.0015599897596985102,
                    0.0008131652721203864,
                    -0.00010166368156205863,
                    -0.00015127082588151097,
                    -0.00031359869171865284,
                    -0.00024375382054131478,
                    0.00045076708192937076
                ]
            },
            "optimizer_parameters": {
                "y_lr": 0.05,
                "t_lr": 0.05,
                "scheduler_step_size": 10,
                "scheduler_gamma": 0.99
            }
        },
        "thickness_spline": {
            "parameters": {
                "key_xs": [
                    0.0,
                    0.10000000149011612,
                    0.5,
                    0.8999999761581421,
                    1.0
                ],
                "key_ys": [
                    0.0,
                    0.009999999776482582,
                    0.019999999552965164,
                    0.009999999776482582,
                    0.0
                ],
                "key_ts": [
                    0.019999999552965164,
                    0.009999999776482582,
                    0.0,
                    -0.009999999776482582,
                    -0.019999999552965164
                ]
            },
            "optimizer_parameters": {
                "y_lr": 0.05,
                "t_lr": 0.05,
                "scheduler_step_size": 10,
                "scheduler_gamma": 0.99
            }
        },
        "uv_reshape_bb": {
            "uv": [
                0.3352864583333333,
                0.001953125
            ],
            "size": [
                0.3138020833333333,
                0.3138020833333333
            ]
        }
    },
    "optimizer_parameters": {
        "uv_lr": 0.005,
        "dir_lr": 0.05,
        "scheduler_step_size": 10,
        "scheduler_gamma": 0.99
    }
}