{
    "parameters": {
        "grow_mode": "single_sided",
        "wave_angle": -1.0471975803375244,
        "start_uv": [
            0.4070102870464325,
            1.0053223371505737
        ],
        "end_uv": [
            0.5845370292663574,
            1.0048123598098755
        ],
        "start_dir": [
            -0.1509702354669571
        ],
        "end_dir": [
            0.020144147798419
        ],
        "init_height": 0.2,
        "sil_spline": {
            "parameters": {
                "key_xs": [
                    0.0,
                    0.05263157933950424,
                    0.10526315867900848,
                    0.15789473056793213,
                    0.21052631735801697,
                    0.2631579041481018,
                    0.31578946113586426,
                    0.3684210479259491,
                    0.42105263471603394,
                    0.4736842215061188,
                    0.5263158082962036,
                    0.5789473652839661,
                    0.6315789222717285,
                    0.6842105388641357,
                    0.7368420958518982,
                    0.7894736528396606,
                    0.8421052694320679,
                    0.8947368264198303,
                    0.9473684430122375,
                    1.0
                ],
                "key_ys": [
                    0.23824304342269897,
                    0.32880544662475586,
                    0.42846354842185974,
                    0.37886446714401245,
                    0.5017753839492798,
                    0.5052281022071838,
                    0.5845057368278503,
                    0.6156376004219055,
                    0.5812780261039734,
                    0.7167260646820068,
                    0.7165077924728394,
                    0.7148852348327637,
                    0.8096607327461243,
                    0.8331008553504944,
                    0.7703483700752258,
                    0.9192029237747192,
                    0.9481325149536133,
                    0.9559006690979004,
                    0.8958942890167236,
                    0.6493244171142578
                ],
                "key_ts": [
                    0.0052970945835113525,
                    -0.005487766116857529,
                    0.00588856590911746,
                    -0.0034616938792169094,
                    0.006493968423455954,
                    -0.006123899947851896,
                    0.004818839021027088,
                    -0.004649137146770954,
                    0.007660620845854282,
                    -0.0009773746132850647,
                    0.0021968309301882982,
                    0.0018237148178741336,
                    0.002442503347992897,
                    -0.0010683898581191897,
                    0.0032598068937659264,
                    0.003828042419627309,
                    0.0012887436896562576,
                    -0.00405416265130043,
                    0.0016804826445877552,
                    -0.0013928943080827594
                ]
            },
            "optimizer_parameters": {
                "y_lr": 0.05,
                "t_lr": 0.05,
                "scheduler_step_size": 10,
                "scheduler_gamma": 0.99
            }
        },
        "thickness_spline": {
            "parameters": {
                "key_xs": [
                    0.0,
                    0.10000000149011612,
                    0.5,
                    0.8999999761581421,
                    1.0
                ],
                "key_ys": [
                    0.0,
                    0.03999999910593033,
                    0.05000000074505806,
                    0.03999999910593033,
                    0.0
                ],
                "key_ts": [
                    0.07999999821186066,
                    0.019999999552965164,
                    0.0,
                    -0.019999999552965164,
                    -0.07999999821186066
                ]
            },
            "optimizer_parameters": {
                "y_lr": 0.05,
                "t_lr": 0.05,
                "scheduler_step_size": 10,
                "scheduler_gamma": 0.99
            }
        },
        "uv_reshape_bb": {
            "uv": [
                0.3352864583333333,
                0.3352864583333333
            ],
            "size": [
                0.3138020833333333,
                0.3138020833333333
            ]
        }
    },
    "optimizer_parameters": {
        "uv_lr": 0.005,
        "dir_lr": 0.05,
        "scheduler_step_size": 10,
        "scheduler_gamma": 0.99
    }
}