{
    "parameters": {
        "origin_xy": [
            -1.4573876857757568,
            0.23166809976100922
        ],
        "origin_z": 0.0,
        "length_x": 2.9306819438934326,
        "length_y": 0.0,
        "length_z": 0.0,
        "uv_reshape_bb": {
            "uv": [
                0.001953125,
                0.001953125
            ],
            "size": [
                0.3138020833333333,
                0.3138020833333333
            ]
        },
        "top_spline": {
            "parameters": {
                "key_xs": [
                    0.0,
                    0.05263157933950424,
                    0.10526315867900848,
                    0.15789473056793213,
                    0.21052631735801697,
                    0.2631579041481018,
                    0.31578946113586426,
                    0.3684210479259491,
                    0.42105263471603394,
                    0.4736842215061188,
                    0.5263158082962036,
                    0.5789473652839661,
                    0.6315789222717285,
                    0.6842105388641357,
                    0.7368420958518982,
                    0.7894736528396606,
                    0.8421052694320679,
                    0.8947368264198303,
                    0.9473684430122375,
                    1.0
                ],
                "key_ys": [
                    -0.010175309143960476,
                    -0.010477370582520962,
                    0.037818245589733124,
                    0.19995497167110443,
                    0.3203507661819458,
                    0.43908458948135376,
                    0.5388482809066772,
                    0.6153642535209656,
                    0.6935796141624451,
                    0.737267017364502,
                    0.7578770518302917,
                    0.7373606562614441,
                    0.692961573600769,
                    0.6337674856185913,
                    0.5525392889976501,
                    0.4311663806438446,
                    0.26328355073928833,
                    0.06901154667139053,
                    -0.09397029131650925,
                    0.020525148138403893
                ],
                "key_ts": [
                    -0.11250116676092148,
                    -0.01466786302626133,
                    0.22707867622375488,
                    0.25896528363227844,
                    0.10194031894207001,
                    0.20430007576942444,
                    0.21636004745960236,
                    0.12845076620578766,
                    0.20947936177253723,
                    0.021969666704535484,
                    -0.2693333029747009,
                    0.12846827507019043,
                    -0.1632009595632553,
                    -0.14144499599933624,
                    -0.20502923429012299,
                    -0.19026927649974823,
                    -0.15475505590438843,
                    -0.3120328187942505,
                    0.1364670842885971,
                    0.04529384523630142
                ]
            },
            "optimizer_parameters": {
                "y_lr": 0.05,
                "t_lr": 0.05,
                "scheduler_step_size": 10,
                "scheduler_gamma": 0.99
            }
        },
        "bottom_spline": {
            "parameters": {
                "key_xs": [
                    0.0,
                    0.05263157933950424,
                    0.10526315867900848,
                    0.15789473056793213,
                    0.21052631735801697,
                    0.2631579041481018,
                    0.31578946113586426,
                    0.3684210479259491,
                    0.42105263471603394,
                    0.4736842215061188,
                    0.5263158082962036,
                    0.5789473652839661,
                    0.6315789222717285,
                    0.6842105388641357,
                    0.7368420958518982,
                    0.7894736528396606,
                    0.8421052694320679,
                    0.8947368264198303,
                    0.9473684430122375,
                    1.0
                ],
                "key_ys": [
                    0.15543992817401886,
                    0.22960121929645538,
                    0.3582586944103241,
                    0.5514585971832275,
                    0.690045177936554,
                    0.8010329008102417,
                    0.8789424300193787,
                    0.9477750062942505,
                    1.0094683170318604,
                    1.0552126169204712,
                    1.0726598501205444,
                    1.05328369140625,
                    1.0299792289733887,
                    0.9897974133491516,
                    0.9184769988059998,
                    0.8099770545959473,
                    0.6614863276481628,
                    0.4741974174976349,
                    0.22476810216903687,
                    -0.019942790269851685
                ],
                "key_ts": [
                    -0.05928323045372963,
                    -0.04956614226102829,
                    0.29850244522094727,
                    0.09854358434677124,
                    0.19977150857448578,
                    0.05561758577823639,
                    0.10142096132040024,
                    0.22489917278289795,
                    0.11422014981508255,
                    0.12104996293783188,
                    -0.2604215443134308,
                    0.04895547032356262,
                    -0.14942583441734314,
                    -0.12713070213794708,
                    -0.06941229104995728,
                    -0.19244344532489777,
                    -0.05752095952630043,
                    -0.194459930062294,
                    -0.3211885392665863,
                    0.20486122369766235
                ]
            },
            "optimizer_parameters": {
                "y_lr": 0.05,
                "t_lr": 0.05,
                "scheduler_step_size": 10,
                "scheduler_gamma": 0.99
            }
        },
        "thickness_spline": {
            "parameters": {
                "key_xs": [
                    0.0,
                    0.10000000149011612,
                    0.20000000298023224,
                    0.30000001192092896,
                    0.4000000059604645,
                    0.6000000238418579,
                    0.699999988079071,
                    0.800000011920929,
                    0.8999999761581421,
                    1.0
                ],
                "key_ys": [
                    0.0,
                    0.6000000238418579,
                    0.75,
                    0.8299999833106995,
                    0.8999999761581421,
                    0.8500000238418579,
                    0.75,
                    0.6000000238418579,
                    0.4000000059604645,
                    0.0
                ],
                "key_ts": [
                    5.0,
                    4.0,
                    2.0,
                    1.0,
                    0.10000000149011612,
                    -0.10000000149011612,
                    -0.5,
                    -0.699999988079071,
                    -1.0,
                    -4.0
                ]
            },
            "optimizer_parameters": {
                "y_lr": 0.05,
                "t_lr": 0.05,
                "scheduler_step_size": 10,
                "scheduler_gamma": 0.99
            }
        },