{
    "parameters": {
        "grow_mode": "double_sided",
        "wave_angle": -1.2000000476837158,
        "start_uv": [
            0.5053905844688416,
            0.3093559145927429
        ],
        "end_uv": [
            0.5284148454666138,
            0.3313884139060974
        ],
        "start_dir": [
            -0.0931519940495491
        ],
        "end_dir": [
            -0.9595922231674194
        ],
        "init_height": 0.2,
        "sil_spline": {
            "parameters": {
                "key_xs": [
                    0.0,
                    0.05263157933950424,
                    0.10526315867900848,
                    0.15789473056793213,
                    0.21052631735801697,
                    0.2631579041481018,
                    0.31578946113586426,
                    0.3684210479259491,
                    0.42105263471603394,
                    0.4736842215061188,
                    0.5263158082962036,
                    0.5789473652839661,
                    0.6315789222717285,
                    0.6842105388641357,
                    0.7368420958518982,
                    0.7894736528396606,
                    0.8421052694320679,
                    0.8947368264198303,
                    0.9473684430122375,
                    1.0
                ],
                "key_ys": [
                    0.23982477188110352,
                    0.26462534070014954,
                    0.23595096170902252,
                    0.07857131958007812,
                    0.13420982658863068,
                    0.11961890012025833,
                    0.11830849200487137,
                    0.10364441573619843,
                    0.09189476072788239,
                    0.07815813273191452,
                    0.07418045401573181,
                    0.07414335012435913,
                    0.04748586192727089,
                    0.05854446813464165,
                    0.05109906196594238,
                    0.05183768272399902,
                    0.048815663903951645,
                    0.04036270081996918,
                    0.025053182616829872,
                    0.014497960917651653
                ],
                "key_ts": [
                    -0.0006871034856885672,
                    0.006387375295162201,
                    0.0013012681156396866,
                    -0.0012627452379092574,
                    -0.00011010652815457433,
                    0.00024348461010959,
                    0.00024734699400141835,
                    -0.00010885957453865558,
                    0.00019435219292063266,
                    0.00022827195061836392,
                    -0.0001475075405323878,
                    -0.000413915840908885,
                    -1.8835195078281686e-05,
                    2.4234437660197727e-05,
                    -0.00023897335631772876,
                    -0.0002899814280681312,
                    0.00027649616822600365,
                    -0.00018047558842226863,
                    -0.0002790573926176876,
                    0.00029993170755915344
                ]
            },
            "optimizer_parameters": {
                "y_lr": 0.05,
                "t_lr": 0.05,
                "scheduler_step_size": 10,
                "scheduler_gamma": 0.99
            }
        },
        "thickness_spline": {
            "parameters": {
                "key_xs": [
                    0.0,
                    0.30000001192092896,
                    0.5,
                    0.699999988079071,
                    1.0
                ],
                "key_ys": [
                    0.0,
                    0.009999999776482582,
                    0.013000000268220901,
                    0.009999999776482582,
                    0.0
                ],
                "key_ts": [
                    0.009999999776482582,
                    0.0020000000949949026,
                    0.0,
                    -0.0020000000949949026,
                    -0.009999999776482582
                ]
            },
            "optimizer_parameters": {
                "y_lr": 0.05,
                "t_lr": 0.05,
                "scheduler_step_size": 10,
                "scheduler_gamma": 0.99
            }
        },
        "uv_reshape_bb": {
            "uv": [
                0.3352864583333333,
                0.6686197916666666
            ],
            "size": [
                0.3138020833333333,
                0.3138020833333333
            ]
        }
    },
    "optimizer_parameters": {
        "uv_lr": 0.005,
        "dir_lr": 0.05,
        "scheduler_step_size": 10,
        "scheduler_gamma": 0.99
    }
}