{
    "parameters": {
        "grow_mode": "single_sided",
        "wave_angle": -1.0471975803375244,
        "start_uv": [
            0.5219500064849854,
            -0.0042487857863307
        ],
        "end_uv": [
            0.4455046057701111,
            -0.005550830624997616
        ],
        "start_dir": [
            -0.16776351630687714
        ],
        "end_dir": [
            -0.7223811149597168
        ],
        "init_height": 0.2,
        "sil_spline": {
            "parameters": {
                "key_xs": [
                    0.0,
                    0.05263157933950424,
                    0.10526315867900848,
                    0.15789473056793213,
                    0.21052631735801697,
                    0.2631579041481018,
                    0.31578946113586426,
                    0.3684210479259491,
                    0.42105263471603394,
                    0.4736842215061188,
                    0.5263158082962036,
                    0.5789473652839661,
                    0.6315789222717285,
                    0.6842105388641357,
                    0.7368420958518982,
                    0.7894736528396606,
                    0.8421052694320679,
                    0.8947368264198303,
                    0.9473684430122375,
                    1.0
                ],
                "key_ys": [
                    0.06000193580985069,
                    0.3705260753631592,
                    0.5502643585205078,
                    0.6911382079124451,
                    0.8405901789665222,
                    0.8139040470123291,
                    0.7276617288589478,
                    0.6731765270233154,
                    0.5894477367401123,
                    0.5319909453392029,
                    0.4853709638118744,
                    0.39964374899864197,
                    0.3806343078613281,
                    0.28347453474998474,
                    0.18097637593746185,
                    0.16128848493099213,
                    0.13033144176006317,
                    0.1033882349729538,
                    0.08154765516519547,
                    0.06187727674841881
                ],
                "key_ts": [
                    0.002862241817638278,
                    -0.0036798545625060797,
                    0.0009894653921946883,
                    0.0024084681645035744,
                    0.001651063677854836,
                    -0.0040349168702960014,
                    0.0024200482293963432,
                    -0.003279171884059906,
                    0.0010260354029014707,
                    -0.0031662967521697283,
                    -0.002003485569730401,
                    0.0021895505487918854,
                    -0.0010883373906835914,
                    -0.0004167774459347129,
                    0.0012531050015240908,
                    -0.000544744310900569,
                    -0.0007203202694654465,
                    0.0001555780036142096,
                    -0.001143349101766944,
                    5.843495819135569e-05
                ]
            },
            "optimizer_parameters": {
                "y_lr": 0.05,
                "t_lr": 0.05,
                "scheduler_step_size": 10,
                "scheduler_gamma": 0.99
            }
        },
        "thickness_spline": {
            "parameters": {
                "key_xs": [
                    0.0,
                    1.0
                ],
                "key_ys": [
                    0.0,
                    0.0
                ],
                "key_ts": [
                    0.0,
                    0.0
                ]
            },
            "optimizer_parameters": {
                "y_lr": 0,
                "t_lr": 0,
                "scheduler_step_size": 0,
                "scheduler_gamma": 0
            }
        },
        "uv_reshape_bb": {
            "uv": [
                0.6686197916666666,
                0.001953125
            ],
            "size": [
                0.3138020833333333,
                0.3138020833333333
            ]
        }
    },
    "optimizer_parameters": {
        "uv_lr": 0.005,
        "dir_lr": 0.05,
        "scheduler_step_size": 10,
        "scheduler_gamma": 0.99
    }
}