{
    "parameters": {
        "grow_mode": "single_sided",
        "wave_angle": -1.0471975803375244,
        "start_uv": [
            0.25751975178718567,
            -0.0016205508727580309
        ],
        "end_uv": [
            0.15229599177837372,
            -0.0016388888470828533
        ],
        "start_dir": [
            -0.24221473932266235
        ],
        "end_dir": [
            -2.3319101333618164
        ],
        "init_height": 0.2,
        "sil_spline": {
            "parameters": {
                "key_xs": [
                    0.0,
                    0.05263157933950424,
                    0.10526315867900848,
                    0.15789473056793213,
                    0.21052631735801697,
                    0.2631579041481018,
                    0.31578946113586426,
                    0.3684210479259491,
                    0.42105263471603394,
                    0.4736842215061188,
                    0.5263158082962036,
                    0.5789473652839661,
                    0.6315789222717285,
                    0.6842105388641357,
                    0.7368420958518982,
                    0.7894736528396606,
                    0.8421052694320679,
                    0.8947368264198303,
                    0.9473684430122375,
                    1.0
                ],
                "key_ys": [
                    0.07825978100299835,
                    0.19995369017124176,
                    0.3286055028438568,
                    0.4172348380088806,
                    0.4515168368816376,
                    0.4151875674724579,
                    0.3559427261352539,
                    0.3163317143917084,
                    0.28023579716682434,
                    0.2556786835193634,
                    0.17593994736671448,
                    0.00948503240942955,
                    0.01966787315905094,
                    0.0066870469599962234,
                    0.0008086146553978324,
                    2.0029050574521534e-05,
                    -0.000302459200611338,
                    -0.004362975247204304,
                    -0.016352571547031403,
                    -0.06752075254917145
                ],
                "key_ts": [
                    0.003414635546505451,
                    0.0040237437933683395,
                    -0.0035771045368164778,
                    0.036675743758678436,
                    0.0006077021243982017,
                    0.0167099479585886,
                    -0.0033680961932986975,
                    -0.030790844932198524,
                    -0.015383144840598106,
                    -0.03280966728925705,
                    -0.028556790202856064,
                    -0.022792387753725052,
                    -0.01508994959294796,
                    -0.025049638003110886,
                    -0.01541669201105833,
                    -0.015333541668951511,
                    -0.0048484886065125465,
                    -0.004085632972419262,
                    0.0013870402472093701,
                    0.0002041063125943765
                ]
            },
            "optimizer_parameters": {
                "y_lr": 0.05,
                "t_lr": 0.05,
                "scheduler_step_size": 10,
                "scheduler_gamma": 0.99
            }
        },
        "thickness_spline": {
            "parameters": {
                "key_xs": [
                    0.0,
                    0.30000001192092896,
                    0.5,
                    0.699999988079071,
                    1.0
                ],
                "key_ys": [
                    0.0,
                    0.029999999329447746,
                    0.03999999910593033,
                    0.029999999329447746,
                    0.0
                ],
                "key_ts": [
                    0.05000000074505806,
                    0.009999999776482582,
                    0.0,
                    -0.009999999776482582,
                    -0.05000000074505806
                ]
            },
            "optimizer_parameters": {
                "y_lr": 0.05,
                "t_lr": 0.05,
                "scheduler_step_size": 10,
                "scheduler_gamma": 0.99
            }
        },
        "uv_reshape_bb": {
            "uv": [
                0.001953125,
                0.3352864583333333
            ],
            "size": [
                0.3138020833333333,
                0.3138020833333333
            ]
        }
    },
    "optimizer_parameters": {
        "uv_lr": 0.005,
        "dir_lr": 0.05,
        "scheduler_step_size": 10,
        "scheduler_gamma": 0.99
    }
}