{
    "parameters": {
        "grow_mode": "single_sided",
        "wave_angle": -1.0471975803375244,
        "start_uv": [
            -0.01254471018910408,
            -0.0007433908176608384
        ],
        "end_uv": [
            -0.002367881592363119,
            1.0001674890518188
        ],
        "start_dir": [
            0.3801162540912628
        ],
        "end_dir": [
            -0.2956450581550598
        ],
        "init_height": 0.2,
        "sil_spline": {
            "parameters": {
                "key_xs": [
                    0.0,
                    0.05263157933950424,
                    0.10526315867900848,
                    0.15789473056793213,
                    0.21052631735801697,
                    0.2631579041481018,
                    0.31578946113586426,
                    0.3684210479259491,
                    0.42105263471603394,
                    0.4736842215061188,
                    0.5263158082962036,
                    0.5789473652839661,
                    0.6315789222717285,
                    0.6842105388641357,
                    0.7368420958518982,
                    0.7894736528396606,
                    0.8421052694320679,
                    0.8947368264198303,
                    0.9473684430122375,
                    1.0
                ],
                "key_ys": [
                    0.29522183537483215,
                    0.5973497033119202,
                    0.6663702726364136,
                    0.5588586926460266,
                    0.5165576338768005,
                    0.46424782276153564,
                    0.4304475784301758,
                    0.4018920958042145,
                    0.3885936439037323,
                    0.37235748767852783,
                    0.3650844991207123,
                    0.40091338753700256,
                    0.41807740926742554,
                    0.4514753222465515,
                    0.5039089322090149,
                    0.5477551817893982,
                    0.6336134076118469,
                    0.7027190923690796,
                    0.5778273344039917,
                    0.2602043151855469
                ],
                "key_ts": [
                    0.006864046212285757,
                    0.02875003032386303,
                    -0.0321226641535759,
                    -0.00040657856152392924,
                    -0.03639376908540726,
                    -0.00524666765704751,
                    -0.05648614838719368,
                    -0.004502971190959215,
                    0.032987456768751144,
                    -0.03609457239508629,
                    -0.04229040443897247,
                    0.05336587876081467,
                    -0.009937180206179619,
                    0.03944781795144081,
                    0.021294668316841125,
                    0.03247005492448807,
                    0.03216695040464401,
                    -0.007210422772914171,
                    0.007427929900586605,
                    -0.00938289612531662
                ]
            },
            "optimizer_parameters": {
                "y_lr": 0.05,
                "t_lr": 0.05,
                "scheduler_step_size": 10,
                "scheduler_gamma": 0.99
            }
        },
        "thickness_spline": {
            "parameters": {
                "key_xs": [
                    0.0,
                    0.30000001192092896,
                    0.5,
                    0.699999988079071,
                    1.0
                ],
                "key_ys": [
                    0.0,
                    0.009999999776482582,
                    0.012000000104308128,
                    0.009999999776482582,
                    0.0
                ],
                "key_ts": [
                    0.009999999776482582,
                    0.0020000000949949026,
                    0.0,
                    -0.0020000000949949026,
                    -0.009999999776482582
                ]
            },
            "optimizer_parameters": {
                "y_lr": 0.05,
                "t_lr": 0.05,
                "scheduler_step_size": 10,
                "scheduler_gamma": 0.99
            }
        },
        "uv_reshape_bb": {
            "uv": [
                0.001953125,
                0.6686197916666666
            ],
            "size": [
                0.3138020833333333,
                0.3138020833333333
            ]
        }
    },
    "optimizer_parameters": {
        "uv_lr": 0.005,
        "dir_lr": 0.05,
        "scheduler_step_size": 10,
        "scheduler_gamma": 0.99
    }
}