{
    "parameters": {
        "grow_mode": "single_sided",
        "wave_angle": -1.0471975803375244,
        "start_uv": [
            0.2402888834476471,
            1.0018736124038696
        ],
        "end_uv": [
            0.6418880820274353,
            1.005987286567688
        ],
        "start_dir": [
            0.3886967599391937
        ],
        "end_dir": [
            -0.032585691660642624
        ],
        "init_height": 0.2,
        "sil_spline": {
            "parameters": {
                "key_xs": [
                    0.0,
                    0.05263157933950424,
                    0.10526315867900848,
                    0.15789473056793213,
                    0.21052631735801697,
                    0.2631579041481018,
                    0.31578946113586426,
                    0.3684210479259491,
                    0.42105263471603394,
                    0.4736842215061188,
                    0.5263158082962036,
                    0.5789473652839661,
                    0.6315789222717285,
                    0.6842105388641357,
                    0.7368420958518982,
                    0.7894736528396606,
                    0.8421052694320679,
                    0.8947368264198303,
                    0.9473684430122375,
                    1.0
                ],
                "key_ys": [
                    0.07922659814357758,
                    0.09554021805524826,
                    0.12217725813388824,
                    0.1290522962808609,
                    0.14185672998428345,
                    0.16762492060661316,
                    0.15316978096961975,
                    0.19700677692890167,
                    0.19136032462120056,
                    0.2146027535200119,
                    0.2141992747783661,
                    0.21202702820301056,
                    0.24261178076267242,
                    0.21972531080245972,
                    0.23199878633022308,
                    0.19030411541461945,
                    0.23946598172187805,
                    0.2049017995595932,
                    0.10507805645465851,
                    0.1644417643547058
                ],
                "key_ts": [
                    -0.0007798565784469247,
                    -0.0045461333356797695,
                    0.021617352962493896,
                    -0.029478056356310844,
                    0.04287715256214142,
                    -0.02535976842045784,
                    0.05193117633461952,
                    -0.018179181963205338,
                    -0.022332191467285156,
                    0.03800187632441521,
                    -0.019223200157284737,
                    0.003752334974706173,
                    0.008099106140434742,
                    0.02669428288936615,
                    -0.01704634539783001,
                    -0.007795416284352541,
                    0.011071116663515568,
                    0.00018274813191965222,
                    -0.05146784335374832,
                    0.03632212430238724
                ]
            },
            "optimizer_parameters": {
                "y_lr": 0.05,
                "t_lr": 0.05,
                "scheduler_step_size": 10,
                "scheduler_gamma": 0.99
            }
        },
        "thickness_spline": {
            "parameters": {
                "key_xs": [
                    0.0,
                    0.10000000149011612,
                    0.5,
                    0.8999999761581421,
                    1.0
                ],
                "key_ys": [
                    0.0,
                    0.03999999910593033,
                    0.05000000074505806,
                    0.03999999910593033,
                    0.0
                ],
                "key_ts": [
                    0.07999999821186066,
                    0.019999999552965164,
                    0.0,
                    -0.019999999552965164,
                    -0.07999999821186066
                ]
            },
            "optimizer_parameters": {
                "y_lr": 0.05,
                "t_lr": 0.05,
                "scheduler_step_size": 10,
                "scheduler_gamma": 0.99
            }
        },
        "uv_reshape_bb": {
            "uv": [
                0.3352864583333333,
                0.3352864583333333
            ],
            "size": [
                0.3138020833333333,
                0.3138020833333333
            ]
        }
    },
    "optimizer_parameters": {
        "uv_lr": 0.005,
        "dir_lr": 0.05,
        "scheduler_step_size": 10,
        "scheduler_gamma": 0.99
    }
}