{
    "parameters": {
        "grow_mode": "single_sided",
        "wave_angle": -1.0471975803375244,
        "start_uv": [
            0.13190557062625885,
            1.0012061595916748
        ],
        "end_uv": [
            0.1961904615163803,
            1.0031521320343018
        ],
        "start_dir": [
            1.6204185485839844
        ],
        "end_dir": [
            -1.4286307096481323
        ],
        "init_height": 0.2,
        "sil_spline": {
            "parameters": {
                "key_xs": [
                    0.0,
                    0.05263157933950424,
                    0.10526315867900848,
                    0.15789473056793213,
                    0.21052631735801697,
                    0.2631579041481018,
                    0.31578946113586426,
                    0.3684210479259491,
                    0.42105263471603394,
                    0.4736842215061188,
                    0.5263158082962036,
                    0.5789473652839661,
                    0.6315789222717285,
                    0.6842105388641357,
                    0.7368420958518982,
                    0.7894736528396606,
                    0.8421052694320679,
                    0.8947368264198303,
                    0.9473684430122375,
                    1.0
                ],
                "key_ys": [
                    -0.011908276937901974,
                    0.016954923048615456,
                    0.06892146915197372,
                    0.15529213845729828,
                    0.24299344420433044,
                    0.3090628385543823,
                    0.34193578362464905,
                    0.3785959482192993,
                    0.5893954038619995,
                    0.3980424404144287,
                    0.26601359248161316,
                    0.18911227583885193,
                    0.1470004767179489,
                    0.09370558708906174,
                    0.06021764129400253,
                    0.03780168294906616,
                    0.015959708020091057,
                    0.003871745429933071,
                    -0.0018015402602031827,
                    -0.007602148689329624
                ],
                "key_ts": [
                    -0.011772453784942627,
                    0.04067664593458176,
                    0.006145730149000883,
                    0.02048780769109726,
                    0.014122349210083485,
                    -0.0006739598466083407,
                    0.02810732275247574,
                    0.045725125819444656,
                    -0.06688988953828812,
                    0.0007339119911193848,
                    -0.04102906212210655,
                    -0.03307921811938286,
                    -0.023698270320892334,
                    -0.005631053354591131,
                    -7.03621917637065e-05,
                    -2.67190148406371e-06,
                    -0.001550158835016191,
                    0.0006602861103601754,
                    -0.00047632039058953524,
                    0.00021028189803473651
                ]
            },
            "optimizer_parameters": {
                "y_lr": 0.05,
                "t_lr": 0.05,
                "scheduler_step_size": 10,
                "scheduler_gamma": 0.99
            }
        },
        "thickness_spline": {
            "parameters": {
                "key_xs": [
                    0.0,
                    0.10000000149011612,
                    0.5,
                    0.8999999761581421,
                    1.0
                ],
                "key_ys": [
                    0.0,
                    0.03999999910593033,
                    0.05000000074505806,
                    0.03999999910593033,
                    0.0
                ],
                "key_ts": [
                    0.07999999821186066,
                    0.019999999552965164,
                    0.0,
                    -0.019999999552965164,
                    -0.07999999821186066
                ]
            },
            "optimizer_parameters": {
                "y_lr": 0.05,
                "t_lr": 0.05,
                "scheduler_step_size": 10,
                "scheduler_gamma": 0.99
            }
        },
        "uv_reshape_bb": {
            "uv": [
                0.3352864583333333,
                0.001953125
            ],
            "size": [
                0.3138020833333333,
                0.3138020833333333
            ]
        }
    },
    "optimizer_parameters": {
        "uv_lr": 0.005,
        "dir_lr": 0.05,
        "scheduler_step_size": 10,
        "scheduler_gamma": 0.99
    }
}