{
    "parameters": {
        "origin_xy": [
            -1.2113616466522217,
            0.0051203579641878605
        ],
        "origin_z": 0.0,
        "length_x": 3.1465675830841064,
        "length_y": 0.0,
        "length_z": 0.0,
        "uv_reshape_bb": {
            "uv": [
                0.001953125,
                0.001953125
            ],
            "size": [
                0.3138020833333333,
                0.3138020833333333
            ]
        },
        "top_spline": {
            "parameters": {
                "key_xs": [
                    0.0,
                    0.05263157933950424,
                    0.10526315867900848,
                    0.15789473056793213,
                    0.21052631735801697,
                    0.2631579041481018,
                    0.31578946113586426,
                    0.3684210479259491,
                    0.42105263471603394,
                    0.4736842215061188,
                    0.5263158082962036,
                    0.5789473652839661,
                    0.6315789222717285,
                    0.6842105388641357,
                    0.7368420958518982,
                    0.7894736528396606,
                    0.8421052694320679,
                    0.8947368264198303,
                    0.9473684430122375,
                    1.0
                ],
                "key_ys": [
                    0.015729276463389397,
                    0.0056828842498362064,
                    0.03886621072888374,
                    0.23970451951026917,
                    0.2958046793937683,
                    0.4167652428150177,
                    0.5225785970687866,
                    0.5931850671768188,
                    0.6569790840148926,
                    0.7094132900238037,
                    0.7380428910255432,
                    0.7475459575653076,
                    0.7237019538879395,
                    0.6864506006240845,
                    0.627689003944397,
                    0.5410869717597961,
                    0.4319468140602112,
                    0.319131463766098,
                    0.19821205735206604,
                    0.14222542941570282
                ],
                "key_ts": [
                    -0.13803724944591522,
                    0.0804394781589508,
                    0.295152485370636,
                    0.160788431763649,
                    -0.09421014785766602,
                    0.32868021726608276,
                    -0.00019992275338154286,
                    0.21695531904697418,
                    0.15743423998355865,
                    0.09234248101711273,
                    -0.06393533945083618,
                    0.04679068177938461,
                    -0.05758490785956383,
                    -0.017369816079735756,
                    -0.20646294951438904,
                    -0.13070723414421082,
                    -0.17146538197994232,
                    -0.07343104481697083,
                    -0.3054141104221344,
                    0.21032308042049408
                ]
            },
            "optimizer_parameters": {
                "y_lr": 0.05,
                "t_lr": 0.05,
                "scheduler_step_size": 10,
                "scheduler_gamma": 0.99
            }
        },
        "bottom_spline": {
            "parameters": {
                "key_xs": [
                    0.0,
                    0.05263157933950424,
                    0.10526315867900848,
                    0.15789473056793213,
                    0.21052631735801697,
                    0.2631579041481018,
                    0.31578946113586426,
                    0.3684210479259491,
                    0.42105263471603394,
                    0.4736842215061188,
                    0.5263158082962036,
                    0.5789473652839661,
                    0.6315789222717285,
                    0.6842105388641357,
                    0.7368420958518982,
                    0.7894736528396606,
                    0.8421052694320679,
                    0.8947368264198303,
                    0.9473684430122375,
                    1.0
                ],
                "key_ys": [
                    0.30829206109046936,
                    0.29005753993988037,
                    0.2958795428276062,
                    0.34715536236763,
                    0.43392711877822876,
                    0.519756555557251,
                    0.5621641278266907,
                    0.5955415964126587,
                    0.6149771213531494,
                    0.6295117139816284,
                    0.6316378712654114,
                    0.6324160695075989,
                    0.6165182590484619,
                    0.6043037176132202,
                    0.5741395950317383,
                    0.5273932814598083,
                    0.4170196056365967,
                    0.2472454458475113,
                    0.02154667302966118,
                    -0.16767236590385437
                ],
                "key_ts": [
                    -0.0678015723824501,
                    0.21409201622009277,
                    -0.12742754817008972,
                    0.2019006460905075,
                    0.24070750176906586,
                    -0.043512243777513504,
                    0.22571739554405212,
                    0.0872892513871193,
                    0.17401942610740662,
                    0.2254934012889862,
                    -0.03159129247069359,
                    0.02084759622812271,
                    -0.12224695086479187,
                    -0.039125144481658936,
                    -0.12115047872066498,
                    -0.08157980442047119,
                    -0.22368218004703522,
                    -0.17232833802700043,
                    -0.31201374530792236,
                    0.20649538934230804
                ]
            },
            "optimizer_parameters": {
                "y_lr": 0.05,
                "t_lr": 0.05,
                "scheduler_step_size": 10,
                "scheduler_gamma": 0.99
            }
        },
        "thickness_spline": {
            "parameters": {
                "key_xs": [
                    0.0,
                    0.10000000149011612,
                    0.20000000298023224,
                    0.30000001192092896,
                    0.4000000059604645,
                    0.6000000238418579,
                    0.699999988079071,
                    0.800000011920929,
                    0.8999999761581421,
                    1.0
                ],
                "key_ys": [
                    0.0,
                    0.6000000238418579,
                    0.75,
                    0.8299999833106995,
                    0.8999999761581421,
                    0.8500000238418579,
                    0.75,
                    0.6000000238418579,
                    0.4000000059604645,
                    0.0
                ],
                "key_ts": [
                    5.0,
                    4.0,
                    2.0,
                    1.0,
                    0.10000000149011612,
                    -0.10000000149011612,
                    -0.5,
                    -0.699999988079071,
                    -1.0,
                    -4.0
                ]
            },
            "optimizer_parameters": {
                "y_lr": 0.05,
                "t_lr": 0.05,
                "scheduler_step_size": 10,
                "scheduler_gamma": 0.99
            }
        },