{
    "parameters": {
        "grow_mode": "single_sided",
        "wave_angle": -1.0471975803375244,
        "start_uv": [
            0.692359983921051,
            0.03757430240511894
        ],
        "end_uv": [
            0.6533169150352478,
            0.0065505532547831535
        ],
        "start_dir": [
            -1.0115407705307007
        ],
        "end_dir": [
            -1.1720319986343384
        ],
        "init_height": 0.2,
        "sil_spline": {
            "parameters": {
                "key_xs": [
                    0.0,
                    0.05263157933950424,
                    0.10526315867900848,
                    0.15789473056793213,
                    0.21052631735801697,
                    0.2631579041481018,
                    0.31578946113586426,
                    0.3684210479259491,
                    0.42105263471603394,
                    0.4736842215061188,
                    0.5263158082962036,
                    0.5789473652839661,
                    0.6315789222717285,
                    0.6842105388641357,
                    0.7368420958518982,
                    0.7894736528396606,
                    0.8421052694320679,
                    0.8947368264198303,
                    0.9473684430122375,
                    1.0
                ],
                "key_ys": [
                    0.22162041068077087,
                    0.21415641903877258,
                    0.2202073633670807,
                    0.2279120534658432,
                    0.23982994258403778,
                    0.24357269704341888,
                    0.25640395283699036,
                    0.2646770775318146,
                    0.2788689136505127,
                    0.2750873267650604,
                    0.2925197184085846,
                    0.2924129366874695,
                    0.30818548798561096,
                    0.23847807943820953,
                    0.042341217398643494,
                    0.32108187675476074,
                    0.1074628010392189,
                    0.13598628342151642,
                    0.13777166604995728,
                    0.08733590692281723
                ],
                "key_ts": [
                    -0.0034748204052448273,
                    0.003924149554222822,
                    0.001128513365983963,
                    0.005499267019331455,
                    0.00098398607224226,
                    0.0020618168637156487,
                    -0.0003253246541135013,
                    0.002956931246444583,
                    0.0011344928061589599,
                    0.0019132415764033794,
                    -0.00217372365295887,
                    0.017125792801380157,
                    0.01634666509926319,
                    -0.0018346976721659303,
                    -0.00627406919375062,
                    0.006450588349252939,
                    0.0012643954250961542,
                    -0.00029268558137118816,
                    -0.0004336277488619089,
                    0.00012679632345680147
                ]
            },
            "optimizer_parameters": {
                "y_lr": 0.05,
                "t_lr": 0.05,
                "scheduler_step_size": 10,
                "scheduler_gamma": 0.99
            }
        },
        "thickness_spline": {
            "parameters": {
                "key_xs": [
                    0.0,
                    1.0
                ],
                "key_ys": [
                    0.0,
                    0.0
                ],
                "key_ts": [
                    0.0,
                    0.0
                ]
            },
            "optimizer_parameters": {
                "y_lr": 0,
                "t_lr": 0,
                "scheduler_step_size": 0,
                "scheduler_gamma": 0
            }
        },
        "uv_reshape_bb": {
            "uv": [
                0.3352864583333333,
                0.6686197916666666
            ],
            "size": [
                0.3138020833333333,
                0.3138020833333333
            ]
        }
    },
    "optimizer_parameters": {
        "uv_lr": 0.005,
        "dir_lr": 0.05,
        "scheduler_step_size": 10,
        "scheduler_gamma": 0.99
    }
}