{
    "parameters": {
        "grow_mode": "single_sided",
        "wave_angle": -1.0471975803375244,
        "start_uv": [
            0.13451756536960602,
            -5.685876385541633e-05
        ],
        "end_uv": [
            0.2271452397108078,
            1.0032812356948853
        ],
        "start_dir": [
            1.3523763418197632
        ],
        "end_dir": [
            -1.218536376953125
        ],
        "init_height": 0.2,
        "sil_spline": {
            "parameters": {
                "key_xs": [
                    0.0,
                    0.05263157933950424,
                    0.10526315867900848,
                    0.15789473056793213,
                    0.21052631735801697,
                    0.2631579041481018,
                    0.31578946113586426,
                    0.3684210479259491,
                    0.42105263471603394,
                    0.4736842215061188,
                    0.5263158082962036,
                    0.5789473652839661,
                    0.6315789222717285,
                    0.6842105388641357,
                    0.7368420958518982,
                    0.7894736528396606,
                    0.8421052694320679,
                    0.8947368264198303,
                    0.9473684430122375,
                    1.0
                ],
                "key_ys": [
                    0.2679803669452667,
                    0.4124649167060852,
                    0.476196825504303,
                    0.7783951163291931,
                    0.884331226348877,
                    1.0253920555114746,
                    1.073356032371521,
                    1.1488631963729858,
                    1.1575161218643188,
                    1.0710117816925049,
                    1.0828813314437866,
                    1.1428203582763672,
                    1.1392146348953247,
                    1.1196839809417725,
                    1.1323461532592773,
                    0.9364896416664124,
                    0.7869646549224854,
                    0.6637848615646362,
                    0.46608665585517883,
                    0.22217971086502075
                ],
                "key_ts": [
                    0.00758894020691514,
                    0.0031720055267214775,
                    0.023429151624441147,
                    -0.011509465053677559,
                    0.03368573263287544,
                    -0.003970943856984377,
                    -0.003416078630834818,
                    0.022831743583083153,
                    -0.030565939843654633,
                    -0.02520041912794113,
                    0.0582735501229763,
                    -0.03679852932691574,
                    0.03559788316488266,
                    -0.021514300256967545,
                    -0.011408696882426739,
                    -0.015680750831961632,
                    -0.0059997015632689,
                    -0.010601111687719822,
                    -0.02296871691942215,
                    -0.0014750377740710974
                ]
            },
            "optimizer_parameters": {
                "y_lr": 0.05,
                "t_lr": 0.05,
                "scheduler_step_size": 10,
                "scheduler_gamma": 0.99
            }
        },
        "thickness_spline": {
            "parameters": {
                "key_xs": [
                    0.0,
                    0.30000001192092896,
                    0.5,
                    0.699999988079071,
                    1.0
                ],
                "key_ys": [
                    0.0,
                    0.009999999776482582,
                    0.012000000104308128,
                    0.009999999776482582,
                    0.0
                ],
                "key_ts": [
                    0.009999999776482582,
                    0.0020000000949949026,
                    0.0,
                    -0.0020000000949949026,
                    -0.009999999776482582
                ]
            },
            "optimizer_parameters": {
                "y_lr": 0.05,
                "t_lr": 0.05,
                "scheduler_step_size": 10,
                "scheduler_gamma": 0.99
            }
        },
        "uv_reshape_bb": {
            "uv": [
                0.001953125,
                0.3352864583333333
            ],
            "size": [
                0.3138020833333333,
                0.3138020833333333
            ]
        }
    },
    "optimizer_parameters": {
        "uv_lr": 0.005,
        "dir_lr": 0.05,
        "scheduler_step_size": 10,
        "scheduler_gamma": 0.99
    }
}