{
    "parameters": {
        "grow_mode": "single_sided",
        "wave_angle": -1.0471975803375244,
        "start_uv": [
            0.30113813281059265,
            1.0040522813796997
        ],
        "end_uv": [
            0.582763135433197,
            1.0081006288528442
        ],
        "start_dir": [
            -0.007783337030559778
        ],
        "end_dir": [
            -1.59336519241333
        ],
        "init_height": 0.2,
        "sil_spline": {
            "parameters": {
                "key_xs": [
                    0.0,
                    0.05263157933950424,
                    0.10526315867900848,
                    0.15789473056793213,
                    0.21052631735801697,
                    0.2631579041481018,
                    0.31578946113586426,
                    0.3684210479259491,
                    0.42105263471603394,
                    0.4736842215061188,
                    0.5263158082962036,
                    0.5789473652839661,
                    0.6315789222717285,
                    0.6842105388641357,
                    0.7368420958518982,
                    0.7894736528396606,
                    0.8421052694320679,
                    0.8947368264198303,
                    0.9473684430122375,
                    1.0
                ],
                "key_ys": [
                    0.05071285367012024,
                    0.07216642796993256,
                    0.2404060959815979,
                    0.3324054181575775,
                    0.39342838525772095,
                    0.4631611406803131,
                    0.46952107548713684,
                    0.3955225944519043,
                    0.3464468717575073,
                    0.30301856994628906,
                    0.2546171247959137,
                    0.21566778421401978,
                    0.17641407251358032,
                    0.14498800039291382,
                    0.11657359451055527,
                    0.09920739382505417,
                    0.05325382947921753,
                    0.019045937806367874,
                    0.002618950791656971,
                    -0.060825709253549576
                ],
                "key_ts": [
                    -0.003397417487576604,
                    0.007049597334116697,
                    -0.016275277361273766,
                    0.05790558457374573,
                    -0.04960623010993004,
                    0.02057008631527424,
                    0.011870252899825573,
                    -0.01962917484343052,
                    0.00883056316524744,
                    -0.038819100707769394,
                    0.008540522307157516,
                    -0.022168660536408424,
                    -0.025709640234708786,
                    -0.02200472354888916,
                    -0.012676866725087166,
                    -0.012949646450579166,
                    -0.01778782717883587,
                    -0.004712739028036594,
                    0.0019732429645955563,
                    0.0003319593088235706
                ]
            },
            "optimizer_parameters": {
                "y_lr": 0.05,
                "t_lr": 0.05,
                "scheduler_step_size": 10,
                "scheduler_gamma": 0.99
            }
        },
        "thickness_spline": {
            "parameters": {
                "key_xs": [
                    0.0,
                    0.10000000149011612,
                    0.5,
                    0.8999999761581421,
                    1.0
                ],
                "key_ys": [
                    0.0,
                    0.03999999910593033,
                    0.05000000074505806,
                    0.03999999910593033,
                    0.0
                ],
                "key_ts": [
                    0.07999999821186066,
                    0.019999999552965164,
                    0.0,
                    -0.019999999552965164,
                    -0.07999999821186066
                ]
            },
            "optimizer_parameters": {
                "y_lr": 0.05,
                "t_lr": 0.05,
                "scheduler_step_size": 10,
                "scheduler_gamma": 0.99
            }
        },
        "uv_reshape_bb": {
            "uv": [
                0.001953125,
                0.6686197916666666
            ],
            "size": [
                0.3138020833333333,
                0.3138020833333333
            ]
        }
    },
    "optimizer_parameters": {
        "uv_lr": 0.005,
        "dir_lr": 0.05,
        "scheduler_step_size": 10,
        "scheduler_gamma": 0.99
    }
}