{
    "parameters": {
        "origin_xy": [
            -0.17912234365940094,
            -0.0732886791229248
        ],
        "origin_z": 0.0,
        "length_x": 1.5811129808425903,
        "length_y": 0.0,
        "length_z": 0.0,
        "uv_reshape_bb": {
            "uv": [
                0.001953125,
                0.001953125
            ],
            "size": [
                0.3138020833333333,
                0.3138020833333333
            ]
        },
        "top_spline": {
            "parameters": {
                "key_xs": [
                    0.0,
                    0.05263157933950424,
                    0.10526315867900848,
                    0.15789473056793213,
                    0.21052631735801697,
                    0.2631579041481018,
                    0.31578946113586426,
                    0.3684210479259491,
                    0.42105263471603394,
                    0.4736842215061188,
                    0.5263158082962036,
                    0.5789473652839661,
                    0.6315789222717285,
                    0.6842105388641357,
                    0.7368420958518982,
                    0.7894736528396606,
                    0.8421052694320679,
                    0.8947368264198303,
                    0.9473684430122375,
                    1.0
                ],
                "key_ys": [
                    0.09588412940502167,
                    0.26817476749420166,
                    0.374979168176651,
                    0.4602595269680023,
                    0.5342702865600586,
                    0.5775417685508728,
                    0.6358863711357117,
                    0.6697589755058289,
                    0.6941300630569458,
                    0.7056920528411865,
                    0.7071661353111267,
                    0.7099899053573608,
                    0.6685792803764343,
                    0.612765371799469,
                    0.5530554056167603,
                    0.5029484629631042,
                    0.42368534207344055,
                    0.1661403328180313,
                    0.005538692697882652,
                    -0.0174182690680027
                ],
                "key_ts": [
                    0.025095876306295395,
                    0.024255940690636635,
                    0.22398215532302856,
                    0.12423571944236755,
                    0.13059014081954956,
                    0.020195074379444122,
                    0.24328160285949707,
                    -0.11245126277208328,
                    0.21361948549747467,
                    0.14718420803546906,
                    -0.0704701766371727,
                    0.1371830701828003,
                    -0.23263399302959442,
                    -0.05931563675403595,
                    -0.22192275524139404,
                    0.14713811874389648,
                    -0.3674296736717224,
                    -0.31420040130615234,
                    0.08866798877716064,
                    0.027871249243617058
                ]
            },
            "optimizer_parameters": {
                "y_lr": 0.05,
                "t_lr": 0.05,
                "scheduler_step_size": 10,
                "scheduler_gamma": 0.99
            }
        },
        "bottom_spline": {
            "parameters": {
                "key_xs": [
                    0.0,
                    0.05263157933950424,
                    0.10526315867900848,
                    0.15789473056793213,
                    0.21052631735801697,
                    0.2631579041481018,
                    0.31578946113586426,
                    0.3684210479259491,
                    0.42105263471603394,
                    0.4736842215061188,
                    0.5263158082962036,
                    0.5789473652839661,
                    0.6315789222717285,
                    0.6842105388641357,
                    0.7368420958518982,
                    0.7894736528396606,
                    0.8421052694320679,
                    0.8947368264198303,
                    0.9473684430122375,
                    1.0
                ],
                "key_ys": [
                    0.015529829077422619,
                    0.13082896173000336,
                    0.19564417004585266,
                    0.27068227529525757,
                    0.35189083218574524,
                    0.415190190076828,
                    0.4701996445655823,
                    0.5023072361946106,
                    0.5219065546989441,
                    0.5407044887542725,
                    0.5427544116973877,
                    0.5419423580169678,
                    0.5284605622291565,
                    0.4871194660663605,
                    0.4396429657936096,
                    0.3795923888683319,
                    0.32720082998275757,
                    0.24567964673042297,
                    0.13729214668273926,
                    0.02173459529876709
                ],
                "key_ts": [
                    -0.037326641380786896,
                    0.023519916459918022,
                    0.24820643663406372,
                    0.09515520185232162,
                    0.16789017617702484,
                    0.1758960783481598,
                    0.21010403335094452,
                    0.08109564334154129,
                    0.2742387354373932,
                    0.17015495896339417,
                    -0.018016738817095757,
                    -0.09266970306634903,
                    -0.18075352907180786,
                    -0.10258404165506363,
                    -0.2646942734718323,
                    -0.14479032158851624,
                    0.05904753878712654,
                    -0.2636767327785492,
                    -0.26805299520492554,
                    0.17958833277225494
                ]
            },
            "optimizer_parameters": {
                "y_lr": 0.05,
                "t_lr": 0.05,
                "scheduler_step_size": 10,
                "scheduler_gamma": 0.99
            }
        },
        "thickness_spline": {
            "parameters": {
                "key_xs": [
                    0.0,
                    0.10000000149011612,
                    0.20000000298023224,
                    0.30000001192092896,
                    0.4000000059604645,
                    0.6000000238418579,
                    0.699999988079071,
                    0.800000011920929,
                    0.8999999761581421,
                    1.0
                ],
                "key_ys": [
                    0.0,
                    0.6000000238418579,
                    0.75,
                    0.8299999833106995,
                    0.8999999761581421,
                    0.8500000238418579,
                    0.75,
                    0.6000000238418579,
                    0.4000000059604645,
                    0.0
                ],
                "key_ts": [
                    5.0,
                    4.0,
                    2.0,
                    1.0,
                    0.10000000149011612,
                    -0.10000000149011612,
                    -0.5,
                    -0.699999988079071,
                    -1.0,
                    -4.0
                ]
            },
            "optimizer_parameters": {
                "y_lr": 0.05,
                "t_lr": 0.05,
                "scheduler_step_size": 10,
                "scheduler_gamma": 0.99
            }
        },