{
    "parameters": {
        "grow_mode": "double_sided",
        "wave_angle": -1.2000000476837158,
        "start_uv": [
            0.4533422589302063,
            0.38696804642677307
        ],
        "end_uv": [
            0.4661071300506592,
            0.5039156675338745
        ],
        "start_dir": [
            1.2120283842086792
        ],
        "end_dir": [
            -0.6460909247398376
        ],
        "init_height": 0.2,
        "sil_spline": {
            "parameters": {
                "key_xs": [
                    0.0,
                    0.05263157933950424,
                    0.10526315867900848,
                    0.15789473056793213,
                    0.21052631735801697,
                    0.2631579041481018,
                    0.31578946113586426,
                    0.3684210479259491,
                    0.42105263471603394,
                    0.4736842215061188,
                    0.5263158082962036,
                    0.5789473652839661,
                    0.6315789222717285,
                    0.6842105388641357,
                    0.7368420958518982,
                    0.7894736528396606,
                    0.8421052694320679,
                    0.8947368264198303,
                    0.9473684430122375,
                    1.0
                ],
                "key_ys": [
                    0.12712164223194122,
                    0.20591935515403748,
                    0.22243182361125946,
                    0.22886939346790314,
                    0.22437866032123566,
                    0.2247830182313919,
                    0.20946958661079407,
                    0.21148590743541718,
                    0.20132988691329956,
                    0.20015306770801544,
                    0.18830446898937225,
                    0.18815910816192627,
                    0.19518038630485535,
                    0.20717251300811768,
                    0.2075185328722,
                    0.21031515300273895,
                    0.21203561127185822,
                    0.21540968120098114,
                    0.2164013385772705,
                    -0.04205271601676941
                ],
                "key_ts": [
                    0.005819022189825773,
                    0.0017070011235773563,
                    0.013333771377801895,
                    -0.022339772433042526,
                    0.008329281583428383,
                    -0.01107871439307928,
                    -0.015407583676278591,
                    0.001972902799025178,
                    -0.01682465337216854,
                    0.01439462136477232,
                    0.004557609558105469,
                    -0.01441757008433342,
                    0.02060258761048317,
                    -0.002002468565478921,
                    -0.01603458821773529,
                    -0.010177052579820156,
                    0.004833219572901726,
                    -0.03535659983754158,
                    0.01499378215521574,
                    0.002389509230852127
                ]
            },
            "optimizer_parameters": {
                "y_lr": 0.05,
                "t_lr": 0.05,
                "scheduler_step_size": 10,
                "scheduler_gamma": 0.99
            }
        },
        "thickness_spline": {
            "parameters": {
                "key_xs": [
                    0.0,
                    0.30000001192092896,
                    0.5,
                    0.699999988079071,
                    1.0
                ],
                "key_ys": [
                    0.0,
                    0.009999999776482582,
                    0.013000000268220901,
                    0.009999999776482582,
                    0.0
                ],
                "key_ts": [
                    0.009999999776482582,
                    0.0020000000949949026,
                    0.0,
                    -0.0020000000949949026,
                    -0.009999999776482582
                ]
            },
            "optimizer_parameters": {
                "y_lr": 0.05,
                "t_lr": 0.05,
                "scheduler_step_size": 10,
                "scheduler_gamma": 0.99
            }
        },
        "uv_reshape_bb": {
            "uv": [
                0.3352864583333333,
                0.001953125
            ],
            "size": [
                0.3138020833333333,
                0.3138020833333333
            ]
        }
    },
    "optimizer_parameters": {
        "uv_lr": 0.005,
        "dir_lr": 0.05,
        "scheduler_step_size": 10,
        "scheduler_gamma": 0.99
    }
}