{
    "parameters": {
        "grow_mode": "single_sided",
        "wave_angle": -1.0471975803375244,
        "start_uv": [
            0.34885120391845703,
            0.02114458754658699
        ],
        "end_uv": [
            0.3204178214073181,
            -0.003073562867939472
        ],
        "start_dir": [
            -0.6317726969718933
        ],
        "end_dir": [
            -2.1833994388580322
        ],
        "init_height": 0.2,
        "sil_spline": {
            "parameters": {
                "key_xs": [
                    0.0,
                    0.05263157933950424,
                    0.10526315867900848,
                    0.15789473056793213,
                    0.21052631735801697,
                    0.2631579041481018,
                    0.31578946113586426,
                    0.3684210479259491,
                    0.42105263471603394,
                    0.4736842215061188,
                    0.5263158082962036,
                    0.5789473652839661,
                    0.6315789222717285,
                    0.6842105388641357,
                    0.7368420958518982,
                    0.7894736528396606,
                    0.8421052694320679,
                    0.8947368264198303,
                    0.9473684430122375,
                    1.0
                ],
                "key_ys": [
                    0.0841442421078682,
                    0.10238071531057358,
                    0.2492486983537674,
                    0.36490175127983093,
                    0.4655403196811676,
                    0.5841280817985535,
                    0.7109196186065674,
                    0.5025064945220947,
                    0.4792816936969757,
                    0.40570393204689026,
                    0.4049505591392517,
                    0.30008840560913086,
                    -0.05206543579697609,
                    0.100495845079422,
                    0.08754453808069229,
                    0.061329185962677,
                    0.06276809424161911,
                    0.05562330037355423,
                    0.04457559064030647,
                    0.04151755943894386
                ],
                "key_ts": [
                    0.0021662083454430103,
                    -0.006111024878919125,
                    0.020043162629008293,
                    0.0049448697827756405,
                    0.0034354878589510918,
                    0.045919518917798996,
                    -0.028114210814237595,
                    0.03586743399500847,
                    -0.06509292125701904,
                    -0.014327397570014,
                    0.05189795047044754,
                    -0.04814697057008743,
                    -0.0011875388445332646,
                    -0.0002217257278971374,
                    0.00046102656051516533,
                    -0.0005639359587803483,
                    0.0004855755250900984,
                    -0.0005296000745147467,
                    -0.0014215531991794705,
                    0.0006727563450112939
                ]
            },
            "optimizer_parameters": {
                "y_lr": 0.05,
                "t_lr": 0.05,
                "scheduler_step_size": 10,
                "scheduler_gamma": 0.99
            }
        },
        "thickness_spline": {
            "parameters": {
                "key_xs": [
                    0.0,
                    1.0
                ],
                "key_ys": [
                    0.0,
                    0.0
                ],
                "key_ts": [
                    0.0,
                    0.0
                ]
            },
            "optimizer_parameters": {
                "y_lr": 0,
                "t_lr": 0,
                "scheduler_step_size": 0,
                "scheduler_gamma": 0
            }
        },
        "uv_reshape_bb": {
            "uv": [
                0.3352864583333333,
                0.3352864583333333
            ],
            "size": [
                0.3138020833333333,
                0.3138020833333333
            ]
        }
    },
    "optimizer_parameters": {
        "uv_lr": 0.005,
        "dir_lr": 0.05,
        "scheduler_step_size": 10,
        "scheduler_gamma": 0.99
    }
}