{
    "parameters": {
        "grow_mode": "single_sided",
        "wave_angle": -1.0471975803375244,
        "start_uv": [
            0.4323807656764984,
            -0.002362119732424617
        ],
        "end_uv": [
            0.02018340304493904,
            0.22854624688625336
        ],
        "start_dir": [
            -0.5709747672080994
        ],
        "end_dir": [
            0.4340730309486389
        ],
        "init_height": 0.2,
        "sil_spline": {
            "parameters": {
                "key_xs": [
                    0.0,
                    0.05263157933950424,
                    0.10526315867900848,
                    0.15789473056793213,
                    0.21052631735801697,
                    0.2631579041481018,
                    0.31578946113586426,
                    0.3684210479259491,
                    0.42105263471603394,
                    0.4736842215061188,
                    0.5263158082962036,
                    0.5789473652839661,
                    0.6315789222717285,
                    0.6842105388641357,
                    0.7368420958518982,
                    0.7894736528396606,
                    0.8421052694320679,
                    0.8947368264198303,
                    0.9473684430122375,
                    1.0
                ],
                "key_ys": [
                    0.22453346848487854,
                    0.2534763813018799,
                    0.3117716312408447,
                    0.32295313477516174,
                    0.3440435528755188,
                    0.34937185049057007,
                    0.3469944894313812,
                    0.364310085773468,
                    0.35268473625183105,
                    0.3760799765586853,
                    0.38326048851013184,
                    0.3816133737564087,
                    0.370050847530365,
                    0.35283440351486206,
                    0.33380454778671265,
                    0.3035365343093872,
                    0.2714676260948181,
                    0.2248116433620453,
                    0.13514800369739532,
                    0.12012191116809845
                ],
                "key_ts": [
                    -7.038823969196528e-05,
                    0.000530413119122386,
                    0.0010820527095347643,
                    -0.005002035293728113,
                    0.006649790331721306,
                    -0.007610241882503033,
                    0.005855839233845472,
                    -0.0030437877867370844,
                    -0.0016641792608425021,
                    0.004326439928263426,
                    -0.01068205013871193,
                    0.009030314162373543,
                    -0.007837935350835323,
                    0.003665592987090349,
                    -0.0009923839243128896,
                    -0.005225894507020712,
                    -0.0008829050930216908,
                    0.0003180611820425838,
                    -0.0023751123808324337,
                    0.00020369522098917514
                ]
            },
            "optimizer_parameters": {
                "y_lr": 0.05,
                "t_lr": 0.05,
                "scheduler_step_size": 10,
                "scheduler_gamma": 0.99
            }
        },
        "thickness_spline": {
            "parameters": {
                "key_xs": [
                    0.0,
                    0.30000001192092896,
                    0.5,
                    0.699999988079071,
                    1.0
                ],
                "key_ys": [
                    0.0,
                    0.029999999329447746,
                    0.03999999910593033,
                    0.029999999329447746,
                    0.0
                ],
                "key_ts": [
                    0.05000000074505806,
                    0.009999999776482582,
                    0.0,
                    -0.009999999776482582,
                    -0.05000000074505806
                ]
            },
            "optimizer_parameters": {
                "y_lr": 0.05,
                "t_lr": 0.05,
                "scheduler_step_size": 10,
                "scheduler_gamma": 0.99
            }
        },
        "uv_reshape_bb": {
            "uv": [
                0.001953125,
                0.3352864583333333
            ],
            "size": [
                0.3138020833333333,
                0.3138020833333333
            ]
        }
    },
    "optimizer_parameters": {
        "uv_lr": 0.005,
        "dir_lr": 0.05,
        "scheduler_step_size": 10,
        "scheduler_gamma": 0.99
    }
}