{
    "parameters": {
        "grow_mode": "single_sided",
        "wave_angle": -1.0471975803375244,
        "start_uv": [
            -0.0033681546337902546,
            0.22712218761444092
        ],
        "end_uv": [
            -0.008729499764740467,
            1.0059112310409546
        ],
        "start_dir": [
            0.36886709928512573
        ],
        "end_dir": [
            -2.7323126792907715
        ],
        "init_height": 0.2,
        "sil_spline": {
            "parameters": {
                "key_xs": [
                    0.0,
                    0.05263157933950424,
                    0.10526315867900848,
                    0.15789473056793213,
                    0.21052631735801697,
                    0.2631579041481018,
                    0.31578946113586426,
                    0.3684210479259491,
                    0.42105263471603394,
                    0.4736842215061188,
                    0.5263158082962036,
                    0.5789473652839661,
                    0.6315789222717285,
                    0.6842105388641357,
                    0.7368420958518982,
                    0.7894736528396606,
                    0.8421052694320679,
                    0.8947368264198303,
                    0.9473684430122375,
                    1.0
                ],
                "key_ys": [
                    0.616899847984314,
                    0.46313080191612244,
                    0.3366202414035797,
                    0.29619765281677246,
                    0.2892427444458008,
                    0.29717230796813965,
                    0.31089770793914795,
                    0.8026057481765747,
                    0.19840684533119202,
                    0.14405997097492218,
                    -0.0079721100628376,
                    -0.0343908928334713,
                    -0.030560078099370003,
                    -0.017748409882187843,
                    -0.007821749895811081,
                    -0.009371195919811726,
                    -0.004572360776364803,
                    -0.02547798864543438,
                    -0.023855937644839287,
                    -0.02114046923816204
                ],
                "key_ts": [
                    0.0069726742804050446,
                    -0.008935991674661636,
                    -0.0006906176568008959,
                    0.00011885450658155605,
                    -0.003562153782695532,
                    0.00797093566507101,
                    -0.007314614951610565,
                    -0.010038446635007858,
                    0.007353493012487888,
                    -0.000793199404142797,
                    -0.00022389971127267927,
                    7.843079947633669e-05,
                    -6.28758134553209e-05,
                    -5.614207839244045e-05,
                    7.14624984539114e-05,
                    5.2952716941945255e-05,
                    -0.00015129055827856064,
                    -8.57233681017533e-05,
                    -2.4827002562233247e-05,
                    0.000269869138719514
                ]
            },
            "optimizer_parameters": {
                "y_lr": 0.05,
                "t_lr": 0.05,
                "scheduler_step_size": 10,
                "scheduler_gamma": 0.99
            }
        },
        "thickness_spline": {
            "parameters": {
                "key_xs": [
                    0.0,
                    0.30000001192092896,
                    0.5,
                    0.699999988079071,
                    1.0
                ],
                "key_ys": [
                    0.0,
                    0.009999999776482582,
                    0.012000000104308128,
                    0.009999999776482582,
                    0.0
                ],
                "key_ts": [
                    0.009999999776482582,
                    0.0020000000949949026,
                    0.0,
                    -0.0020000000949949026,
                    -0.009999999776482582
                ]
            },
            "optimizer_parameters": {
                "y_lr": 0.05,
                "t_lr": 0.05,
                "scheduler_step_size": 10,
                "scheduler_gamma": 0.99
            }
        },
        "uv_reshape_bb": {
            "uv": [
                0.001953125,
                0.6686197916666666
            ],
            "size": [
                0.3138020833333333,
                0.3138020833333333
            ]
        }
    },
    "optimizer_parameters": {
        "uv_lr": 0.005,
        "dir_lr": 0.05,
        "scheduler_step_size": 10,
        "scheduler_gamma": 0.99
    }
}