{
    "parameters": {
        "grow_mode": "single_sided",
        "wave_angle": -1.0471975803375244,
        "start_uv": [
            0.06021782010793686,
            0.9319117665290833
        ],
        "end_uv": [
            0.7435899376869202,
            1.000586748123169
        ],
        "start_dir": [
            0.3952520191669464
        ],
        "end_dir": [
            0.4151366055011749
        ],
        "init_height": 0.2,
        "sil_spline": {
            "parameters": {
                "key_xs": [
                    0.0,
                    0.05263157933950424,
                    0.10526315867900848,
                    0.15789473056793213,
                    0.21052631735801697,
                    0.2631579041481018,
                    0.31578946113586426,
                    0.3684210479259491,
                    0.42105263471603394,
                    0.4736842215061188,
                    0.5263158082962036,
                    0.5789473652839661,
                    0.6315789222717285,
                    0.6842105388641357,
                    0.7368420958518982,
                    0.7894736528396606,
                    0.8421052694320679,
                    0.8947368264198303,
                    0.9473684430122375,
                    1.0
                ],
                "key_ys": [
                    0.14767210185527802,
                    0.2619577944278717,
                    0.3072867691516876,
                    0.32155194878578186,
                    0.3245491087436676,
                    0.34153005480766296,
                    0.349773645401001,
                    0.3711761236190796,
                    0.387555330991745,
                    0.4035665690898895,
                    0.38128000497817993,
                    0.3428707420825958,
                    0.3078940212726593,
                    0.26405584812164307,
                    0.2372051179409027,
                    0.20240430533885956,
                    0.1462695300579071,
                    0.10596756637096405,
                    0.11011256277561188,
                    0.06991462409496307
                ],
                "key_ts": [
                    0.0005240394384600222,
                    0.006322060711681843,
                    -0.008476822637021542,
                    0.006373157724738121,
                    -0.0004692288930527866,
                    -0.009770569391548634,
                    0.003723419737070799,
                    -0.007433316204696894,
                    -0.007603909820318222,
                    -0.007492892909795046,
                    0.006300181616097689,
                    0.0028603982646018267,
                    0.008009031414985657,
                    0.001012500491924584,
                    0.006192076485604048,
                    -0.005732535384595394,
                    -0.0016803339822217822,
                    -0.009713128209114075,
                    0.0036949506029486656,
                    -0.0015475337859243155
                ]
            },
            "optimizer_parameters": {
                "y_lr": 0.05,
                "t_lr": 0.05,
                "scheduler_step_size": 10,
                "scheduler_gamma": 0.99
            }
        },
        "thickness_spline": {
            "parameters": {
                "key_xs": [
                    0.0,
                    0.10000000149011612,
                    0.5,
                    0.8999999761581421,
                    1.0
                ],
                "key_ys": [
                    0.0,
                    0.03999999910593033,
                    0.05000000074505806,
                    0.03999999910593033,
                    0.0
                ],
                "key_ts": [
                    0.07999999821186066,
                    0.019999999552965164,
                    0.0,
                    -0.019999999552965164,
                    -0.07999999821186066
                ]
            },
            "optimizer_parameters": {
                "y_lr": 0.05,
                "t_lr": 0.05,
                "scheduler_step_size": 10,
                "scheduler_gamma": 0.99
            }
        },
        "uv_reshape_bb": {
            "uv": [
                0.3352864583333333,
                0.001953125
            ],
            "size": [
                0.3138020833333333,
                0.3138020833333333
            ]
        }
    },
    "optimizer_parameters": {
        "uv_lr": 0.005,
        "dir_lr": 0.05,
        "scheduler_step_size": 10,
        "scheduler_gamma": 0.99
    }
}