{
    "parameters": {
        "origin_xy": [
            -1.2462660074234009,
            0.010874982923269272
        ],
        "origin_z": 0.0,
        "length_x": 2.7292098999023438,
        "length_y": 0.0,
        "length_z": 0.0,
        "uv_reshape_bb": {
            "uv": [
                0.001953125,
                0.001953125
            ],
            "size": [
                0.3138020833333333,
                0.3138020833333333
            ]
        },
        "top_spline": {
            "parameters": {
                "key_xs": [
                    0.0,
                    0.05263157933950424,
                    0.10526315867900848,
                    0.15789473056793213,
                    0.21052631735801697,
                    0.2631579041481018,
                    0.31578946113586426,
                    0.3684210479259491,
                    0.42105263471603394,
                    0.4736842215061188,
                    0.5263158082962036,
                    0.5789473652839661,
                    0.6315789222717285,
                    0.6842105388641357,
                    0.7368420958518982,
                    0.7894736528396606,
                    0.8421052694320679,
                    0.8947368264198303,
                    0.9473684430122375,
                    1.0
                ],
                "key_ys": [
                    0.30226871371269226,
                    0.26662877202033997,
                    0.26123979687690735,
                    0.3735334277153015,
                    0.5065891146659851,
                    0.5919156670570374,
                    0.6362818479537964,
                    0.6624470353126526,
                    0.6839805245399475,
                    0.702523946762085,
                    0.70672208070755,
                    0.6977794766426086,
                    0.6856670379638672,
                    0.6421090960502625,
                    0.5486871600151062,
                    0.42257434129714966,
                    0.26855823397636414,
                    0.09228350967168808,
                    -0.06340378522872925,
                    -0.20559857785701752
                ],
                "key_ts": [
                    -0.11020497977733612,
                    0.02682313695549965,
                    -0.06057906150817871,
                    0.3295436501502991,
                    0.023788869380950928,
                    0.21014681458473206,
                    0.10370224714279175,
                    0.003077216912060976,
                    0.013917961157858372,
                    0.27101561427116394,
                    0.06297023594379425,
                    -0.11202892661094666,
                    0.05028688162565231,
                    -0.23618976771831512,
                    -0.054409511387348175,
                    -0.20977094769477844,
                    -0.19250085949897766,
                    -0.2716797888278961,
                    -0.24962671101093292,
                    0.22846785187721252
                ]
            },
            "optimizer_parameters": {
                "y_lr": 0.05,
                "t_lr": 0.05,
                "scheduler_step_size": 10,
                "scheduler_gamma": 0.99
            }
        },
        "bottom_spline": {
            "parameters": {
                "key_xs": [
                    0.0,
                    0.05263157933950424,
                    0.10526315867900848,
                    0.15789473056793213,
                    0.21052631735801697,
                    0.2631579041481018,
                    0.31578946113586426,
                    0.3684210479259491,
                    0.42105263471603394,
                    0.4736842215061188,
                    0.5263158082962036,
                    0.5789473652839661,
                    0.6315789222717285,
                    0.6842105388641357,
                    0.7368420958518982,
                    0.7894736528396606,
                    0.8421052694320679,
                    0.8947368264198303,
                    0.9473684430122375,
                    1.0
                ],
                "key_ys": [
                    -0.1582200527191162,
                    -0.1208583191037178,
                    -0.046421684324741364,
                    0.0781739354133606,
                    0.22374553978443146,
                    0.4211663603782654,
                    0.5329034328460693,
                    0.6110733151435852,
                    0.6884998679161072,
                    0.7440181374549866,
                    0.7556099891662598,
                    0.7549659609794617,
                    0.7277339100837708,
                    0.6677761077880859,
                    0.5962134599685669,
                    0.5221805572509766,
                    0.4465813934803009,
                    0.36379608511924744,
                    0.2869352698326111,
                    0.19460013508796692
                ],
                "key_ts": [
                    -0.14292295277118683,
                    0.1144007071852684,
                    0.12382274866104126,
                    0.2835242450237274,
                    0.15532571077346802,
                    0.28126606345176697,
                    0.026585211977362633,
                    0.23137354850769043,
                    0.19474957883358002,
                    -0.012467305175960064,
                    -0.10223930329084396,
                    0.004419540520757437,
                    -0.14304135739803314,
                    -0.15596862137317657,
                    -0.13445407152175903,
                    -0.18857289850711823,
                    -0.09964892268180847,
                    -0.184090256690979,
                    -0.11172086745500565,
                    0.08162456005811691
                ]
            },
            "optimizer_parameters": {
                "y_lr": 0.05,
                "t_lr": 0.05,
                "scheduler_step_size": 10,
                "scheduler_gamma": 0.99
            }
        },
        "thickness_spline": {
            "parameters": {
                "key_xs": [
                    0.0,
                    0.10000000149011612,
                    0.20000000298023224,
                    0.30000001192092896,
                    0.4000000059604645,
                    0.6000000238418579,
                    0.699999988079071,
                    0.800000011920929,
                    0.8999999761581421,
                    1.0
                ],
                "key_ys": [
                    0.0,
                    0.6000000238418579,
                    0.75,
                    0.8299999833106995,
                    0.8999999761581421,
                    0.8500000238418579,
                    0.75,
                    0.6000000238418579,
                    0.4000000059604645,
                    0.0
                ],
                "key_ts": [
                    5.0,
                    4.0,
                    2.0,
                    1.0,
                    0.10000000149011612,
                    -0.10000000149011612,
                    -0.5,
                    -0.699999988079071,
                    -1.0,
                    -4.0
                ]
            },
            "optimizer_parameters": {
                "y_lr": 0.05,
                "t_lr": 0.05,
                "scheduler_step_size": 10,
                "scheduler_gamma": 0.99
            }
        },