{
    "parameters": {
        "grow_mode": "double_sided",
        "wave_angle": -1.2000000476837158,
        "start_uv": [
            0.6244201064109802,
            0.2767859697341919
        ],
        "end_uv": [
            0.6212730407714844,
            0.31008273363113403
        ],
        "start_dir": [
            0.7516173720359802
        ],
        "end_dir": [
            -0.629917562007904
        ],
        "init_height": 0.2,
        "sil_spline": {
            "parameters": {
                "key_xs": [
                    0.0,
                    0.05263157933950424,
                    0.10526315867900848,
                    0.15789473056793213,
                    0.21052631735801697,
                    0.2631579041481018,
                    0.31578946113586426,
                    0.3684210479259491,
                    0.42105263471603394,
                    0.4736842215061188,
                    0.5263158082962036,
                    0.5789473652839661,
                    0.6315789222717285,
                    0.6842105388641357,
                    0.7368420958518982,
                    0.7894736528396606,
                    0.8421052694320679,
                    0.8947368264198303,
                    0.9473684430122375,
                    1.0
                ],
                "key_ys": [
                    0.19257687032222748,
                    0.26538151502609253,
                    0.3345704972743988,
                    0.34273502230644226,
                    0.3384939730167389,
                    0.33587074279785156,
                    0.3341462314128876,
                    0.3366214632987976,
                    0.332175612449646,
                    0.32216933369636536,
                    0.3159390389919281,
                    0.31170377135276794,
                    0.3069097101688385,
                    0.31594744324684143,
                    0.3085530698299408,
                    0.30960211157798767,
                    0.31444740295410156,
                    0.31765198707580566,
                    0.3634989857673645,
                    0.2806124687194824
                ],
                "key_ts": [
                    0.00020162388682365417,
                    0.0018583202036097646,
                    0.00740819750353694,
                    -0.006943844258785248,
                    0.002702137688174844,
                    0.00066603091545403,
                    -0.004955336917191744,
                    0.007386245299130678,
                    -0.009233199991285801,
                    0.001318737049587071,
                    -0.0053030322305858135,
                    0.003062749747186899,
                    -0.007877546362578869,
                    0.009280812926590443,
                    -0.005672641564160585,
                    0.000701283395756036,
                    0.0038784495554864407,
                    -0.005989163648337126,
                    0.002335222903639078,
                    0.0011017787037417293
                ]
            },
            "optimizer_parameters": {
                "y_lr": 0.05,
                "t_lr": 0.05,
                "scheduler_step_size": 10,
                "scheduler_gamma": 0.99
            }
        },
        "thickness_spline": {
            "parameters": {
                "key_xs": [
                    0.0,
                    0.30000001192092896,
                    0.5,
                    0.699999988079071,
                    1.0
                ],
                "key_ys": [
                    0.0,
                    0.009999999776482582,
                    0.013000000268220901,
                    0.009999999776482582,
                    0.0
                ],
                "key_ts": [
                    0.009999999776482582,
                    0.0020000000949949026,
                    0.0,
                    -0.0020000000949949026,
                    -0.009999999776482582
                ]
            },
            "optimizer_parameters": {
                "y_lr": 0.05,
                "t_lr": 0.05,
                "scheduler_step_size": 10,
                "scheduler_gamma": 0.99
            }
        },
        "uv_reshape_bb": {
            "uv": [
                0.3352864583333333,
                0.3352864583333333
            ],
            "size": [
                0.3138020833333333,
                0.3138020833333333
            ]
        }
    },
    "optimizer_parameters": {
        "uv_lr": 0.005,
        "dir_lr": 0.05,
        "scheduler_step_size": 10,
        "scheduler_gamma": 0.99
    }
}