{
    "0_anal_fin_mask.png": [
        [
            0.4762711635058722,
            0.43859867696695776
        ],
        [
            0.3977403598824671,
            0.47145631910046837
        ]
    ],
    "0_body_mask.png": [
        [
            0.2372674061208215,
            0.516816674030427
        ],
        [
            0.9266592154808508,
            0.5253752315643816
        ]
    ],
    "0_caudal_fin_mask.png": [
        [
            0.23512776673733277,
            0.4723121748538641
        ],
        [
            0.23555569461403053,
            0.5587536059468039
        ]
    ],
    "0_dorsal_fin_mask.png": [
        [
            0.4435286426891233,
            0.5917040524525284
        ],
        [
            0.5107133193306657,
            0.6071094560136464
        ]
    ],
    "0_pectoral_fin_mask.png": [
        [
            0.7999925639783254,
            0.45690677129274615
        ],
        [
            0.7888664391841846,
            0.4637536173199096
        ]
    ],
    "0_pelvic_fin_mask.png": [
        [
            0.5950151110401168,
            0.41069056060939224
        ],
        [
            0.5770421402188126,
            0.4166815508831603
        ]
    ]
}