{
    "0_anal_fin_mask.png": [
        [
            0.47660045865176687,
            0.4386766472434884
        ],
        [
            0.3991615710959449,
            0.4722481372487849
        ]
    ],
    "0_body_mask.png": [
        [
            0.23721538010694015,
            0.5200447561170676
        ],
        [
            0.9263301615549451,
            0.5256678877486303
        ]
    ],
    "0_caudal_fin_mask.png": [
        [
            0.23609075378062783,
            0.4736539201566756
        ],
        [
            0.2358095971990497,
            0.55884436437485
        ]
    ],
    "0_dorsal_fin_mask.png": [
        [
            0.4466770333826497,
            0.5911773712563354
        ],
        [
            0.510780733982464,
            0.6069221398247109
        ]
    ],
    "0_pectoral_fin_mask.png": [
        [
            0.7998096998447851,
            0.4562222120988314
        ],
        [
            0.7882822800000817,
            0.4640945963830191
        ]
    ],
    "0_pelvic_fin_mask.png": [
        [
            0.6024377795769358,
            0.4151733511884239
        ],
        [
            0.5878176373348728,
            0.421639952564721
        ]
    ]
}