{
    "0_anal_fin_mask.png": [
        [
            0.47713901394148994,
            0.43822947515103317
        ],
        [
            0.3979309990619855,
            0.47213401288543366
        ]
    ],
    "0_body_mask.png": [
        [
            0.2368844448235834,
            0.5183143315236687
        ],
        [
            0.9266664194200058,
            0.5247445024732963
        ]
    ],
    "0_caudal_fin_mask.png": [
        [
            0.23513076183732115,
            0.47330313487627484
        ],
        [
            0.23513076183732115,
            0.5586490402076967
        ]
    ],
    "0_dorsal_fin_mask.png": [
        [
            0.44323447620708933,
            0.5910921754535454
        ],
        [
            0.5101667101827592,
            0.6068753223299043
        ]
    ],
    "0_pectoral_fin_mask.png": [
        [
            0.8004012444091355,
            0.45664314650678495
        ],
        [
            0.7890023049984318,
            0.4639501589495437
        ]
    ],
    "0_pelvic_fin_mask.png": [
        [
            0.5969740180027328,
            0.41338563284565333
        ],
        [
            0.5823599931172154,
            0.4177698403113086
        ]
    ]
}