{
    "parameters": {
        "origin_xy": [
            -1.0,
            0.0
        ],
        "origin_z": 0.0,
        "length_x": 2.0,
        "length_y": 0.0,
        "length_z": 0.0,
        "top_spline": {
            "parameters": {
                "key_xs": [
                    0.0,
                    0.05263157933950424,
                    0.10526315867900848,
                    0.15789473056793213,
                    0.21052631735801697,
                    0.2631579041481018,
                    0.31578946113586426,
                    0.3684210479259491,
                    0.42105263471603394,
                    0.4736842215061188,
                    0.5263158082962036,
                    0.5789473652839661,
                    0.6315789222717285,
                    0.6842105388641357,
                    0.7368420958518982,
                    0.7894736528396606,
                    0.8421052694320679,
                    0.8947368264198303,
                    0.9473684430122375,
                    1.0
                ],
                "key_ys": [
                    1.0,
                    1.0,
                    1.0,
                    1.0,
                    1.0,
                    1.0,
                    1.0,
                    1.0,
                    1.0,
                    1.0,
                    1.0,
                    1.0,
                    1.0,
                    1.0,
                    1.0,
                    1.0,
                    1.0,
                    1.0,
                    1.0,
                    1.0
                ],
                "key_ts": [
                    0.0,
                    0.0,
                    0.0,
                    0.0,
                    0.0,
                    0.0,
                    0.0,
                    0.0,
                    0.0,
                    0.0,
                    0.0,
                    0.0,
                    0.0,
                    0.0,
                    0.0,
                    0.0,
                    0.0,
                    0.0,
                    0.0,
                    0.0
                ]
            },
            "optimizer_parameters": {
                "y_lr": 0.05,
                "t_lr": 0.05,
                "scheduler_step_size": 10,
                "scheduler_gamma": 0.99
            }
        },
        "bottom_spline": {
            "parameters": {
                "key_xs": [
                    0.0,
                    0.05263157933950424,
                    0.10526315867900848,
                    0.15789473056793213,
                    0.21052631735801697,
                    0.2631579041481018,
                    0.31578946113586426,
                    0.3684210479259491,
                    0.42105263471603394,
                    0.4736842215061188,
                    0.5263158082962036,
                    0.5789473652839661,
                    0.6315789222717285,
                    0.6842105388641357,
                    0.7368420958518982,
                    0.7894736528396606,
                    0.8421052694320679,
                    0.8947368264198303,
                    0.9473684430122375,
                    1.0
                ],
                "key_ys": [
                    1.0,
                    1.0,
                    1.0,
                    1.0,
                    1.0,
                    1.0,
                    1.0,
                    1.0,
                    1.0,
                    1.0,
                    1.0,
                    1.0,
                    1.0,
                    1.0,
                    1.0,
                    1.0,
                    1.0,
                    1.0,
                    1.0,
                    1.0
                ],
                "key_ts": [
                    0.0,
                    0.0,
                    0.0,
                    0.0,
                    0.0,
                    0.0,
                    0.0,
                    0.0,
                    0.0,
                    0.0,
                    0.0,
                    0.0,
                    0.0,
                    0.0,
                    0.0,
                    0.0,
                    0.0,
                    0.0,
                    0.0,
                    0.0
                ]
            },
            "optimizer_parameters": {
                "y_lr": 0.05,
                "t_lr": 0.05,
                "scheduler_step_size": 10,
                "scheduler_gamma": 0.99
            }
        },
        "thickness_spline": {
            "parameters": {
                "key_xs": [
                    0.0,
                    0.1,
                    0.2,
                    0.3,
                    0.4,
                    0.6,
                    0.7,
                    0.8,
                    0.9,
                    1.0
                ],
                "key_ys": [
                    0.00,
                    0.60,
                    0.75,
                    0.83,
                    0.90,
                    0.85,
                    0.75,
                    0.60,
                    0.40,
                    0.00
                ],
                "key_ts": [
                    5,
                    4,
                    2,
                    1,
                    0.1,
                    -0.1,
                    -0.5,
                    -0.7,
                    -1,
                    -4
                ]
            },
            "optimizer_parameters": {
                "y_lr": 0.05,
                "t_lr": 0.05,
                "scheduler_step_size": 10,
                "scheduler_gamma": 0.99
            }
        },
        "stream_spline": {
            "parameters": {
                "key_xs": [
                    0.0,
                    0.1,
                    0.2,
                    0.3,
                    0.4,
                    0.6,
                    0.7,
                    0.8,
                    0.9,
                    1.0
                ],
                "key_ys": [
                    0.00,
                    0.08,
                    0.18,
                    0.21,
                    0.25,
                    0.32,
                    0.32,
                    0.3,
                    0.2,
                    0.00
                ],
                "key_ts": [
                    0.5,
                    0.6,
                    0.4,
                    0.4,
                    0.5,
                    0.5,
                    -0.8,
                    -1,
                    -1.5,
                    -3
                ]
            },
            "optimizer_parameters": {
                "y_lr": 0.05,
                "t_lr": 0.05,
                "scheduler_step_size": 10,
                "scheduler_gamma": 0.99
            }
        }
    },
    "optimizer_parameters": {
        "origin_pos_lr": 0.0005,
        "length_xyz_lr": 0.0005,
        "scheduler_step_size": 10,
        "scheduler_gamma": 0.99
    }
}