{
    "0_anal_fin_mask.png": [
        [
            0.5296660480905413,
            0.3132616630648206
        ],
        [
            0.2588604498799221,
            0.46290376226724717
        ]
    ],
    "0_body_mask.png": [
        [
            0.2236505441852336,
            0.5157186208092799
        ],
        [
            0.914903839808898,
            0.46859948230609383
        ]
    ],
    "0_caudal_fin_mask.png": [
        [
            0.22164784172228785,
            0.48559677756852715
        ],
        [
            0.22207576959898562,
            0.5527814542100695
        ]
    ],
    "0_dorsal_fin_mask.png": [
        [
            0.25588207185810563,
            0.54893010331979
        ],
        [
            0.7548459760876493,
            0.6644706300281751
        ]
    ],
    "0_pectoral_fin_mask.png": [
        [
            0.7278865198556927,
            0.41755624517358947
        ],
        [
            0.7565576875944402,
            0.442803989898755
        ]
    ]
}