{
    "0_anal_fin_mask.png": [
        [
            0.5311570525704488,
            0.3141183894934838
        ],
        [
            0.2593067538425514,
            0.46318760904621015
        ]
    ],
    "0_body_mask.png": [
        [
            0.2228126295537097,
            0.5101969894860741
        ],
        [
            0.9152731743224946,
            0.46813596488198517
        ]
    ],
    "0_caudal_fin_mask.png": [
        [
            0.22200048065216327,
            0.4857468540292694
        ],
        [
            0.22200048065216327,
            0.5524259489163396
        ]
    ],
    "0_dorsal_fin_mask.png": [
        [
            0.2567008259505365,
            0.5490239542792441
        ],
        [
            0.7533920429664669,
            0.6660525697953263
        ]
    ],
    "0_pectoral_fin_mask.png": [
        [
            0.7271966842608322,
            0.4177069612873614
        ],
        [
            0.7564538381398527,
            0.4445827189204151
        ]
    ]
}