{
    "parameters": {
        "grow_mode": "double_sided",
        "wave_angle": -1.4,
        "start_uv": [
            0.5,
            0.5
        ],
        "end_uv": [
            0.5,
            0.5
        ],
        "start_dir": [
            0.0
        ],
        "end_dir": [
            0.0
        ],
        "init_height": 0.2,
        "sil_spline": {
            "parameters": {
                "key_xs": [
                    0.0,
                    0.05263157933950424,
                    0.10526315867900848,
                    0.15789473056793213,
                    0.21052631735801697,
                    0.2631579041481018,
                    0.31578946113586426,
                    0.3684210479259491,
                    0.42105263471603394,
                    0.4736842215061188,
                    0.5263158082962036,
                    0.5789473652839661,
                    0.6315789222717285,
                    0.6842105388641357,
                    0.7368420958518982,
                    0.7894736528396606,
                    0.8421052694320679,
                    0.8947368264198303,
                    0.9473684430122375,
                    1.0
                ],
                "key_ys": [
                    0.2,
                    0.2,
                    0.2,
                    0.2,
                    0.2,
                    0.2,
                    0.2,
                    0.2,
                    0.2,
                    0.2,
                    0.2,
                    0.2,
                    0.2,
                    0.2,
                    0.2,
                    0.2,
                    0.2,
                    0.2,
                    0.2,
                    0.2
                ],
                "key_ts": [
                    0.0,
                    0.0,
                    0.0,
                    0.0,
                    0.0,
                    0.0,
                    0.0,
                    0.0,
                    0.0,
                    0.0,
                    0.0,
                    0.0,
                    0.0,
                    0.0,
                    0.0,
                    0.0,
                    0.0,
                    0.0,
                    0.0,
                    0.0
                ]
            },
            "optimizer_parameters": {
                "y_lr": 0.05,
                "t_lr": 0.05,
                "scheduler_step_size": 10,
                "scheduler_gamma": 0.99
            }
        },
        "thickness_spline": {
            "parameters": {
                "key_xs": [
                    0.0,
                    0.3,
                    0.5,
                    0.7,
                    1.0
                ],
                "key_ys": [
                    0.0,
                    0.01,
                    0.013,
                    0.01,
                    0.0
                ],
                "key_ts": [
                    0.01,
                    0.002,
                    0.0,
                    -0.002,
                    -0.01
                ]
            },
            "optimizer_parameters": {
                "y_lr": 0.05,
                "t_lr": 0.05,
                "scheduler_step_size": 10,
                "scheduler_gamma": 0.99
            }
        }
    },
    "optimizer_parameters": {
        "uv_lr": 0.005,
        "dir_lr": 0.05,
        "scheduler_step_size": 10,
        "scheduler_gamma": 0.99
    }
}