{
    "parameters": {
        "grow_mode": "single_sided",
        "wave_angle": -1.0471975803375244,
        "start_uv": [
            0.34933480620384216,
            -0.0021056768018752337
        ],
        "end_uv": [
            0.23517756164073944,
            -0.00034104433143511415
        ],
        "start_dir": [
            -0.10946577042341232
        ],
        "end_dir": [
            -0.7927051186561584
        ],
        "init_height": 0.2,
        "sil_spline": {
            "parameters": {
                "key_xs": [
                    0.0,
                    0.05263157933950424,
                    0.10526315867900848,
                    0.15789473056793213,
                    0.21052631735801697,
                    0.2631579041481018,
                    0.31578946113586426,
                    0.3684210479259491,
                    0.42105263471603394,
                    0.4736842215061188,
                    0.5263158082962036,
                    0.5789473652839661,
                    0.6315789222717285,
                    0.6842105388641357,
                    0.7368420958518982,
                    0.7894736528396606,
                    0.8421052694320679,
                    0.8947368264198303,
                    0.9473684430122375,
                    1.0
                ],
                "key_ys": [
                    0.022921418771147728,
                    0.5453460216522217,
                    0.5531784296035767,
                    0.5506293773651123,
                    0.5360087752342224,
                    0.5305197834968567,
                    0.517791748046875,
                    0.5070664286613464,
                    0.5004764795303345,
                    0.49436938762664795,
                    0.4888744354248047,
                    0.4843362867832184,
                    0.47632887959480286,
                    0.4764776825904846,
                    0.47139066457748413,
                    0.46005645394325256,
                    0.4535687267780304,
                    0.44042879343032837,
                    0.4229944944381714,
                    0.36876991391181946
                ],
                "key_ts": [
                    -0.0024360527750104666,
                    0.006904532201588154,
                    -0.007907138206064701,
                    0.00038779457099735737,
                    -0.006968098692595959,
                    -0.0018625071970745921,
                    -0.006947358604520559,
                    -0.004217837005853653,
                    -0.0043114833533763885,
                    -0.004736415110528469,
                    -0.0038024589885026217,
                    -0.0006865119212307036,
                    -0.004715201444923878,
                    0.0013314008247107267,
                    0.005313870031386614,
                    -0.0050071305595338345,
                    0.0020712094847112894,
                    -0.00267858081497252,
                    0.001831017667427659,
                    -0.000841739063616842
                ]
            },
            "optimizer_parameters": {
                "y_lr": 0.05,
                "t_lr": 0.05,
                "scheduler_step_size": 10,
                "scheduler_gamma": 0.99
            }
        },
        "thickness_spline": {
            "parameters": {
                "key_xs": [
                    0.0,
                    0.30000001192092896,
                    0.5,
                    0.699999988079071,
                    1.0
                ],
                "key_ys": [
                    0.0,
                    0.029999999329447746,
                    0.03999999910593033,
                    0.029999999329447746,
                    0.0
                ],
                "key_ts": [
                    0.05000000074505806,
                    0.009999999776482582,
                    0.0,
                    -0.009999999776482582,
                    -0.05000000074505806
                ]
            },
            "optimizer_parameters": {
                "y_lr": 0.05,
                "t_lr": 0.05,
                "scheduler_step_size": 10,
                "scheduler_gamma": 0.99
            }
        },
        "uv_reshape_bb": {
            "uv": [
                0.001953125,
                0.3352864583333333
            ],
            "size": [
                0.3138020833333333,
                0.3138020833333333
            ]
        }
    },
    "optimizer_parameters": {
        "uv_lr": 0.005,
        "dir_lr": 0.05,
        "scheduler_step_size": 10,
        "scheduler_gamma": 0.99
    }
}