{
    "parameters": {
        "grow_mode": "single_sided",
        "wave_angle": -1.0471975803375244,
        "start_uv": [
            -0.007719996385276318,
            -0.0019469672115519643
        ],
        "end_uv": [
            -0.006861530244350433,
            1.0010384321212769
        ],
        "start_dir": [
            0.6065123081207275
        ],
        "end_dir": [
            -0.6058769226074219
        ],
        "init_height": 0.2,
        "sil_spline": {
            "parameters": {
                "key_xs": [
                    0.0,
                    0.05263157933950424,
                    0.10526315867900848,
                    0.15789473056793213,
                    0.21052631735801697,
                    0.2631579041481018,
                    0.31578946113586426,
                    0.3684210479259491,
                    0.42105263471603394,
                    0.4736842215061188,
                    0.5263158082962036,
                    0.5789473652839661,
                    0.6315789222717285,
                    0.6842105388641357,
                    0.7368420958518982,
                    0.7894736528396606,
                    0.8421052694320679,
                    0.8947368264198303,
                    0.9473684430122375,
                    1.0
                ],
                "key_ys": [
                    0.7134831547737122,
                    0.7989014983177185,
                    0.8034077286720276,
                    0.7529507279396057,
                    0.6854460835456848,
                    0.6283795833587646,
                    0.5824212431907654,
                    0.5479636788368225,
                    0.5301245450973511,
                    0.5296176075935364,
                    0.5282368659973145,
                    0.5471733808517456,
                    0.5890157222747803,
                    0.6502367854118347,
                    0.7589669823646545,
                    0.8670065402984619,
                    0.8567405343055725,
                    0.782865583896637,
                    0.01232458371669054,
                    0.02145448699593544
                ],
                "key_ts": [
                    0.0026151344645768404,
                    0.001954332459717989,
                    -0.0019509572302922606,
                    -0.005525420419871807,
                    -0.004126930609345436,
                    -0.004510120488703251,
                    -0.0019864635542035103,
                    -0.002771055093035102,
                    0.0003227783599868417,
                    0.0010906587122008204,
                    -0.0011227700160816312,
                    0.003661863273009658,
                    0.004192792810499668,
                    0.005902482196688652,
                    0.004717438947409391,
                    0.002368669491261244,
                    -0.00119768304284662,
                    -0.006386223249137402,
                    0.0008632965036667883,
                    0.00029233991517685354
                ]
            },
            "optimizer_parameters": {
                "y_lr": 0.05,
                "t_lr": 0.05,
                "scheduler_step_size": 10,
                "scheduler_gamma": 0.99
            }
        },
        "thickness_spline": {
            "parameters": {
                "key_xs": [
                    0.0,
                    0.30000001192092896,
                    0.5,
                    0.699999988079071,
                    1.0
                ],
                "key_ys": [
                    0.0,
                    0.009999999776482582,
                    0.012000000104308128,
                    0.009999999776482582,
                    0.0
                ],
                "key_ts": [
                    0.009999999776482582,
                    0.0020000000949949026,
                    0.0,
                    -0.0020000000949949026,
                    -0.009999999776482582
                ]
            },
            "optimizer_parameters": {
                "y_lr": 0.05,
                "t_lr": 0.05,
                "scheduler_step_size": 10,
                "scheduler_gamma": 0.99
            }
        },
        "uv_reshape_bb": {
            "uv": [
                0.001953125,
                0.6686197916666666
            ],
            "size": [
                0.3138020833333333,
                0.3138020833333333
            ]
        }
    },
    "optimizer_parameters": {
        "uv_lr": 0.005,
        "dir_lr": 0.05,
        "scheduler_step_size": 10,
        "scheduler_gamma": 0.99
    }
}