{
    "parameters": {
        "grow_mode": "single_sided",
        "wave_angle": -1.0471975803375244,
        "start_uv": [
            0.30301547050476074,
            1.0012253522872925
        ],
        "end_uv": [
            0.39453816413879395,
            1.0012986660003662
        ],
        "start_dir": [
            1.0008810758590698
        ],
        "end_dir": [
            -0.5320385694503784
        ],
        "init_height": 0.2,
        "sil_spline": {
            "parameters": {
                "key_xs": [
                    0.0,
                    0.05263157933950424,
                    0.10526315867900848,
                    0.15789473056793213,
                    0.21052631735801697,
                    0.2631579041481018,
                    0.31578946113586426,
                    0.3684210479259491,
                    0.42105263471603394,
                    0.4736842215061188,
                    0.5263158082962036,
                    0.5789473652839661,
                    0.6315789222717285,
                    0.6842105388641357,
                    0.7368420958518982,
                    0.7894736528396606,
                    0.8421052694320679,
                    0.8947368264198303,
                    0.9473684430122375,
                    1.0
                ],
                "key_ys": [
                    0.29112598299980164,
                    0.3164026439189911,
                    0.33700403571128845,
                    0.3590121567249298,
                    0.38182583451271057,
                    0.4063343107700348,
                    0.4328140914440155,
                    0.4571874737739563,
                    0.4834272563457489,
                    0.5201695561408997,
                    0.5600287318229675,
                    0.5858649015426636,
                    0.449008047580719,
                    0.3339841365814209,
                    0.2414778769016266,
                    0.1718529313802719,
                    0.09380703419446945,
                    0.05856667831540108,
                    0.021472817286849022,
                    0.000994557049125433
                ],
                "key_ts": [
                    0.000782793911639601,
                    -0.003831230802461505,
                    0.009060820564627647,
                    -0.0021901053842157125,
                    0.0029943932313472033,
                    0.0011080651311203837,
                    0.006248566787689924,
                    0.005254784598946571,
                    0.004052364267408848,
                    0.004730441607534885,
                    0.00934291910380125,
                    0.003710264340043068,
                    0.005813565105199814,
                    0.0019343671156093478,
                    -0.004779080860316753,
                    -0.0017400013748556376,
                    -0.002436683978885412,
                    -0.0007839342579245567,
                    -9.097042493522167e-05,
                    0.0002561431028880179
                ]
            },
            "optimizer_parameters": {
                "y_lr": 0.05,
                "t_lr": 0.05,
                "scheduler_step_size": 10,
                "scheduler_gamma": 0.99
            }
        },
        "thickness_spline": {
            "parameters": {
                "key_xs": [
                    0.0,
                    0.10000000149011612,
                    0.5,
                    0.8999999761581421,
                    1.0
                ],
                "key_ys": [
                    0.0,
                    0.03999999910593033,
                    0.05000000074505806,
                    0.03999999910593033,
                    0.0
                ],
                "key_ts": [
                    0.07999999821186066,
                    0.019999999552965164,
                    0.0,
                    -0.019999999552965164,
                    -0.07999999821186066
                ]
            },
            "optimizer_parameters": {
                "y_lr": 0.05,
                "t_lr": 0.05,
                "scheduler_step_size": 10,
                "scheduler_gamma": 0.99
            }
        },
        "uv_reshape_bb": {
            "uv": [
                0.3352864583333333,
                0.001953125
            ],
            "size": [
                0.3138020833333333,
                0.3138020833333333
            ]
        }
    },
    "optimizer_parameters": {
        "uv_lr": 0.005,
        "dir_lr": 0.05,
        "scheduler_step_size": 10,
        "scheduler_gamma": 0.99
    }
}