{
    "parameters": {
        "origin_xy": [
            -1.2152825593948364,
            0.09192940592765808
        ],
        "origin_z": 0.0,
        "length_x": 3.1859731674194336,
        "length_y": 0.0,
        "length_z": 0.0,
        "uv_reshape_bb": {
            "uv": [
                0.001953125,
                0.001953125
            ],
            "size": [
                0.3138020833333333,
                0.3138020833333333
            ]
        },
        "top_spline": {
            "parameters": {
                "key_xs": [
                    0.0,
                    0.05263157933950424,
                    0.10526315867900848,
                    0.15789473056793213,
                    0.21052631735801697,
                    0.2631579041481018,
                    0.31578946113586426,
                    0.3684210479259491,
                    0.42105263471603394,
                    0.4736842215061188,
                    0.5263158082962036,
                    0.5789473652839661,
                    0.6315789222717285,
                    0.6842105388641357,
                    0.7368420958518982,
                    0.7894736528396606,
                    0.8421052694320679,
                    0.8947368264198303,
                    0.9473684430122375,
                    1.0
                ],
                "key_ys": [
                    0.1642659455537796,
                    0.16531389951705933,
                    0.1655285358428955,
                    0.18651387095451355,
                    0.21747568249702454,
                    0.25656911730766296,
                    0.3255542516708374,
                    0.38045379519462585,
                    0.3815217912197113,
                    0.3819991946220398,
                    0.3751252591609955,
                    0.360309362411499,
                    0.34560319781303406,
                    0.32300445437431335,
                    0.2925744950771332,
                    0.25435584783554077,
                    0.21637122333049774,
                    0.172915980219841,
                    0.1294652372598648,
                    0.028310226276516914
                ],
                "key_ts": [
                    -0.08070363849401474,
                    0.0009626316605135798,
                    0.1494958996772766,
                    0.14284107089042664,
                    0.20350408554077148,
                    0.052713457494974136,
                    0.24068903923034668,
                    0.10695846378803253,
                    0.020648235455155373,
                    0.12035955488681793,
                    -0.1762385219335556,
                    -0.12560635805130005,
                    -0.16314613819122314,
                    -0.1309548318386078,
                    -0.20197263360023499,
                    -0.1386498510837555,
                    -0.106113500893116,
                    -0.21618615090847015,
                    0.04277442768216133,
                    0.007894778624176979
                ]
            },
            "optimizer_parameters": {
                "y_lr": 0.05,
                "t_lr": 0.05,
                "scheduler_step_size": 10,
                "scheduler_gamma": 0.99
            }
        },
        "bottom_spline": {
            "parameters": {
                "key_xs": [
                    0.0,
                    0.05263157933950424,
                    0.10526315867900848,
                    0.15789473056793213,
                    0.21052631735801697,
                    0.2631579041481018,
                    0.31578946113586426,
                    0.3684210479259491,
                    0.42105263471603394,
                    0.4736842215061188,
                    0.5263158082962036,
                    0.5789473652839661,
                    0.6315789222717285,
                    0.6842105388641357,
                    0.7368420958518982,
                    0.7894736528396606,
                    0.8421052694320679,
                    0.8947368264198303,
                    0.9473684430122375,
                    1.0
                ],
                "key_ys": [
                    0.20328731834888458,
                    0.17925933003425598,
                    0.1771891862154007,
                    0.17778995633125305,
                    0.18544888496398926,
                    0.2555665373802185,
                    0.3278586268424988,
                    0.3736422657966614,
                    0.44867321848869324,
                    0.5417365431785583,
                    0.5772684216499329,
                    0.5583518743515015,
                    0.5171789526939392,
                    0.5014621019363403,
                    0.4620625972747803,
                    0.40015068650245667,
                    0.3278152644634247,
                    0.24698995053768158,
                    0.1551530957221985,
                    -0.008255824446678162
                ],
                "key_ts": [
                    -0.11953818798065186,
                    0.06099966913461685,
                    0.16944250464439392,
                    0.24016278982162476,
                    0.035686369985342026,
                    0.22633831202983856,
                    0.2924553155899048,
                    -0.017756041139364243,
                    0.30110546946525574,
                    0.13891495764255524,
                    0.22695611417293549,
                    -0.36554640531539917,
                    0.17212125658988953,
                    -0.15831995010375977,
                    -0.1523830145597458,
                    -0.15467561781406403,
                    -0.1408257931470871,
                    -0.1065870150923729,
                    -0.13589654862880707,
                    0.03340417519211769
                ]
            },
            "optimizer_parameters": {
                "y_lr": 0.05,
                "t_lr": 0.05,
                "scheduler_step_size": 10,
                "scheduler_gamma": 0.99
            }
        },
        "thickness_spline": {
            "parameters": {
                "key_xs": [
                    0.0,
                    0.10000000149011612,
                    0.20000000298023224,
                    0.30000001192092896,
                    0.4000000059604645,
                    0.6000000238418579,
                    0.699999988079071,
                    0.800000011920929,
                    0.8999999761581421,
                    1.0
                ],
                "key_ys": [
                    0.0,
                    0.6000000238418579,
                    0.75,
                    0.8299999833106995,
                    0.8999999761581421,
                    0.8500000238418579,
                    0.75,
                    0.6000000238418579,
                    0.4000000059604645,
                    0.0
                ],
                "key_ts": [
                    5.0,
                    4.0,
                    2.0,
                    1.0,
                    0.10000000149011612,
                    -0.10000000149011612,
                    -0.5,
                    -0.699999988079071,
                    -1.0,
                    -4.0
                ]
            },
            "optimizer_parameters": {
                "y_lr": 0.05,
                "t_lr": 0.05,
                "scheduler_step_size": 10,
                "scheduler_gamma": 0.99
            }
        },