{
    "parameters": {
        "grow_mode": "double_sided",
        "wave_angle": -1.2999999523162842,
        "start_uv": [
            0.7918418645858765,
            0.18020065128803253
        ],
        "end_uv": [
            0.7731693387031555,
            0.2507835626602173
        ],
        "start_dir": [
            -0.5246363878250122
        ],
        "end_dir": [
            -1.0752696990966797
        ],
        "init_height": 0.2,
        "sil_spline": {
            "parameters": {
                "key_xs": [
                    0.0,
                    0.05263157933950424,
                    0.10526315867900848,
                    0.15789473056793213,
                    0.21052631735801697,
                    0.2631579041481018,
                    0.31578946113586426,
                    0.3684210479259491,
                    0.42105263471603394,
                    0.4736842215061188,
                    0.5263158082962036,
                    0.5789473652839661,
                    0.6315789222717285,
                    0.6842105388641357,
                    0.7368420958518982,
                    0.7894736528396606,
                    0.8421052694320679,
                    0.8947368264198303,
                    0.9473684430122375,
                    1.0
                ],
                "key_ys": [
                    0.2398773431777954,
                    0.301453560590744,
                    0.315278023481369,
                    0.39422520995140076,
                    0.4184322655200958,
                    0.4753657877445221,
                    0.5111029148101807,
                    0.5348349213600159,
                    0.5574261546134949,
                    0.58221834897995,
                    0.6059388518333435,
                    0.6237967610359192,
                    0.6322018504142761,
                    0.6444047093391418,
                    0.6350664496421814,
                    -0.08960182964801788,
                    0.09371162950992584,
                    0.04766266047954559,
                    0.05042783170938492,
                    0.05681128054857254
                ],
                "key_ts": [
                    0.0002345901884837076,
                    0.0009946315549314022,
                    -0.0024278678465634584,
                    0.004159136675298214,
                    -0.0040448796935379505,
                    0.002946240361779928,
                    -0.0031445554923266172,
                    0.0009249381837435067,
                    0.004482500720769167,
                    -3.5926292184740305e-05,
                    0.005909170024096966,
                    -0.0032273102551698685,
                    0.0023896852508187294,
                    0.0013446517987176776,
                    -0.0019460647599771619,
                    0.00236885086633265,
                    -0.0003814752271864563,
                    -0.00029740206082351506,
                    6.381421553669497e-05,
                    0.00029243945027701557
                ]
            },
            "optimizer_parameters": {
                "y_lr": 0.05,
                "t_lr": 0.05,
                "scheduler_step_size": 10,
                "scheduler_gamma": 0.99
            }
        },
        "thickness_spline": {
            "parameters": {
                "key_xs": [
                    0.0,
                    0.30000001192092896,
                    0.5,
                    0.699999988079071,
                    1.0
                ],
                "key_ys": [
                    0.0,
                    0.009999999776482582,
                    0.013000000268220901,
                    0.009999999776482582,
                    0.0
                ],
                "key_ts": [
                    0.009999999776482582,
                    0.0020000000949949026,
                    0.0,
                    -0.0020000000949949026,
                    -0.009999999776482582
                ]
            },
            "optimizer_parameters": {
                "y_lr": 0.05,
                "t_lr": 0.05,
                "scheduler_step_size": 10,
                "scheduler_gamma": 0.99
            }
        },
        "uv_reshape_bb": {
            "uv": [
                0.3352864583333333,
                0.3352864583333333
            ],
            "size": [
                0.3138020833333333,
                0.3138020833333333
            ]
        }
    },
    "optimizer_parameters": {
        "uv_lr": 0.005,
        "dir_lr": 0.05,
        "scheduler_step_size": 10,
        "scheduler_gamma": 0.99
    }
}