{
    "parameters": {
        "grow_mode": "double_sided",
        "wave_angle": -0.20000000298023224,
        "start_uv": [
            0.5165529847145081,
            0.1014954224228859
        ],
        "end_uv": [
            0.4965140223503113,
            0.10761229693889618
        ],
        "start_dir": [
            -0.41648203134536743
        ],
        "end_dir": [
            -1.290358304977417
        ],
        "init_height": 0.2,
        "sil_spline": {
            "parameters": {
                "key_xs": [
                    0.0,
                    0.05263157933950424,
                    0.10526315867900848,
                    0.15789473056793213,
                    0.21052631735801697,
                    0.2631579041481018,
                    0.31578946113586426,
                    0.3684210479259491,
                    0.42105263471603394,
                    0.4736842215061188,
                    0.5263158082962036,
                    0.5789473652839661,
                    0.6315789222717285,
                    0.6842105388641357,
                    0.7368420958518982,
                    0.7894736528396606,
                    0.8421052694320679,
                    0.8947368264198303,
                    0.9473684430122375,
                    1.0
                ],
                "key_ys": [
                    0.3474024534225464,
                    0.42692312598228455,
                    0.4257751703262329,
                    0.420885294675827,
                    0.413405179977417,
                    0.4054383635520935,
                    0.3977589011192322,
                    0.3875594735145569,
                    0.3783707916736603,
                    0.3711523711681366,
                    0.363340824842453,
                    0.35741472244262695,
                    0.34857645630836487,
                    0.3375784456729889,
                    0.3288792073726654,
                    0.32128676772117615,
                    0.3155367076396942,
                    0.287578821182251,
                    0.028643188998103142,
                    0.06369679421186447
                ],
                "key_ts": [
                    0.002059317659586668,
                    -0.0013375781709328294,
                    -0.005135630257427692,
                    -0.004509198013693094,
                    0.003261144971475005,
                    -0.004291371908038855,
                    0.004234385211020708,
                    0.00046285922871902585,
                    -0.002366330474615097,
                    -0.00449550524353981,
                    -0.008219582960009575,
                    0.0076509080827236176,
                    -0.005352453328669071,
                    -0.0007384124328382313,
                    -0.000923965300898999,
                    -0.0013263357104733586,
                    0.0006998232565820217,
                    -0.0024672893341630697,
                    3.6974797694711015e-05,
                    0.00017663960170466453
                ]
            },
            "optimizer_parameters": {
                "y_lr": 0.05,
                "t_lr": 0.05,
                "scheduler_step_size": 10,
                "scheduler_gamma": 0.99
            }
        },
        "thickness_spline": {
            "parameters": {
                "key_xs": [
                    0.0,
                    1.0
                ],
                "key_ys": [
                    0.0,
                    0.0
                ],
                "key_ts": [
                    0.0,
                    0.0
                ]
            },
            "optimizer_parameters": {
                "y_lr": 0,
                "t_lr": 0,
                "scheduler_step_size": 0,
                "scheduler_gamma": 0
            }
        },
        "uv_reshape_bb": {
            "uv": [
                0.3352864583333333,
                0.6686197916666666
            ],
            "size": [
                0.3138020833333333,
                0.3138020833333333
            ]
        }
    },
    "optimizer_parameters": {
        "uv_lr": 0.005,
        "dir_lr": 0.05,
        "scheduler_step_size": 10,
        "scheduler_gamma": 0.99
    }
}