{
    "parameters": {
        "grow_mode": "single_sided",
        "wave_angle": -1.0471975803375244,
        "start_uv": [
            -0.004387689288705587,
            -0.00015623569197487086
        ],
        "end_uv": [
            -0.004200630355626345,
            1.000004529953003
        ],
        "start_dir": [
            1.0340617895126343
        ],
        "end_dir": [
            -3.5243711471557617
        ],
        "init_height": 0.2,
        "sil_spline": {
            "parameters": {
                "key_xs": [
                    0.0,
                    0.05263157933950424,
                    0.10526315867900848,
                    0.15789473056793213,
                    0.21052631735801697,
                    0.2631579041481018,
                    0.31578946113586426,
                    0.3684210479259491,
                    0.42105263471603394,
                    0.4736842215061188,
                    0.5263158082962036,
                    0.5789473652839661,
                    0.6315789222717285,
                    0.6842105388641357,
                    0.7368420958518982,
                    0.7894736528396606,
                    0.8421052694320679,
                    0.8947368264198303,
                    0.9473684430122375,
                    1.0
                ],
                "key_ys": [
                    0.5882432460784912,
                    0.2871122658252716,
                    0.19845308363437653,
                    0.1618732362985611,
                    0.14747537672519684,
                    0.1428019255399704,
                    0.15241579711437225,
                    0.1895626336336136,
                    0.23418383300304413,
                    0.8350751996040344,
                    -0.1031523197889328,
                    0.07033146917819977,
                    0.0730614960193634,
                    0.07249704748392105,
                    0.06667660921812057,
                    0.06598758697509766,
                    0.06200222671031952,
                    0.0665544643998146,
                    0.07760385423898697,
                    0.08223830908536911
                ],
                "key_ts": [
                    -0.0016062340000644326,
                    0.013249136507511139,
                    -0.001495197881013155,
                    0.007761764340102673,
                    0.012783611193299294,
                    -0.003572891466319561,
                    0.003374381922185421,
                    0.01818714663386345,
                    0.003773096017539501,
                    -0.015493381768465042,
                    -0.012768922373652458,
                    0.0012059666914865375,
                    -0.003091192338615656,
                    -0.004215120803564787,
                    0.0020495953503996134,
                    -0.010330474004149437,
                    -0.008414922282099724,
                    0.001252518268302083,
                    -0.006986837834119797,
                    -0.00019121367949992418
                ]
            },
            "optimizer_parameters": {
                "y_lr": 0.05,
                "t_lr": 0.05,
                "scheduler_step_size": 10,
                "scheduler_gamma": 0.99
            }
        },
        "thickness_spline": {
            "parameters": {
                "key_xs": [
                    0.0,
                    0.30000001192092896,
                    0.5,
                    0.699999988079071,
                    1.0
                ],
                "key_ys": [
                    0.0,
                    0.009999999776482582,
                    0.012000000104308128,
                    0.009999999776482582,
                    0.0
                ],
                "key_ts": [
                    0.009999999776482582,
                    0.0020000000949949026,
                    0.0,
                    -0.0020000000949949026,
                    -0.009999999776482582
                ]
            },
            "optimizer_parameters": {
                "y_lr": 0.05,
                "t_lr": 0.05,
                "scheduler_step_size": 10,
                "scheduler_gamma": 0.99
            }
        },
        "uv_reshape_bb": {
            "uv": [
                0.0,
                0.6666666666666666
            ],
            "size": [
                0.3138020833333333,
                0.3138020833333333
            ]
        }
    },
    "optimizer_parameters": {
        "uv_lr": 0.005,
        "dir_lr": 0.05,
        "scheduler_step_size": 10,
        "scheduler_gamma": 0.99
    }
}