{
    "parameters": {
        "grow_mode": "single_sided",
        "wave_angle": -1.0471975803375244,
        "start_uv": [
            0.32442015409469604,
            1.0011531114578247
        ],
        "end_uv": [
            0.38118505477905273,
            1.0000052452087402
        ],
        "start_dir": [
            -0.3926101326942444
        ],
        "end_dir": [
            0.7084535956382751
        ],
        "init_height": 0.2,
        "sil_spline": {
            "parameters": {
                "key_xs": [
                    0.0,
                    0.05263157933950424,
                    0.10526315867900848,
                    0.15789473056793213,
                    0.21052631735801697,
                    0.2631579041481018,
                    0.31578946113586426,
                    0.3684210479259491,
                    0.42105263471603394,
                    0.4736842215061188,
                    0.5263158082962036,
                    0.5789473652839661,
                    0.6315789222717285,
                    0.6842105388641357,
                    0.7368420958518982,
                    0.7894736528396606,
                    0.8421052694320679,
                    0.8947368264198303,
                    0.9473684430122375,
                    1.0
                ],
                "key_ys": [
                    0.17126047611236572,
                    0.16787968575954437,
                    0.16349893808364868,
                    0.15469980239868164,
                    0.15735770761966705,
                    0.16163596510887146,
                    0.17017380893230438,
                    0.17408235371112823,
                    0.18469145894050598,
                    0.17538237571716309,
                    0.19087305665016174,
                    0.1805863231420517,
                    0.19376643002033234,
                    0.19960060715675354,
                    0.21172428131103516,
                    0.22259195148944855,
                    0.22598008811473846,
                    0.21342705190181732,
                    0.21093761920928955,
                    0.2354990392923355
                ],
                "key_ts": [
                    0.011304648593068123,
                    -0.00959128886461258,
                    -0.006668346934020519,
                    -0.002236657775938511,
                    0.005831231363117695,
                    0.007082048337906599,
                    0.00971823651343584,
                    -0.00041589682223275304,
                    -0.001277039060369134,
                    0.0072535439394414425,
                    -0.0023942268453538418,
                    -0.004204512573778629,
                    0.009206144139170647,
                    -0.0014790381537750363,
                    -0.000538121210411191,
                    -0.0011590641224756837,
                    -0.008023891597986221,
                    -0.0012374618090689182,
                    -0.014976313337683678,
                    -0.0018293610773980618
                ]
            },
            "optimizer_parameters": {
                "y_lr": 0.05,
                "t_lr": 0.05,
                "scheduler_step_size": 10,
                "scheduler_gamma": 0.99
            }
        },
        "thickness_spline": {
            "parameters": {
                "key_xs": [
                    0.0,
                    0.10000000149011612,
                    0.5,
                    0.8999999761581421,
                    1.0
                ],
                "key_ys": [
                    0.0,
                    0.03999999910593033,
                    0.05000000074505806,
                    0.03999999910593033,
                    0.0
                ],
                "key_ts": [
                    0.07999999821186066,
                    0.019999999552965164,
                    0.0,
                    -0.019999999552965164,
                    -0.07999999821186066
                ]
            },
            "optimizer_parameters": {
                "y_lr": 0.05,
                "t_lr": 0.05,
                "scheduler_step_size": 10,
                "scheduler_gamma": 0.99
            }
        },
        "uv_reshape_bb": {
            "uv": [
                0.3333333333333333,
                0.0
            ],
            "size": [
                0.3138020833333333,
                0.3138020833333333
            ]
        }
    },
    "optimizer_parameters": {
        "uv_lr": 0.005,
        "dir_lr": 0.05,
        "scheduler_step_size": 10,
        "scheduler_gamma": 0.99
    }
}