{
    "parameters": {
        "origin_xy": [
            -1.4573928117752075,
            0.23081135749816895
        ],
        "origin_z": 0.0,
        "length_x": 2.9306869506835938,
        "length_y": 0.0,
        "length_z": 0.0,
        "uv_reshape_bb": {
            "uv": [
                0.0,
                0.0
            ],
            "size": [
                0.3138020833333333,
                0.3138020833333333
            ]
        },
        "top_spline": {
            "parameters": {
                "key_xs": [
                    0.0,
                    0.05263157933950424,
                    0.10526315867900848,
                    0.15789473056793213,
                    0.21052631735801697,
                    0.2631579041481018,
                    0.31578946113586426,
                    0.3684210479259491,
                    0.42105263471603394,
                    0.4736842215061188,
                    0.5263158082962036,
                    0.5789473652839661,
                    0.6315789222717285,
                    0.6842105388641357,
                    0.7368420958518982,
                    0.7894736528396606,
                    0.8421052694320679,
                    0.8947368264198303,
                    0.9473684430122375,
                    1.0
                ],
                "key_ys": [
                    -0.00824542436748743,
                    -0.009510560892522335,
                    0.03904392570257187,
                    0.20111574232578278,
                    0.321504145860672,
                    0.44016823172569275,
                    0.5399488806724548,
                    0.6164115071296692,
                    0.6945904493331909,
                    0.7382597923278809,
                    0.7588281035423279,
                    0.7383487820625305,
                    0.6939725279808044,
                    0.6348141431808472,
                    0.5536524653434753,
                    0.43229028582572937,
                    0.26447153091430664,
                    0.07018330693244934,
                    -0.0923677310347557,
                    0.021844401955604553
                ],
                "key_ts": [
                    -0.1215696632862091,
                    -0.008604977279901505,
                    0.22512508928775787,
                    0.2583503723144531,
                    0.1011972650885582,
                    0.20484116673469543,
                    0.21701806783676147,
                    0.1282854974269867,
                    0.2093283236026764,
                    0.02277238294482231,
                    -0.2699982225894928,
                    0.12606556713581085,
                    -0.16323524713516235,
                    -0.14132621884346008,
                    -0.20374315977096558,
                    -0.1903437077999115,
                    -0.15368054807186127,
                    -0.31491532921791077,
                    0.14305323362350464,
                    0.044970206916332245
                ]
            },
            "optimizer_parameters": {
                "y_lr": 0.05,
                "t_lr": 0.05,
                "scheduler_step_size": 10,
                "scheduler_gamma": 0.99
            }
        },
        "bottom_spline": {
            "parameters": {
                "key_xs": [
                    0.0,
                    0.05263157933950424,
                    0.10526315867900848,
                    0.15789473056793213,
                    0.21052631735801697,
                    0.2631579041481018,
                    0.31578946113586426,
                    0.3684210479259491,
                    0.42105263471603394,
                    0.4736842215061188,
                    0.5263158082962036,
                    0.5789473652839661,
                    0.6315789222717285,
                    0.6842105388641357,
                    0.7368420958518982,
                    0.7894736528396606,
                    0.8421052694320679,
                    0.8947368264198303,
                    0.9473684430122375,
                    1.0
                ],
                "key_ys": [
                    0.15543390810489655,
                    0.2288624346256256,
                    0.35776546597480774,
                    0.5509002208709717,
                    0.6893900036811829,
                    0.8003529906272888,
                    0.8782508373260498,
                    0.9470718502998352,
                    1.0087083578109741,
                    1.0544832944869995,
                    1.0719140768051147,
                    1.0525238513946533,
                    1.029228925704956,
                    0.9890568256378174,
                    0.9177514910697937,
                    0.8093450665473938,
                    0.6608712673187256,
                    0.47359752655029297,
                    0.22464419901371002,
                    -0.019510099664330482
                ],
                "key_ts": [
                    -0.06711769849061966,
                    -0.046070076525211334,
                    0.299015074968338,
                    0.09691054373979568,
                    0.19886675477027893,
                    0.053587205708026886,
                    0.09686712175607681,
                    0.23209454119205475,
                    0.11162569373846054,
                    0.12312586605548859,
                    -0.25284716486930847,
                    0.05245985835790634,
                    -0.14430849254131317,
                    -0.12424119561910629,
                    -0.06804132461547852,
                    -0.19131053984165192,
                    -0.0553080290555954,
                    -0.19391831755638123,
                    -0.3194933831691742,
                    0.20381556451320648
                ]
            },
            "optimizer_parameters": {
                "y_lr": 0.05,
                "t_lr": 0.05,
                "scheduler_step_size": 10,
                "scheduler_gamma": 0.99
            }
        },
        "thickness_spline": {
            "parameters": {
                "key_xs": [
                    0.0,
                    0.10000000149011612,
                    0.20000000298023224,
                    0.30000001192092896,
                    0.4000000059604645,
                    0.6000000238418579,
                    0.699999988079071,
                    0.800000011920929,
                    0.8999999761581421,
                    1.0
                ],
                "key_ys": [
                    0.0,
                    0.6000000238418579,
                    0.75,
                    0.8299999833106995,
                    0.8999999761581421,
                    0.8500000238418579,
                    0.75,
                    0.6000000238418579,
                    0.4000000059604645,
                    0.0
                ],
                "key_ts": [
                    5.0,
                    4.0,
                    2.0,
                    1.0,
                    0.10000000149011612,
                    -0.10000000149011612,
                    -0.5,
                    -0.699999988079071,
                    -1.0,
                    -4.0
                ]
            },
            "optimizer_parameters": {
                "y_lr": 0.05,
                "t_lr": 0.05,
                "scheduler_step_size": 10,
                "scheduler_gamma": 0.99
            }
        },