{
    "parameters": {
        "grow_mode": "double_sided",
        "wave_angle": -1.2000000476837158,
        "start_uv": [
            0.5068410038948059,
            0.31051814556121826
        ],
        "end_uv": [
            0.5250978469848633,
            0.33014151453971863
        ],
        "start_dir": [
            -0.1718226969242096
        ],
        "end_dir": [
            0.0762394517660141
        ],
        "init_height": 0.2,
        "sil_spline": {
            "parameters": {
                "key_xs": [
                    0.0,
                    0.05263157933950424,
                    0.10526315867900848,
                    0.15789473056793213,
                    0.21052631735801697,
                    0.2631579041481018,
                    0.31578946113586426,
                    0.3684210479259491,
                    0.42105263471603394,
                    0.4736842215061188,
                    0.5263158082962036,
                    0.5789473652839661,
                    0.6315789222717285,
                    0.6842105388641357,
                    0.7368420958518982,
                    0.7894736528396606,
                    0.8421052694320679,
                    0.8947368264198303,
                    0.9473684430122375,
                    1.0
                ],
                "key_ys": [
                    0.2627400755882263,
                    0.24659816920757294,
                    0.25933653116226196,
                    0.2540985345840454,
                    0.2557480037212372,
                    0.25548943877220154,
                    0.25597864389419556,
                    0.2574060261249542,
                    0.27842721343040466,
                    0.29307684302330017,
                    0.293695330619812,
                    0.295937716960907,
                    0.2715222239494324,
                    0.2835678160190582,
                    0.2842055857181549,
                    0.2895764112472534,
                    0.29769474267959595,
                    0.28341805934906006,
                    0.315807968378067,
                    0.3188514709472656
                ],
                "key_ts": [
                    -0.00010052249854197726,
                    0.015678247436881065,
                    -0.0035803592763841152,
                    0.0012565567158162594,
                    0.004572965204715729,
                    0.0012632256839424372,
                    0.0074882362969219685,
                    0.004200009163469076,
                    -0.004316302947700024,
                    -0.0029239151626825333,
                    0.011950754560530186,
                    -0.004609007854014635,
                    -0.00495790783315897,
                    -0.006748752668499947,
                    -0.003176676342263818,
                    -0.0015271977754309773,
                    -0.0017610419308766723,
                    -0.0018362945411354303,
                    -0.007120711263269186,
                    -0.0037359341513365507
                ]
            },
            "optimizer_parameters": {
                "y_lr": 0.05,
                "t_lr": 0.05,
                "scheduler_step_size": 10,
                "scheduler_gamma": 0.99
            }
        },
        "thickness_spline": {
            "parameters": {
                "key_xs": [
                    0.0,
                    0.30000001192092896,
                    0.5,
                    0.699999988079071,
                    1.0
                ],
                "key_ys": [
                    0.0,
                    0.009999999776482582,
                    0.013000000268220901,
                    0.009999999776482582,
                    0.0
                ],
                "key_ts": [
                    0.009999999776482582,
                    0.0020000000949949026,
                    0.0,
                    -0.0020000000949949026,
                    -0.009999999776482582
                ]
            },
            "optimizer_parameters": {
                "y_lr": 0.05,
                "t_lr": 0.05,
                "scheduler_step_size": 10,
                "scheduler_gamma": 0.99
            }
        },
        "uv_reshape_bb": {
            "uv": [
                0.3333333333333333,
                0.6666666666666666
            ],
            "size": [
                0.3138020833333333,
                0.3138020833333333
            ]
        }
    },
    "optimizer_parameters": {
        "uv_lr": 0.005,
        "dir_lr": 0.05,
        "scheduler_step_size": 10,
        "scheduler_gamma": 0.99
    }
}