{
    "parameters": {
        "start_uv": [
            0.3040147125720978,
            0.0
        ],
        "end_uv": [
            0.04600159823894501,
            0.0
        ],
        "start_dir": [
            -0.04550608620047569
        ],
        "end_dir": [
            -0.0493488609790802
        ],
        "init_height": 0.2,
        "sil_spline": {
            "parameters": {
                "key_xs": [
                    0.0,
                    0.05263157933950424,
                    0.10526315867900848,
                    0.15789473056793213,
                    0.21052631735801697,
                    0.2631579041481018,
                    0.31578946113586426,
                    0.3684210479259491,
                    0.42105263471603394,
                    0.4736842215061188,
                    0.5263158082962036,
                    0.5789473652839661,
                    0.6315789222717285,
                    0.6842105388641357,
                    0.7368420958518982,
                    0.7894736528396606,
                    0.8421052694320679,
                    0.8947368264198303,
                    0.9473684430122375,
                    1.0
                ],
                "key_ys": [
                    0.013619189150631428,
                    -0.02330084890127182,
                    -0.03596224635839462,
                    -0.041685156524181366,
                    -0.0386093407869339,
                    -0.03335700184106827,
                    -0.03479671850800514,
                    -0.01768949069082737,
                    0.034125447273254395,
                    0.08657592535018921,
                    0.3098353445529938,
                    0.3778606057167053,
                    0.4301958978176117,
                    0.47456133365631104,
                    0.48787251114845276,
                    0.5652675628662109,
                    0.6029872894287109,
                    0.5916776061058044,
                    0.5884673595428467,
                    0.5908752679824829
                ],
                "key_ts": [
                    -0.22920778393745422,
                    0.20782847702503204,
                    0.1782887578010559,
                    0.08193788677453995,
                    0.1704995334148407,
                    0.10301808267831802,
                    0.1841113269329071,
                    0.28055453300476074,
                    0.15132305026054382,
                    -0.2369779497385025,
                    0.21773400902748108,
                    -0.22275449335575104,
                    0.4341076910495758,
                    0.05502276495099068,
                    0.30167898535728455,
                    0.3912304639816284,
                    -0.17983363568782806,
                    -0.16539666056632996,
                    0.41993895173072815,
                    -0.4122689366340637
                ]
            },
            "optimizer_parameters": {
                "y_lr": 0.05,
                "t_lr": 0.05,
                "scheduler_step_size": 20,
                "scheduler_gamma": 0.99
            }
        }
    },
    "optimizer_parameters": {
        "uv_lr": 0.005,
        "dir_lr": 0.005,
        "scheduler_step_size": 20,
        "scheduler_gamma": 0.99
    }
}