{
    "parameters": {
        "start_uv": [
            0.0,
            -0.00324894767254591
        ],
        "end_uv": [
            0.0,
            1.0036462545394897
        ],
        "start_dir": [
            0.0043218862265348434
        ],
        "end_dir": [
            -0.05007399246096611
        ],
        "init_height": 0.2,
        "sil_spline": {
            "parameters": {
                "key_xs": [
                    0.0,
                    0.05263157933950424,
                    0.10526315867900848,
                    0.15789473056793213,
                    0.21052631735801697,
                    0.2631579041481018,
                    0.31578946113586426,
                    0.3684210479259491,
                    0.42105263471603394,
                    0.4736842215061188,
                    0.5263158082962036,
                    0.5789473652839661,
                    0.6315789222717285,
                    0.6842105388641357,
                    0.7368420958518982,
                    0.7894736528396606,
                    0.8421052694320679,
                    0.8947368264198303,
                    0.9473684430122375,
                    1.0
                ],
                "key_ys": [
                    0.6526176929473877,
                    0.6441225409507751,
                    0.6067177653312683,
                    0.6336057186126709,
                    0.6440429091453552,
                    0.6432071328163147,
                    0.6411957144737244,
                    0.6398229598999023,
                    0.6379780173301697,
                    0.6426810026168823,
                    0.6388334631919861,
                    0.6407328248023987,
                    0.637651264667511,
                    0.6434219479560852,
                    0.6412885785102844,
                    0.6426430940628052,
                    0.6373655200004578,
                    0.6335420608520508,
                    0.6522290706634521,
                    0.6519250273704529
                ],
                "key_ts": [
                    0.45392173528671265,
                    -0.45785897970199585,
                    -0.3284333050251007,
                    -0.38506487011909485,
                    -0.4477953016757965,
                    -0.427992582321167,
                    -0.44682982563972473,
                    -0.3231012225151062,
                    -0.43168583512306213,
                    0.39540067315101624,
                    -0.25697386264801025,
                    0.3680943548679352,
                    0.4468890428543091,
                    0.4276254177093506,
                    0.4472290873527527,
                    0.42279481887817383,
                    0.4345382750034332,
                    0.43721112608909607,
                    0.41121530532836914,
                    -0.4569008946418762
                ]
            },
            "optimizer_parameters": {
                "y_lr": 0.05,
                "t_lr": 0.05,
                "scheduler_step_size": 20,
                "scheduler_gamma": 0.99
            }
        }
    },
    "optimizer_parameters": {
        "uv_lr": 0.005,
        "dir_lr": 0.005,
        "scheduler_step_size": 20,
        "scheduler_gamma": 0.99
    }
}