{
    "parameters": {
        "start_uv": [
            -0.006043706554919481,
            1.0
        ],
        "end_uv": [
            0.9622146487236023,
            1.0
        ],
        "start_dir": [
            -0.011033260263502598
        ],
        "end_dir": [
            0.017744798213243484
        ],
        "init_height": 0.2,
        "sil_spline": {
            "parameters": {
                "key_xs": [
                    0.0,
                    0.05263157933950424,
                    0.10526315867900848,
                    0.15789473056793213,
                    0.21052631735801697,
                    0.2631579041481018,
                    0.31578946113586426,
                    0.3684210479259491,
                    0.42105263471603394,
                    0.4736842215061188,
                    0.5263158082962036,
                    0.5789473652839661,
                    0.6315789222717285,
                    0.6842105388641357,
                    0.7368420958518982,
                    0.7894736528396606,
                    0.8421052694320679,
                    0.8947368264198303,
                    0.9473684430122375,
                    1.0
                ],
                "key_ys": [
                    0.4892544746398926,
                    0.2942519783973694,
                    0.3742643892765045,
                    0.4554521441459656,
                    0.5306618809700012,
                    0.6465990543365479,
                    0.6332796216011047,
                    0.5549376606941223,
                    0.48558881878852844,
                    0.07741940021514893,
                    -0.03958367183804512,
                    -0.045483771711587906,
                    -0.04515194147825241,
                    -0.05770234018564224,
                    -0.03888636454939842,
                    -0.053020596504211426,
                    -0.04322348162531853,
                    -0.04393098130822182,
                    -0.04062706604599953,
                    -0.02034004218876362
                ],
                "key_ts": [
                    0.10186111181974411,
                    0.17894364893436432,
                    0.2265094667673111,
                    -0.13292762637138367,
                    -0.06795261800289154,
                    -0.09807661920785904,
                    -0.4407885670661926,
                    0.13797129690647125,
                    -0.17395488917827606,
                    -0.3515028655529022,
                    0.21114152669906616,
                    -0.22767092287540436,
                    -0.22472572326660156,
                    -0.02519049309194088,
                    -0.2088126391172409,
                    -0.07545553147792816,
                    -0.15724056959152222,
                    -0.1652708798646927,
                    0.209010049700737,
                    0.22615696489810944
                ]
            },
            "optimizer_parameters": {
                "y_lr": 0.05,
                "t_lr": 0.05,
                "scheduler_step_size": 20,
                "scheduler_gamma": 0.99
            }
        }
    },
    "optimizer_parameters": {
        "uv_lr": 0.005,
        "dir_lr": 0.005,
        "scheduler_step_size": 20,
        "scheduler_gamma": 0.99
    }
}