{
    "parameters": {
        "start_uv": [
            0.5026436448097229,
            0.3139815032482147
        ],
        "end_uv": [
            0.507449746131897,
            0.4957514703273773
        ],
        "start_dir": [
            -0.035665351897478104
        ],
        "end_dir": [
            -0.0017113169888034463
        ],
        "init_height": 0.2,
        "sil_spline": {
            "parameters": {
                "key_xs": [
                    0.0,
                    0.05263157933950424,
                    0.10526315867900848,
                    0.15789473056793213,
                    0.21052631735801697,
                    0.2631579041481018,
                    0.31578946113586426,
                    0.3684210479259491,
                    0.42105263471603394,
                    0.4736842215061188,
                    0.5263158082962036,
                    0.5789473652839661,
                    0.6315789222717285,
                    0.6842105388641357,
                    0.7368420958518982,
                    0.7894736528396606,
                    0.8421052694320679,
                    0.8947368264198303,
                    0.9473684430122375,
                    1.0
                ],
                "key_ys": [
                    0.2645428478717804,
                    0.2136450558900833,
                    0.2884109318256378,
                    0.29923495650291443,
                    0.2912241220474243,
                    0.29799655079841614,
                    0.3074749708175659,
                    0.3465525805950165,
                    0.3754558265209198,
                    0.3860480785369873,
                    0.3921193480491638,
                    0.3921971917152405,
                    0.3928215205669403,
                    0.39601245522499084,
                    0.3973052501678467,
                    0.40109890699386597,
                    0.40245601534843445,
                    0.4036586880683899,
                    0.40634259581565857,
                    0.4060957431793213
                ],
                "key_ts": [
                    -0.05541897937655449,
                    0.16478532552719116,
                    -0.12044525146484375,
                    0.15515737235546112,
                    -0.07112747430801392,
                    0.1251237541437149,
                    0.3283405900001526,
                    0.16582846641540527,
                    0.14924149215221405,
                    0.12364044785499573,
                    0.06626401096582413,
                    0.03631000593304634,
                    0.07922808080911636,
                    0.06892185658216476,
                    0.07464893907308578,
                    0.062175605446100235,
                    0.07072285562753677,
                    0.1199866309762001,
                    -0.051193490624427795,
                    -0.13891342282295227
                ]
            },
            "optimizer_parameters": {
                "y_lr": 0.05,
                "t_lr": 0.05,
                "scheduler_step_size": 20,
                "scheduler_gamma": 0.99
            }
        }
    },
    "optimizer_parameters": {
        "uv_lr": 0.005,
        "dir_lr": 0.005,
        "scheduler_step_size": 20,
        "scheduler_gamma": 0.99
    }
}