{
    "parameters": {
        "start_uv": [
            0.6148260235786438,
            0.0
        ],
        "end_uv": [
            0.3550965487957001,
            0.0
        ],
        "start_dir": [
            -0.044668152928352356
        ],
        "end_dir": [
            -0.050001755356788635
        ],
        "init_height": 0.2,
        "sil_spline": {
            "parameters": {
                "key_xs": [
                    0.0,
                    0.05263157933950424,
                    0.10526315867900848,
                    0.15789473056793213,
                    0.21052631735801697,
                    0.2631579041481018,
                    0.31578946113586426,
                    0.3684210479259491,
                    0.42105263471603394,
                    0.4736842215061188,
                    0.5263158082962036,
                    0.5789473652839661,
                    0.6315789222717285,
                    0.6842105388641357,
                    0.7368420958518982,
                    0.7894736528396606,
                    0.8421052694320679,
                    0.8947368264198303,
                    0.9473684430122375,
                    1.0
                ],
                "key_ys": [
                    0.029796680435538292,
                    -0.009572927840054035,
                    -0.027125800028443336,
                    -0.038763031363487244,
                    -0.03935747593641281,
                    -0.028138158842921257,
                    0.00040450587403029203,
                    -0.008962785825133324,
                    0.0856810212135315,
                    0.14665144681930542,
                    0.14691519737243652,
                    0.16818860173225403,
                    0.24836783111095428,
                    0.2926437556743622,
                    0.2872999906539917,
                    0.36317428946495056,
                    0.41513800621032715,
                    0.4777895212173462,
                    0.5223506093025208,
                    0.557217538356781
                ],
                "key_ts": [
                    -0.21568633615970612,
                    0.19790834188461304,
                    0.14705871045589447,
                    0.21546754240989685,
                    0.0017915653297677636,
                    0.14020365476608276,
                    -0.01351516880095005,
                    0.052430957555770874,
                    0.04098210856318474,
                    0.13726451992988586,
                    -0.09421298652887344,
                    0.2623334527015686,
                    0.12252245843410492,
                    0.06771766394376755,
                    -0.052670735865831375,
                    0.23390518128871918,
                    0.26233991980552673,
                    0.32297104597091675,
                    0.3712891638278961,
                    -0.34177660942077637
                ]
            },
            "optimizer_parameters": {
                "y_lr": 0.05,
                "t_lr": 0.05,
                "scheduler_step_size": 20,
                "scheduler_gamma": 0.99
            }
        }
    },
    "optimizer_parameters": {
        "uv_lr": 0.005,
        "dir_lr": 0.005,
        "scheduler_step_size": 20,
        "scheduler_gamma": 0.99
    }
}