{
    "parameters": {
        "grow_mode": "single_sided",
        "wave_angle": -1.0471975803375244,
        "start_uv": [
            0.2561585009098053,
            -0.0004057542246300727
        ],
        "end_uv": [
            0.15378278493881226,
            -0.00045527153997682035
        ],
        "start_dir": [
            -0.23529045283794403
        ],
        "end_dir": [
            -1.0569977760314941
        ],
        "init_height": 0.2,
        "sil_spline": {
            "parameters": {
                "key_xs": [
                    0.0,
                    0.05263157933950424,
                    0.10526315867900848,
                    0.15789473056793213,
                    0.21052631735801697,
                    0.2631579041481018,
                    0.31578946113586426,
                    0.3684210479259491,
                    0.42105263471603394,
                    0.4736842215061188,
                    0.5263158082962036,
                    0.5789473652839661,
                    0.6315789222717285,
                    0.6842105388641357,
                    0.7368420958518982,
                    0.7894736528396606,
                    0.8421052694320679,
                    0.8947368264198303,
                    0.9473684430122375,
                    1.0
                ],
                "key_ys": [
                    0.08861446380615234,
                    0.17486877739429474,
                    0.23849350214004517,
                    0.29229432344436646,
                    0.35586369037628174,
                    0.38842278718948364,
                    0.39382457733154297,
                    0.4084137976169586,
                    0.3962754011154175,
                    0.36271077394485474,
                    0.321127712726593,
                    0.27832749485969543,
                    0.24500291049480438,
                    0.2108222395181656,
                    0.1838838905096054,
                    0.15541905164718628,
                    0.08314453810453415,
                    0.06263770908117294,
                    0.050262562930583954,
                    0.031896013766527176
                ],
                "key_ts": [
                    0.0012815111549571157,
                    0.00024928528000600636,
                    0.0007708629709668458,
                    -0.0011985314777120948,
                    0.0031107983086258173,
                    0.0014501899713650346,
                    0.001103648915886879,
                    0.002577815903350711,
                    -0.001102027832530439,
                    0.00029247577185742557,
                    0.0019639115780591965,
                    -0.00304427370429039,
                    -0.0030960163567215204,
                    -0.003023276338353753,
                    -0.005783377215266228,
                    -0.0024654546286910772,
                    -0.002461899071931839,
                    -0.0012417570687830448,
                    8.223184704547748e-05,
                    3.620734787546098e-05
                ]
            },
            "optimizer_parameters": {
                "y_lr": 0.05,
                "t_lr": 0.05,
                "scheduler_step_size": 10,
                "scheduler_gamma": 0.99
            }
        },
        "thickness_spline": {
            "parameters": {
                "key_xs": [
                    0.0,
                    0.30000001192092896,
                    0.5,
                    0.699999988079071,
                    1.0
                ],
                "key_ys": [
                    0.0,
                    0.029999999329447746,
                    0.03999999910593033,
                    0.029999999329447746,
                    0.0
                ],
                "key_ts": [
                    0.05000000074505806,
                    0.009999999776482582,
                    0.0,
                    -0.009999999776482582,
                    -0.05000000074505806
                ]
            },
            "optimizer_parameters": {
                "y_lr": 0.05,
                "t_lr": 0.05,
                "scheduler_step_size": 10,
                "scheduler_gamma": 0.99
            }
        },
        "uv_reshape_bb": {
            "uv": [
                0.001953125,
                0.3352864583333333
            ],
            "size": [
                0.3138020833333333,
                0.3138020833333333
            ]
        }
    },
    "optimizer_parameters": {
        "uv_lr": 0.005,
        "dir_lr": 0.05,
        "scheduler_step_size": 10,
        "scheduler_gamma": 0.99
    }
}