{
    "parameters": {
        "grow_mode": "single_sided",
        "wave_angle": -1.0471975803375244,
        "start_uv": [
            -0.008101306855678558,
            -0.0008168205386027694
        ],
        "end_uv": [
            -0.009682904928922653,
            1.004719614982605
        ],
        "start_dir": [
            0.3801517188549042
        ],
        "end_dir": [
            -0.2956274151802063
        ],
        "init_height": 0.2,
        "sil_spline": {
            "parameters": {
                "key_xs": [
                    0.0,
                    0.05263157933950424,
                    0.10526315867900848,
                    0.15789473056793213,
                    0.21052631735801697,
                    0.2631579041481018,
                    0.31578946113586426,
                    0.3684210479259491,
                    0.42105263471603394,
                    0.4736842215061188,
                    0.5263158082962036,
                    0.5789473652839661,
                    0.6315789222717285,
                    0.6842105388641357,
                    0.7368420958518982,
                    0.7894736528396606,
                    0.8421052694320679,
                    0.8947368264198303,
                    0.9473684430122375,
                    1.0
                ],
                "key_ys": [
                    0.29509228467941284,
                    0.5973576903343201,
                    0.6664351224899292,
                    0.5589597821235657,
                    0.5165886282920837,
                    0.4643421471118927,
                    0.4304896295070648,
                    0.40168988704681396,
                    0.38868197798728943,
                    0.37252289056777954,
                    0.36484214663505554,
                    0.4010007083415985,
                    0.4181707501411438,
                    0.451340913772583,
                    0.5039635300636292,
                    0.5476587414741516,
                    0.6337009072303772,
                    0.7027486562728882,
                    0.5778394937515259,
                    0.26036587357521057
                ],
                "key_ts": [
                    0.001052664127200842,
                    0.005494772922247648,
                    -0.007738778367638588,
                    0.002170335501432419,
                    -0.006094427313655615,
                    -0.0001391326659359038,
                    -0.007963243871927261,
                    -0.0011236899299547076,
                    0.0033457635436207056,
                    -0.006169433705508709,
                    -0.005144739057868719,
                    0.009476966224610806,
                    -0.00037289998726919293,
                    0.005284107755869627,
                    0.003060947870835662,
                    0.0040788957849144936,
                    0.0052832942456007,
                    -0.0014288624515756965,
                    0.0003829628985840827,
                    -0.001730303163640201
                ]
            },
            "optimizer_parameters": {
                "y_lr": 0.05,
                "t_lr": 0.05,
                "scheduler_step_size": 10,
                "scheduler_gamma": 0.99
            }
        },
        "thickness_spline": {
            "parameters": {
                "key_xs": [
                    0.0,
                    0.30000001192092896,
                    0.5,
                    0.699999988079071,
                    1.0
                ],
                "key_ys": [
                    0.0,
                    0.009999999776482582,
                    0.012000000104308128,
                    0.009999999776482582,
                    0.0
                ],
                "key_ts": [
                    0.009999999776482582,
                    0.0020000000949949026,
                    0.0,
                    -0.0020000000949949026,
                    -0.009999999776482582
                ]
            },
            "optimizer_parameters": {
                "y_lr": 0.05,
                "t_lr": 0.05,
                "scheduler_step_size": 10,
                "scheduler_gamma": 0.99
            }
        },
        "uv_reshape_bb": {
            "uv": [
                0.001953125,
                0.6686197916666666
            ],
            "size": [
                0.3138020833333333,
                0.3138020833333333
            ]
        }
    },
    "optimizer_parameters": {
        "uv_lr": 0.005,
        "dir_lr": 0.05,
        "scheduler_step_size": 10,
        "scheduler_gamma": 0.99
    }
}