{
    "parameters": {
        "grow_mode": "single_sided",
        "wave_angle": -1.0471975803375244,
        "start_uv": [
            0.24098257720470428,
            1.0008634328842163
        ],
        "end_uv": [
            0.6396427750587463,
            1.0020726919174194
        ],
        "start_dir": [
            0.053870294243097305
        ],
        "end_dir": [
            -0.0455290712416172
        ],
        "init_height": 0.2,
        "sil_spline": {
            "parameters": {
                "key_xs": [
                    0.0,
                    0.05263157933950424,
                    0.10526315867900848,
                    0.15789473056793213,
                    0.21052631735801697,
                    0.2631579041481018,
                    0.31578946113586426,
                    0.3684210479259491,
                    0.42105263471603394,
                    0.4736842215061188,
                    0.5263158082962036,
                    0.5789473652839661,
                    0.6315789222717285,
                    0.6842105388641357,
                    0.7368420958518982,
                    0.7894736528396606,
                    0.8421052694320679,
                    0.8947368264198303,
                    0.9473684430122375,
                    1.0
                ],
                "key_ys": [
                    0.09458166360855103,
                    0.10497704893350601,
                    0.13875088095664978,
                    0.1312159150838852,
                    0.1602097451686859,
                    0.1615532785654068,
                    0.175126314163208,
                    0.20318342745304108,
                    0.18296664953231812,
                    0.22061990201473236,
                    0.21094538271427155,
                    0.20873059332370758,
                    0.24299129843711853,
                    0.2108049988746643,
                    0.22509834170341492,
                    0.18138368427753448,
                    0.2363906055688858,
                    0.19652493298053741,
                    0.10774658620357513,
                    0.16347694396972656
                ],
                "key_ts": [
                    -0.0026284444611519575,
                    0.009698529727756977,
                    -0.00844211969524622,
                    0.006933426950126886,
                    -0.0025714202784001827,
                    0.0018793337512761354,
                    0.003241761587560177,
                    -0.005875666160136461,
                    0.005375376902520657,
                    0.0036978682037442923,
                    -0.008007680997252464,
                    0.008117231540381908,
                    -0.011489270254969597,
                    0.0102655915543437,
                    -0.0037990151904523373,
                    0.0036678523756563663,
                    -0.005631782580167055,
                    -0.00026485903072170913,
                    -0.009532490745186806,
                    0.005855625960975885
                ]
            },
            "optimizer_parameters": {
                "y_lr": 0.05,
                "t_lr": 0.05,
                "scheduler_step_size": 10,
                "scheduler_gamma": 0.99
            }
        },
        "thickness_spline": {
            "parameters": {
                "key_xs": [
                    0.0,
                    0.10000000149011612,
                    0.5,
                    0.8999999761581421,
                    1.0
                ],
                "key_ys": [
                    0.0,
                    0.03999999910593033,
                    0.05000000074505806,
                    0.03999999910593033,
                    0.0
                ],
                "key_ts": [
                    0.07999999821186066,
                    0.019999999552965164,
                    0.0,
                    -0.019999999552965164,
                    -0.07999999821186066
                ]
            },
            "optimizer_parameters": {
                "y_lr": 0.05,
                "t_lr": 0.05,
                "scheduler_step_size": 10,
                "scheduler_gamma": 0.99
            }
        },
        "uv_reshape_bb": {
            "uv": [
                0.3352864583333333,
                0.3352864583333333
            ],
            "size": [
                0.3138020833333333,
                0.3138020833333333
            ]
        }
    },
    "optimizer_parameters": {
        "uv_lr": 0.005,
        "dir_lr": 0.05,
        "scheduler_step_size": 10,
        "scheduler_gamma": 0.99
    }
}