{
    "parameters": {
        "grow_mode": "single_sided",
        "wave_angle": -1.0471975803375244,
        "start_uv": [
            0.12881529331207275,
            1.0011637210845947
        ],
        "end_uv": [
            0.19452618062496185,
            1.00001060962677
        ],
        "start_dir": [
            0.8592525720596313
        ],
        "end_dir": [
            -0.6684014201164246
        ],
        "init_height": 0.2,
        "sil_spline": {
            "parameters": {
                "key_xs": [
                    0.0,
                    0.05263157933950424,
                    0.10526315867900848,
                    0.15789473056793213,
                    0.21052631735801697,
                    0.2631579041481018,
                    0.31578946113586426,
                    0.3684210479259491,
                    0.42105263471603394,
                    0.4736842215061188,
                    0.5263158082962036,
                    0.5789473652839661,
                    0.6315789222717285,
                    0.6842105388641357,
                    0.7368420958518982,
                    0.7894736528396606,
                    0.8421052694320679,
                    0.8947368264198303,
                    0.9473684430122375,
                    1.0
                ],
                "key_ys": [
                    0.00916068721562624,
                    0.1386316567659378,
                    0.23312847316265106,
                    0.2880973219871521,
                    0.31768789887428284,
                    0.34698086977005005,
                    0.3800732493400574,
                    0.5767224431037903,
                    0.47992661595344543,
                    0.39999493956565857,
                    0.31734710931777954,
                    0.25559771060943604,
                    0.20473502576351166,
                    0.16278544068336487,
                    0.11068788170814514,
                    0.08413489907979965,
                    0.0684688463807106,
                    0.05788109824061394,
                    0.049495305866003036,
                    0.03784246742725372
                ],
                "key_ts": [
                    2.9605729650938883e-05,
                    -0.00043506239308044314,
                    0.00045002964907325804,
                    0.004189913626760244,
                    -0.0019435967551544309,
                    -9.836121171247214e-05,
                    0.005283566191792488,
                    -0.011207902804017067,
                    0.0008753162110224366,
                    -0.008225014433264732,
                    -0.002534972969442606,
                    -0.0040734512731432915,
                    -0.0017749338876456022,
                    -0.0007302353624254465,
                    -0.00017571081116329879,
                    -0.00018056415137834847,
                    -0.0006825585733167827,
                    -0.0006440473371185362,
                    -0.0003949058591388166,
                    0.0003465089830569923
                ]
            },
            "optimizer_parameters": {
                "y_lr": 0.05,
                "t_lr": 0.05,
                "scheduler_step_size": 10,
                "scheduler_gamma": 0.99
            }
        },
        "thickness_spline": {
            "parameters": {
                "key_xs": [
                    0.0,
                    0.10000000149011612,
                    0.5,
                    0.8999999761581421,
                    1.0
                ],
                "key_ys": [
                    0.0,
                    0.03999999910593033,
                    0.05000000074505806,
                    0.03999999910593033,
                    0.0
                ],
                "key_ts": [
                    0.07999999821186066,
                    0.019999999552965164,
                    0.0,
                    -0.019999999552965164,
                    -0.07999999821186066
                ]
            },
            "optimizer_parameters": {
                "y_lr": 0.05,
                "t_lr": 0.05,
                "scheduler_step_size": 10,
                "scheduler_gamma": 0.99
            }
        },
        "uv_reshape_bb": {
            "uv": [
                0.3352864583333333,
                0.001953125
            ],
            "size": [
                0.3138020833333333,
                0.3138020833333333
            ]
        }
    },
    "optimizer_parameters": {
        "uv_lr": 0.005,
        "dir_lr": 0.05,
        "scheduler_step_size": 10,
        "scheduler_gamma": 0.99
    }
}