{
    "parameters": {
        "origin_xy": [
            -1.2113616466522217,
            0.005120357498526573
        ],
        "origin_z": 0.0,
        "length_x": 3.1465675830841064,
        "length_y": 0.0,
        "length_z": 0.0,
        "uv_reshape_bb": {
            "uv": [
                0.001953125,
                0.001953125
            ],
            "size": [
                0.3138020833333333,
                0.3138020833333333
            ]
        },
        "top_spline": {
            "parameters": {
                "key_xs": [
                    0.0,
                    0.05263157933950424,
                    0.10526315867900848,
                    0.15789473056793213,
                    0.21052631735801697,
                    0.2631579041481018,
                    0.31578946113586426,
                    0.3684210479259491,
                    0.42105263471603394,
                    0.4736842215061188,
                    0.5263158082962036,
                    0.5789473652839661,
                    0.6315789222717285,
                    0.6842105388641357,
                    0.7368420958518982,
                    0.7894736528396606,
                    0.8421052694320679,
                    0.8947368264198303,
                    0.9473684430122375,
                    1.0
                ],
                "key_ys": [
                    0.015729280188679695,
                    0.0056828889064490795,
                    0.03886622190475464,
                    0.23970450460910797,
                    0.2958046495914459,
                    0.4167653024196625,
                    0.5225785970687866,
                    0.5931850671768188,
                    0.6569790244102478,
                    0.7094133496284485,
                    0.7380428314208984,
                    0.7475458979606628,
                    0.7237020134925842,
                    0.6864506006240845,
                    0.6276889443397522,
                    0.5410870313644409,
                    0.4319468140602112,
                    0.31913143396377563,
                    0.19821208715438843,
                    0.14222538471221924
                ],
                "key_ts": [
                    -0.13803720474243164,
                    0.08043906092643738,
                    0.2951529026031494,
                    0.16078826785087585,
                    -0.09421021491289139,
                    0.32868003845214844,
                    -0.0001999636006075889,
                    0.2169555276632309,
                    0.15743423998355865,
                    0.09234243631362915,
                    -0.06393532454967499,
                    0.04679013043642044,
                    -0.05758528411388397,
                    -0.017369244247674942,
                    -0.20646314322948456,
                    -0.130706787109375,
                    -0.17146550118923187,
                    -0.07343099266290665,
                    -0.3054143786430359,
                    0.21032322943210602
                ]
            },
            "optimizer_parameters": {
                "y_lr": 0.05,
                "t_lr": 0.05,
                "scheduler_step_size": 10,
                "scheduler_gamma": 0.99
            }
        },
        "bottom_spline": {
            "parameters": {
                "key_xs": [
                    0.0,
                    0.05263157933950424,
                    0.10526315867900848,
                    0.15789473056793213,
                    0.21052631735801697,
                    0.2631579041481018,
                    0.31578946113586426,
                    0.3684210479259491,
                    0.42105263471603394,
                    0.4736842215061188,
                    0.5263158082962036,
                    0.5789473652839661,
                    0.6315789222717285,
                    0.6842105388641357,
                    0.7368420958518982,
                    0.7894736528396606,
                    0.8421052694320679,
                    0.8947368264198303,
                    0.9473684430122375,
                    1.0
                ],
                "key_ys": [
                    0.30829209089279175,
                    0.29005759954452515,
                    0.2958795130252838,
                    0.3471553325653076,
                    0.43392711877822876,
                    0.5197566151618958,
                    0.5621641278266907,
                    0.5955416560173035,
                    0.6149770617485046,
                    0.6295117139816284,
                    0.6316379308700562,
                    0.6324159502983093,
                    0.6165182590484619,
                    0.6043037176132202,
                    0.5741395354270935,
                    0.5273933410644531,
                    0.4170196056365967,
                    0.2472454160451889,
                    0.021546727046370506,
                    -0.16767233610153198
                ],
                "key_ts": [
                    -0.06780149042606354,
                    0.21409201622009277,
                    -0.12742726504802704,
                    0.20190083980560303,
                    0.24070750176906586,
                    -0.043512143194675446,
                    0.22571751475334167,
                    0.08728894591331482,
                    0.17401929199695587,
                    0.2254929095506668,
                    -0.03159051388502121,
                    0.020847616717219353,
                    -0.12224722653627396,
                    -0.03912484273314476,
                    -0.12115050107240677,
                    -0.08157981932163239,
                    -0.22368218004703522,
                    -0.17232809960842133,
                    -0.3120146691799164,
                    0.20649538934230804
                ]
            },
            "optimizer_parameters": {
                "y_lr": 0.05,
                "t_lr": 0.05,
                "scheduler_step_size": 10,
                "scheduler_gamma": 0.99
            }
        },
        "thickness_spline": {
            "parameters": {
                "key_xs": [
                    0.0,
                    0.10000000149011612,
                    0.20000000298023224,
                    0.30000001192092896,
                    0.4000000059604645,
                    0.6000000238418579,
                    0.699999988079071,
                    0.800000011920929,
                    0.8999999761581421,
                    1.0
                ],
                "key_ys": [
                    0.0,
                    0.6000000238418579,
                    0.75,
                    0.8299999833106995,
                    0.8999999761581421,
                    0.8500000238418579,
                    0.75,
                    0.6000000238418579,
                    0.4000000059604645,
                    0.0
                ],
                "key_ts": [
                    5.0,
                    4.0,
                    2.0,
                    1.0,
                    0.10000000149011612,
                    -0.10000000149011612,
                    -0.5,
                    -0.699999988079071,
                    -1.0,
                    -4.0
                ]
            },
            "optimizer_parameters": {
                "y_lr": 0.05,
                "t_lr": 0.05,
                "scheduler_step_size": 10,
                "scheduler_gamma": 0.99
            }
        },