{
    "parameters": {
        "grow_mode": "single_sided",
        "wave_angle": -1.0471975803375244,
        "start_uv": [
            0.6931860446929932,
            0.03853913024067879
        ],
        "end_uv": [
            0.651807963848114,
            0.006077411584556103
        ],
        "start_dir": [
            -0.9505612850189209
        ],
        "end_dir": [
            -1.2065237760543823
        ],
        "init_height": 0.2,
        "sil_spline": {
            "parameters": {
                "key_xs": [
                    0.0,
                    0.05263157933950424,
                    0.10526315867900848,
                    0.15789473056793213,
                    0.21052631735801697,
                    0.2631579041481018,
                    0.31578946113586426,
                    0.3684210479259491,
                    0.42105263471603394,
                    0.4736842215061188,
                    0.5263158082962036,
                    0.5789473652839661,
                    0.6315789222717285,
                    0.6842105388641357,
                    0.7368420958518982,
                    0.7894736528396606,
                    0.8421052694320679,
                    0.8947368264198303,
                    0.9473684430122375,
                    1.0
                ],
                "key_ys": [
                    0.17613379657268524,
                    0.17362667620182037,
                    0.19496959447860718,
                    0.20664860308170319,
                    0.21299663186073303,
                    0.2284589260816574,
                    0.23816344141960144,
                    0.24562987685203552,
                    0.25420939922332764,
                    0.2664542496204376,
                    0.27397435903549194,
                    0.2961289584636688,
                    0.25230440497398376,
                    0.3311333954334259,
                    0.2058911919593811,
                    0.21254630386829376,
                    0.1998007744550705,
                    0.19057902693748474,
                    0.1764792650938034,
                    0.17438675463199615
                ],
                "key_ts": [
                    -0.00032739731250330806,
                    -0.0003844332240987569,
                    0.0009045957704074681,
                    0.00013392280379775912,
                    -0.00036064485902898014,
                    0.0004104435502085835,
                    0.0009097911533899605,
                    -0.0003621465293690562,
                    -0.0005846493877470493,
                    0.0003238660574425012,
                    -0.0007558294455520809,
                    0.004469793755561113,
                    -0.005630948580801487,
                    0.00665714405477047,
                    0.00018934677063953131,
                    -0.00038410129491239786,
                    7.231403287732974e-05,
                    -0.00030530188814736903,
                    -0.0005742041976191103,
                    9.540291648590937e-05
                ]
            },
            "optimizer_parameters": {
                "y_lr": 0.05,
                "t_lr": 0.05,
                "scheduler_step_size": 10,
                "scheduler_gamma": 0.99
            }
        },
        "thickness_spline": {
            "parameters": {
                "key_xs": [
                    0.0,
                    1.0
                ],
                "key_ys": [
                    0.0,
                    0.0
                ],
                "key_ts": [
                    0.0,
                    0.0
                ]
            },
            "optimizer_parameters": {
                "y_lr": 0,
                "t_lr": 0,
                "scheduler_step_size": 0,
                "scheduler_gamma": 0
            }
        },
        "uv_reshape_bb": {
            "uv": [
                0.3352864583333333,
                0.6686197916666666
            ],
            "size": [
                0.3138020833333333,
                0.3138020833333333
            ]
        }
    },
    "optimizer_parameters": {
        "uv_lr": 0.005,
        "dir_lr": 0.05,
        "scheduler_step_size": 10,
        "scheduler_gamma": 0.99
    }
}