{
    "parameters": {
        "grow_mode": "single_sided",
        "wave_angle": -1.0471975803375244,
        "start_uv": [
            0.35658323764801025,
            -0.002542214235290885
        ],
        "end_uv": [
            0.10229727625846863,
            -0.00028615756309591234
        ],
        "start_dir": [
            -0.3537995219230652
        ],
        "end_dir": [
            -0.17562326788902283
        ],
        "init_height": 0.2,
        "sil_spline": {
            "parameters": {
                "key_xs": [
                    0.0,
                    0.05263157933950424,
                    0.10526315867900848,
                    0.15789473056793213,
                    0.21052631735801697,
                    0.2631579041481018,
                    0.31578946113586426,
                    0.3684210479259491,
                    0.42105263471603394,
                    0.4736842215061188,
                    0.5263158082962036,
                    0.5789473652839661,
                    0.6315789222717285,
                    0.6842105388641357,
                    0.7368420958518982,
                    0.7894736528396606,
                    0.8421052694320679,
                    0.8947368264198303,
                    0.9473684430122375,
                    1.0
                ],
                "key_ys": [
                    0.1658715456724167,
                    0.17520369589328766,
                    0.17272581160068512,
                    0.16304881870746613,
                    0.16555418074131012,
                    0.17712071537971497,
                    0.1795046478509903,
                    0.1706007719039917,
                    0.17161256074905396,
                    0.17922823131084442,
                    0.1789223700761795,
                    0.16407614946365356,
                    0.15662693977355957,
                    0.15528276562690735,
                    0.14684292674064636,
                    0.12894652783870697,
                    0.11991614103317261,
                    0.10471099615097046,
                    0.0921441912651062,
                    0.08346985280513763
                ],
                "key_ts": [
                    0.012850748375058174,
                    -0.014637578278779984,
                    0.013966486789286137,
                    -0.0033103066962212324,
                    0.02535952813923359,
                    0.0031281099654734135,
                    0.0019976801704615355,
                    -0.008641890250146389,
                    0.019286375492811203,
                    0.004076878074556589,
                    -0.004773318767547607,
                    -0.011835502460598946,
                    0.007087195757776499,
                    -0.006273966748267412,
                    -0.0012848395854234695,
                    -0.014155072160065174,
                    0.001222100225277245,
                    -0.009360394440591335,
                    -0.02508808672428131,
                    0.014936734922230244
                ]
            },
            "optimizer_parameters": {
                "y_lr": 0.05,
                "t_lr": 0.05,
                "scheduler_step_size": 10,
                "scheduler_gamma": 0.99
            }
        },
        "thickness_spline": {
            "parameters": {
                "key_xs": [
                    0.0,
                    0.30000001192092896,
                    0.5,
                    0.699999988079071,
                    1.0
                ],
                "key_ys": [
                    0.0,
                    0.029999999329447746,
                    0.03999999910593033,
                    0.029999999329447746,
                    0.0
                ],
                "key_ts": [
                    0.05000000074505806,
                    0.009999999776482582,
                    0.0,
                    -0.009999999776482582,
                    -0.05000000074505806
                ]
            },
            "optimizer_parameters": {
                "y_lr": 0.05,
                "t_lr": 0.05,
                "scheduler_step_size": 10,
                "scheduler_gamma": 0.99
            }
        },
        "uv_reshape_bb": {
            "uv": [
                0.0,
                0.3333333333333333
            ],
            "size": [
                0.3138020833333333,
                0.3138020833333333
            ]
        }
    },
    "optimizer_parameters": {
        "uv_lr": 0.005,
        "dir_lr": 0.05,
        "scheduler_step_size": 10,
        "scheduler_gamma": 0.99
    }
}