{
    "parameters": {
        "grow_mode": "single_sided",
        "wave_angle": -1.0471975803375244,
        "start_uv": [
            -0.0004899976775050163,
            -7.886255480116233e-05
        ],
        "end_uv": [
            -0.0016167489811778069,
            1.0000227689743042
        ],
        "start_dir": [
            0.620883047580719
        ],
        "end_dir": [
            -0.9169656038284302
        ],
        "init_height": 0.2,
        "sil_spline": {
            "parameters": {
                "key_xs": [
                    0.0,
                    0.05263157933950424,
                    0.10526315867900848,
                    0.15789473056793213,
                    0.21052631735801697,
                    0.2631579041481018,
                    0.31578946113586426,
                    0.3684210479259491,
                    0.42105263471603394,
                    0.4736842215061188,
                    0.5263158082962036,
                    0.5789473652839661,
                    0.6315789222717285,
                    0.6842105388641357,
                    0.7368420958518982,
                    0.7894736528396606,
                    0.8421052694320679,
                    0.8947368264198303,
                    0.9473684430122375,
                    1.0
                ],
                "key_ys": [
                    0.29715803265571594,
                    0.5345300436019897,
                    0.4115559756755829,
                    0.3573639988899231,
                    0.2997525930404663,
                    0.2632702589035034,
                    0.23261785507202148,
                    0.21663326025009155,
                    0.20366281270980835,
                    0.19656415283679962,
                    0.19096176326274872,
                    0.19179046154022217,
                    0.19727012515068054,
                    0.20410342514514923,
                    0.21326081454753876,
                    0.23780672252178192,
                    0.2718997299671173,
                    0.32697248458862305,
                    0.4516535997390747,
                    0.6188069581985474
                ],
                "key_ts": [
                    0.004909327253699303,
                    -0.027448561042547226,
                    0.023500245064496994,
                    -0.024849995970726013,
                    0.006587501615285873,
                    0.00034182899980805814,
                    -0.01552298478782177,
                    -0.002334925578907132,
                    -0.005264969542622566,
                    0.0028254184871912003,
                    -0.009253005497157574,
                    0.008798228576779366,
                    -0.0015785046853125095,
                    -0.007429927121847868,
                    0.005995823070406914,
                    0.002763438271358609,
                    0.008096829988062382,
                    -0.006924271117895842,
                    0.02641948126256466,
                    -0.012795084156095982
                ]
            },
            "optimizer_parameters": {
                "y_lr": 0.05,
                "t_lr": 0.05,
                "scheduler_step_size": 10,
                "scheduler_gamma": 0.99
            }
        },
        "thickness_spline": {
            "parameters": {
                "key_xs": [
                    0.0,
                    0.30000001192092896,
                    0.5,
                    0.699999988079071,
                    1.0
                ],
                "key_ys": [
                    0.0,
                    0.009999999776482582,
                    0.012000000104308128,
                    0.009999999776482582,
                    0.0
                ],
                "key_ts": [
                    0.009999999776482582,
                    0.0020000000949949026,
                    0.0,
                    -0.0020000000949949026,
                    -0.009999999776482582
                ]
            },
            "optimizer_parameters": {
                "y_lr": 0.05,
                "t_lr": 0.05,
                "scheduler_step_size": 10,
                "scheduler_gamma": 0.99
            }
        },
        "uv_reshape_bb": {
            "uv": [
                0.0,
                0.6666666666666666
            ],
            "size": [
                0.3138020833333333,
                0.3138020833333333
            ]
        }
    },
    "optimizer_parameters": {
        "uv_lr": 0.005,
        "dir_lr": 0.05,
        "scheduler_step_size": 10,
        "scheduler_gamma": 0.99
    }
}