{
    "parameters": {
        "grow_mode": "single_sided",
        "wave_angle": -1.0471975803375244,
        "start_uv": [
            0.09304478764533997,
            1.000882625579834
        ],
        "end_uv": [
            0.5890874862670898,
            1.003588318824768
        ],
        "start_dir": [
            -0.7478442192077637
        ],
        "end_dir": [
            0.7570335268974304
        ],
        "init_height": 0.2,
        "sil_spline": {
            "parameters": {
                "key_xs": [
                    0.0,
                    0.05263157933950424,
                    0.10526315867900848,
                    0.15789473056793213,
                    0.21052631735801697,
                    0.2631579041481018,
                    0.31578946113586426,
                    0.3684210479259491,
                    0.42105263471603394,
                    0.4736842215061188,
                    0.5263158082962036,
                    0.5789473652839661,
                    0.6315789222717285,
                    0.6842105388641357,
                    0.7368420958518982,
                    0.7894736528396606,
                    0.8421052694320679,
                    0.8947368264198303,
                    0.9473684430122375,
                    1.0
                ],
                "key_ys": [
                    0.09436466544866562,
                    0.1384984850883484,
                    0.15520891547203064,
                    0.1936378926038742,
                    0.15146656334400177,
                    0.18122759461402893,
                    0.15891076624393463,
                    0.18183544278144836,
                    0.16723553836345673,
                    0.18839514255523682,
                    0.1485661268234253,
                    0.4433955252170563,
                    0.40531134605407715,
                    0.4034487009048462,
                    0.37131863832473755,
                    0.35775983333587646,
                    0.3237500786781311,
                    0.30904561281204224,
                    0.2938326299190521,
                    0.24726687371730804
                ],
                "key_ts": [
                    0.005003548227250576,
                    -0.011957410722970963,
                    0.004122176673263311,
                    -0.001287312712520361,
                    0.0040744892321527,
                    -0.014324272982776165,
                    0.006112702656537294,
                    0.04124540090560913,
                    -0.0217348150908947,
                    -0.02671585977077484,
                    0.003715262282639742,
                    -0.01299352291971445,
                    -0.0021881116554141045,
                    0.013608847744762897,
                    -0.01900927722454071,
                    0.008937322534620762,
                    -0.008479305543005466,
                    0.0034013953991234303,
                    0.0009378978284075856,
                    -0.005882900208234787
                ]
            },
            "optimizer_parameters": {
                "y_lr": 0.05,
                "t_lr": 0.05,
                "scheduler_step_size": 10,
                "scheduler_gamma": 0.99
            }
        },
        "thickness_spline": {
            "parameters": {
                "key_xs": [
                    0.0,
                    0.10000000149011612,
                    0.5,
                    0.8999999761581421,
                    1.0
                ],
                "key_ys": [
                    0.0,
                    0.03999999910593033,
                    0.05000000074505806,
                    0.03999999910593033,
                    0.0
                ],
                "key_ts": [
                    0.07999999821186066,
                    0.019999999552965164,
                    0.0,
                    -0.019999999552965164,
                    -0.07999999821186066
                ]
            },
            "optimizer_parameters": {
                "y_lr": 0.05,
                "t_lr": 0.05,
                "scheduler_step_size": 10,
                "scheduler_gamma": 0.99
            }
        },
        "uv_reshape_bb": {
            "uv": [
                0.3333333333333333,
                0.0
            ],
            "size": [
                0.3138020833333333,
                0.3138020833333333
            ]
        }
    },
    "optimizer_parameters": {
        "uv_lr": 0.005,
        "dir_lr": 0.05,
        "scheduler_step_size": 10,
        "scheduler_gamma": 0.99
    }
}