{
    "parameters": {
        "origin_xy": [
            -1.629746675491333,
            0.06834639608860016
        ],
        "origin_z": 0.0,
        "length_x": 3.103463888168335,
        "length_y": 0.0,
        "length_z": 0.0,
        "uv_reshape_bb": {
            "uv": [
                0.0,
                0.0
            ],
            "size": [
                0.3138020833333333,
                0.3138020833333333
            ]
        },
        "top_spline": {
            "parameters": {
                "key_xs": [
                    0.0,
                    0.05263157933950424,
                    0.10526315867900848,
                    0.15789473056793213,
                    0.21052631735801697,
                    0.2631579041481018,
                    0.31578946113586426,
                    0.3684210479259491,
                    0.42105263471603394,
                    0.4736842215061188,
                    0.5263158082962036,
                    0.5789473652839661,
                    0.6315789222717285,
                    0.6842105388641357,
                    0.7368420958518982,
                    0.7894736528396606,
                    0.8421052694320679,
                    0.8947368264198303,
                    0.9473684430122375,
                    1.0
                ],
                "key_ys": [
                    0.15121227502822876,
                    0.15625254809856415,
                    0.18680518865585327,
                    0.2812241315841675,
                    0.38951238989830017,
                    0.4745461642742157,
                    0.5586453080177307,
                    0.6223517060279846,
                    0.6712291240692139,
                    0.7236549854278564,
                    0.7606170773506165,
                    0.774239718914032,
                    0.7455381155014038,
                    0.6968352794647217,
                    0.6383816003799438,
                    0.574371337890625,
                    0.5016956329345703,
                    0.20652678608894348,
                    0.004815410356968641,
                    -0.07236670702695847
                ],
                "key_ts": [
                    -0.029748843982815742,
                    -0.061440784484148026,
                    0.15937620401382446,
                    0.24939852952957153,
                    0.10367634892463684,
                    0.20887117087841034,
                    0.1493011713027954,
                    0.18807901442050934,
                    0.12847553193569183,
                    0.18063531816005707,
                    -0.01849505677819252,
                    0.10001528263092041,
                    -0.18826144933700562,
                    -0.10693870484828949,
                    -0.13054093718528748,
                    -0.15915389358997345,
                    -0.01896660588681698,
                    -0.33630937337875366,
                    -0.045880094170570374,
                    0.12269902229309082
                ]
            },
            "optimizer_parameters": {
                "y_lr": 0.05,
                "t_lr": 0.05,
                "scheduler_step_size": 10,
                "scheduler_gamma": 0.99
            }
        },
        "bottom_spline": {
            "parameters": {
                "key_xs": [
                    0.0,
                    0.05263157933950424,
                    0.10526315867900848,
                    0.15789473056793213,
                    0.21052631735801697,
                    0.2631579041481018,
                    0.31578946113586426,
                    0.3684210479259491,
                    0.42105263471603394,
                    0.4736842215061188,
                    0.5263158082962036,
                    0.5789473652839661,
                    0.6315789222717285,
                    0.6842105388641357,
                    0.7368420958518982,
                    0.7894736528396606,
                    0.8421052694320679,
                    0.8947368264198303,
                    0.9473684430122375,
                    1.0
                ],
                "key_ys": [
                    -0.03145923838019371,
                    -0.004054281860589981,
                    0.07941519469022751,
                    0.21994388103485107,
                    0.35199517011642456,
                    0.4898685812950134,
                    0.5918906331062317,
                    0.6622416377067566,
                    0.73578941822052,
                    0.798982560634613,
                    0.817827582359314,
                    0.8169816136360168,
                    0.828311026096344,
                    0.8131787776947021,
                    0.7773414850234985,
                    0.7182475924491882,
                    0.6341210007667542,
                    0.5531082153320312,
                    0.18476805090904236,
                    0.08804445713758469
                ],
                "key_ts": [
                    -0.06039254367351532,
                    -0.04807473346590996,
                    0.31375986337661743,
                    0.152308851480484,
                    0.0683397650718689,
                    0.22797027230262756,
                    0.15012067556381226,
                    -0.0011872663162648678,
                    0.2805127203464508,
                    -0.06149531900882721,
                    -0.0026621222496032715,
                    0.04386262968182564,
                    -0.11226583272218704,
                    0.022069741040468216,
                    -0.14472855627536774,
                    -0.07740741968154907,
                    -0.27001434564590454,
                    0.06651443988084793,
                    -0.03176434710621834,
                    0.032006531953811646
                ]
            },
            "optimizer_parameters": {
                "y_lr": 0.05,
                "t_lr": 0.05,
                "scheduler_step_size": 10,
                "scheduler_gamma": 0.99
            }
        },
        "thickness_spline": {
            "parameters": {
                "key_xs": [
                    0.0,
                    0.10000000149011612,
                    0.20000000298023224,
                    0.30000001192092896,
                    0.4000000059604645,
                    0.6000000238418579,
                    0.699999988079071,
                    0.800000011920929,
                    0.8999999761581421,
                    1.0
                ],
                "key_ys": [
                    0.0,
                    0.6000000238418579,
                    0.75,
                    0.8299999833106995,
                    0.8999999761581421,
                    0.8500000238418579,
                    0.75,
                    0.6000000238418579,
                    0.4000000059604645,
                    0.0
                ],
                "key_ts": [
                    5.0,
                    4.0,
                    2.0,
                    1.0,
                    0.10000000149011612,
                    -0.10000000149011612,
                    -0.5,
                    -0.699999988079071,
                    -1.0,
                    -4.0
                ]
            },
            "optimizer_parameters": {
                "y_lr": 0.05,
                "t_lr": 0.05,
                "scheduler_step_size": 10,
                "scheduler_gamma": 0.99
            }
        },