{
    "parameters": {
        "grow_mode": "double_sided",
        "wave_angle": -1.2000000476837158,
        "start_uv": [
            0.6098905205726624,
            0.323870450258255
        ],
        "end_uv": [
            0.628494143486023,
            0.36601343750953674
        ],
        "start_dir": [
            -0.13746263086795807
        ],
        "end_dir": [
            0.3166469633579254
        ],
        "init_height": 0.2,
        "sil_spline": {
            "parameters": {
                "key_xs": [
                    0.0,
                    0.05263157933950424,
                    0.10526315867900848,
                    0.15789473056793213,
                    0.21052631735801697,
                    0.2631579041481018,
                    0.31578946113586426,
                    0.3684210479259491,
                    0.42105263471603394,
                    0.4736842215061188,
                    0.5263158082962036,
                    0.5789473652839661,
                    0.6315789222717285,
                    0.6842105388641357,
                    0.7368420958518982,
                    0.7894736528396606,
                    0.8421052694320679,
                    0.8947368264198303,
                    0.9473684430122375,
                    1.0
                ],
                "key_ys": [
                    0.31487518548965454,
                    0.317518949508667,
                    0.31995102763175964,
                    0.3235345780849457,
                    0.3260498344898224,
                    0.33146700263023376,
                    0.33425676822662354,
                    0.3375122547149658,
                    0.34718191623687744,
                    0.35177701711654663,
                    0.36022132635116577,
                    0.36209729313850403,
                    0.369989812374115,
                    0.37436339259147644,
                    0.3902380168437958,
                    0.4000508785247803,
                    0.4153318703174591,
                    0.4277404844760895,
                    0.42321544885635376,
                    0.5550400614738464
                ],
                "key_ts": [
                    0.0007175036589615047,
                    0.004630644805729389,
                    -0.003746835980564356,
                    0.005844717379659414,
                    -0.0018841740675270557,
                    0.008108949288725853,
                    0.006691683549433947,
                    0.0060245017521083355,
                    0.005571977701038122,
                    -0.001290193758904934,
                    -0.003998860716819763,
                    0.0015467333141714334,
                    0.004908098839223385,
                    -0.0030993937980383635,
                    0.0045961677096784115,
                    -0.005003256723284721,
                    0.00893247127532959,
                    -0.004572832025587559,
                    -0.03887757286429405,
                    0.024576572701334953
                ]
            },
            "optimizer_parameters": {
                "y_lr": 0.05,
                "t_lr": 0.05,
                "scheduler_step_size": 10,
                "scheduler_gamma": 0.99
            }
        },
        "thickness_spline": {
            "parameters": {
                "key_xs": [
                    0.0,
                    0.30000001192092896,
                    0.5,
                    0.699999988079071,
                    1.0
                ],
                "key_ys": [
                    0.0,
                    0.009999999776482582,
                    0.013000000268220901,
                    0.009999999776482582,
                    0.0
                ],
                "key_ts": [
                    0.009999999776482582,
                    0.0020000000949949026,
                    0.0,
                    -0.0020000000949949026,
                    -0.009999999776482582
                ]
            },
            "optimizer_parameters": {
                "y_lr": 0.05,
                "t_lr": 0.05,
                "scheduler_step_size": 10,
                "scheduler_gamma": 0.99
            }
        },
        "uv_reshape_bb": {
            "uv": [
                0.3333333333333333,
                0.3333333333333333
            ],
            "size": [
                0.3138020833333333,
                0.3138020833333333
            ]
        }
    },
    "optimizer_parameters": {
        "uv_lr": 0.005,
        "dir_lr": 0.05,
        "scheduler_step_size": 10,
        "scheduler_gamma": 0.99
    }
}