{
    "parameters": {
        "grow_mode": "single_sided",
        "wave_angle": -1.0471975803375244,
        "start_uv": [
            0.5259227752685547,
            -0.00017393296002410352
        ],
        "end_uv": [
            0.42365410923957825,
            -0.002079210476949811
        ],
        "start_dir": [
            -0.42176321148872375
        ],
        "end_dir": [
            -0.3552497327327728
        ],
        "init_height": 0.2,
        "sil_spline": {
            "parameters": {
                "key_xs": [
                    0.0,
                    0.05263157933950424,
                    0.10526315867900848,
                    0.15789473056793213,
                    0.21052631735801697,
                    0.2631579041481018,
                    0.31578946113586426,
                    0.3684210479259491,
                    0.42105263471603394,
                    0.4736842215061188,
                    0.5263158082962036,
                    0.5789473652839661,
                    0.6315789222717285,
                    0.6842105388641357,
                    0.7368420958518982,
                    0.7894736528396606,
                    0.8421052694320679,
                    0.8947368264198303,
                    0.9473684430122375,
                    1.0
                ],
                "key_ys": [
                    0.3039003014564514,
                    0.3386101722717285,
                    0.38590145111083984,
                    0.40526142716407776,
                    0.43625307083129883,
                    0.46273231506347656,
                    0.4806492030620575,
                    0.49889570474624634,
                    0.5144512057304382,
                    0.5228126645088196,
                    0.539430558681488,
                    0.5469013452529907,
                    0.5596848130226135,
                    0.5761977434158325,
                    0.5940221548080444,
                    0.6042022705078125,
                    0.6240976452827454,
                    0.6307448148727417,
                    0.6334513425827026,
                    0.6573989391326904
                ],
                "key_ts": [
                    0.010811187326908112,
                    -0.009628038853406906,
                    0.008025669492781162,
                    -0.001693044207058847,
                    0.007334766909480095,
                    0.004098262172192335,
                    0.0068219746463000774,
                    0.016344578936696053,
                    0.009421435184776783,
                    0.012931907549500465,
                    0.009847743436694145,
                    0.010345995426177979,
                    0.005813870579004288,
                    0.0027711421716958284,
                    0.005235846620053053,
                    0.0006525251083076,
                    0.0023862277157604694,
                    -0.0017654841067269444,
                    0.0036421911790966988,
                    -0.0052283816039562225
                ]
            },
            "optimizer_parameters": {
                "y_lr": 0.05,
                "t_lr": 0.05,
                "scheduler_step_size": 10,
                "scheduler_gamma": 0.99
            }
        },
        "thickness_spline": {
            "parameters": {
                "key_xs": [
                    0.0,
                    1.0
                ],
                "key_ys": [
                    0.0,
                    0.0
                ],
                "key_ts": [
                    0.0,
                    0.0
                ]
            },
            "optimizer_parameters": {
                "y_lr": 0,
                "t_lr": 0,
                "scheduler_step_size": 0,
                "scheduler_gamma": 0
            }
        },
        "uv_reshape_bb": {
            "uv": [
                0.3333333333333333,
                0.6666666666666666
            ],
            "size": [
                0.3138020833333333,
                0.3138020833333333
            ]
        }
    },
    "optimizer_parameters": {
        "uv_lr": 0.005,
        "dir_lr": 0.05,
        "scheduler_step_size": 10,
        "scheduler_gamma": 0.99
    }
}