{
    "parameters": {
        "grow_mode": "single_sided",
        "wave_angle": -1.0471975803375244,
        "start_uv": [
            0.12465666234493256,
            -0.0018816919764503837
        ],
        "end_uv": [
            0.23126116394996643,
            1.0001909732818604
        ],
        "start_dir": [
            1.4551048278808594
        ],
        "end_dir": [
            -1.165420651435852
        ],
        "init_height": 0.2,
        "sil_spline": {
            "parameters": {
                "key_xs": [
                    0.0,
                    0.05263157933950424,
                    0.10526315867900848,
                    0.15789473056793213,
                    0.21052631735801697,
                    0.2631579041481018,
                    0.31578946113586426,
                    0.3684210479259491,
                    0.42105263471603394,
                    0.4736842215061188,
                    0.5263158082962036,
                    0.5789473652839661,
                    0.6315789222717285,
                    0.6842105388641357,
                    0.7368420958518982,
                    0.7894736528396606,
                    0.8421052694320679,
                    0.8947368264198303,
                    0.9473684430122375,
                    1.0
                ],
                "key_ys": [
                    0.26903456449508667,
                    0.40484657883644104,
                    0.46415257453918457,
                    0.7300276756286621,
                    0.8573636412620544,
                    0.9820929765701294,
                    1.0700269937515259,
                    1.1188210248947144,
                    1.1732944250106812,
                    1.086210012435913,
                    1.0646326541900635,
                    1.1319211721420288,
                    1.1367448568344116,
                    1.1220110654830933,
                    1.1334011554718018,
                    0.9785663485527039,
                    0.7987037897109985,
                    0.6826253533363342,
                    0.4775902330875397,
                    0.22030699253082275
                ],
                "key_ts": [
                    0.001893161330372095,
                    0.001060639275237918,
                    0.001798097393475473,
                    0.0003594895824790001,
                    0.006936692167073488,
                    -0.006900474429130554,
                    0.0030436324886977673,
                    -0.0031238519586622715,
                    -0.0021009582560509443,
                    -0.004832346923649311,
                    0.00362400128506124,
                    -0.0007091519073583186,
                    0.003762549255043268,
                    -0.0011358095798641443,
                    0.002128051361069083,
                    0.003457114100456238,
                    -0.0028423271141946316,
                    0.0007553435862064362,
                    -0.00072545773582533,
                    -0.0011383299715816975
                ]
            },
            "optimizer_parameters": {
                "y_lr": 0.05,
                "t_lr": 0.05,
                "scheduler_step_size": 10,
                "scheduler_gamma": 0.99
            }
        },
        "thickness_spline": {
            "parameters": {
                "key_xs": [
                    0.0,
                    0.30000001192092896,
                    0.5,
                    0.699999988079071,
                    1.0
                ],
                "key_ys": [
                    0.0,
                    0.009999999776482582,
                    0.012000000104308128,
                    0.009999999776482582,
                    0.0
                ],
                "key_ts": [
                    0.009999999776482582,
                    0.0020000000949949026,
                    0.0,
                    -0.0020000000949949026,
                    -0.009999999776482582
                ]
            },
            "optimizer_parameters": {
                "y_lr": 0.05,
                "t_lr": 0.05,
                "scheduler_step_size": 10,
                "scheduler_gamma": 0.99
            }
        },
        "uv_reshape_bb": {
            "uv": [
                0.001953125,
                0.3352864583333333
            ],
            "size": [
                0.3138020833333333,
                0.3138020833333333
            ]
        }
    },
    "optimizer_parameters": {
        "uv_lr": 0.005,
        "dir_lr": 0.05,
        "scheduler_step_size": 10,
        "scheduler_gamma": 0.99
    }
}