{
    "parameters": {
        "grow_mode": "single_sided",
        "wave_angle": -1.0471975803375244,
        "start_uv": [
            0.29722097516059875,
            1.0000147819519043
        ],
        "end_uv": [
            0.5814066529273987,
            1.000481367111206
        ],
        "start_dir": [
            -0.1673607975244522
        ],
        "end_dir": [
            -0.7177215814590454
        ],
        "init_height": 0.2,
        "sil_spline": {
            "parameters": {
                "key_xs": [
                    0.0,
                    0.05263157933950424,
                    0.10526315867900848,
                    0.15789473056793213,
                    0.21052631735801697,
                    0.2631579041481018,
                    0.31578946113586426,
                    0.3684210479259491,
                    0.42105263471603394,
                    0.4736842215061188,
                    0.5263158082962036,
                    0.5789473652839661,
                    0.6315789222717285,
                    0.6842105388641357,
                    0.7368420958518982,
                    0.7894736528396606,
                    0.8421052694320679,
                    0.8947368264198303,
                    0.9473684430122375,
                    1.0
                ],
                "key_ys": [
                    0.058104079216718674,
                    0.07677718997001648,
                    0.24922655522823334,
                    0.3290080726146698,
                    0.3329787850379944,
                    0.3946724534034729,
                    0.40564486384391785,
                    0.44854536652565,
                    0.448339581489563,
                    0.4025632441043854,
                    0.3594749867916107,
                    0.3143659234046936,
                    0.28014376759529114,
                    0.23503772914409637,
                    0.19740018248558044,
                    0.1530434489250183,
                    0.10321414470672607,
                    0.07743453979492188,
                    0.027628248557448387,
                    -0.0026524493005126715
                ],
                "key_ts": [
                    -0.0010846531949937344,
                    -0.0005925372242927551,
                    0.005846566054970026,
                    -0.0016380319138988853,
                    -0.0015943165635690093,
                    -0.0008193693938665092,
                    0.0028743715956807137,
                    0.0011660399613901973,
                    0.00023447975399903953,
                    -0.0002457111550029367,
                    0.0008180904551409185,
                    -0.002467558952048421,
                    -0.001651135040447116,
                    -0.002087763510644436,
                    -0.0014415520709007978,
                    -0.00345292198471725,
                    -0.0027759848162531853,
                    -0.0017309370450675488,
                    0.001004271674901247,
                    -5.936849447607528e-07
                ]
            },
            "optimizer_parameters": {
                "y_lr": 0.05,
                "t_lr": 0.05,
                "scheduler_step_size": 10,
                "scheduler_gamma": 0.99
            }
        },
        "thickness_spline": {
            "parameters": {
                "key_xs": [
                    0.0,
                    0.10000000149011612,
                    0.5,
                    0.8999999761581421,
                    1.0
                ],
                "key_ys": [
                    0.0,
                    0.03999999910593033,
                    0.05000000074505806,
                    0.03999999910593033,
                    0.0
                ],
                "key_ts": [
                    0.07999999821186066,
                    0.019999999552965164,
                    0.0,
                    -0.019999999552965164,
                    -0.07999999821186066
                ]
            },
            "optimizer_parameters": {
                "y_lr": 0.05,
                "t_lr": 0.05,
                "scheduler_step_size": 10,
                "scheduler_gamma": 0.99
            }
        },
        "uv_reshape_bb": {
            "uv": [
                0.001953125,
                0.6686197916666666
            ],
            "size": [
                0.3138020833333333,
                0.3138020833333333
            ]
        }
    },
    "optimizer_parameters": {
        "uv_lr": 0.005,
        "dir_lr": 0.05,
        "scheduler_step_size": 10,
        "scheduler_gamma": 0.99
    }
}