{
    "parameters": {
        "origin_xy": [
            -0.17912235856056213,
            -0.0732886865735054
        ],
        "origin_z": 0.0,
        "length_x": 1.5811131000518799,
        "length_y": 0.0,
        "length_z": 0.0,
        "uv_reshape_bb": {
            "uv": [
                0.001953125,
                0.001953125
            ],
            "size": [
                0.3138020833333333,
                0.3138020833333333
            ]
        },
        "top_spline": {
            "parameters": {
                "key_xs": [
                    0.0,
                    0.05263157933950424,
                    0.10526315867900848,
                    0.15789473056793213,
                    0.21052631735801697,
                    0.2631579041481018,
                    0.31578946113586426,
                    0.3684210479259491,
                    0.42105263471603394,
                    0.4736842215061188,
                    0.5263158082962036,
                    0.5789473652839661,
                    0.6315789222717285,
                    0.6842105388641357,
                    0.7368420958518982,
                    0.7894736528396606,
                    0.8421052694320679,
                    0.8947368264198303,
                    0.9473684430122375,
                    1.0
                ],
                "key_ys": [
                    0.09588407725095749,
                    0.26817476749420166,
                    0.3749791979789734,
                    0.4602595567703247,
                    0.5342702865600586,
                    0.5775417685508728,
                    0.6358863711357117,
                    0.6697589159011841,
                    0.6941300630569458,
                    0.7056921124458313,
                    0.7071660757064819,
                    0.7099897861480713,
                    0.6685792207717896,
                    0.6127652525901794,
                    0.5530552268028259,
                    0.5029484033584595,
                    0.42368513345718384,
                    0.16613997519016266,
                    0.0055386582389473915,
                    -0.01741829328238964
                ],
                "key_ts": [
                    0.025095922872424126,
                    0.02425607480108738,
                    0.22398221492767334,
                    0.12423573434352875,
                    0.13059036433696747,
                    0.0201948843896389,
                    0.24328173696994781,
                    -0.11245080083608627,
                    0.21362118422985077,
                    0.1471865028142929,
                    -0.07046974450349808,
                    0.13718269765377045,
                    -0.23263439536094666,
                    -0.05931556597352028,
                    -0.2219231128692627,
                    0.14713890850543976,
                    -0.3674297034740448,
                    -0.3142003118991852,
                    0.08866894245147705,
                    0.02787077985703945
                ]
            },
            "optimizer_parameters": {
                "y_lr": 0.05,
                "t_lr": 0.05,
                "scheduler_step_size": 10,
                "scheduler_gamma": 0.99
            }
        },
        "bottom_spline": {
            "parameters": {
                "key_xs": [
                    0.0,
                    0.05263157933950424,
                    0.10526315867900848,
                    0.15789473056793213,
                    0.21052631735801697,
                    0.2631579041481018,
                    0.31578946113586426,
                    0.3684210479259491,
                    0.42105263471603394,
                    0.4736842215061188,
                    0.5263158082962036,
                    0.5789473652839661,
                    0.6315789222717285,
                    0.6842105388641357,
                    0.7368420958518982,
                    0.7894736528396606,
                    0.8421052694320679,
                    0.8947368264198303,
                    0.9473684430122375,
                    1.0
                ],
                "key_ys": [
                    0.015529767610132694,
                    0.13082893192768097,
                    0.19564415514469147,
                    0.2706822156906128,
                    0.35189083218574524,
                    0.415190190076828,
                    0.47019967436790466,
                    0.5023072361946106,
                    0.5219065546989441,
                    0.5407045483589172,
                    0.5427544116973877,
                    0.541942298412323,
                    0.5284605026245117,
                    0.4871194064617157,
                    0.43964284658432007,
                    0.37959223985671997,
                    0.3272007405757904,
                    0.24567948281764984,
                    0.13729199767112732,
                    0.021734492853283882
                ],
                "key_ts": [
                    -0.03732643648982048,
                    0.023519612848758698,
                    0.24820637702941895,
                    0.09515494853258133,
                    0.16789008677005768,
                    0.1758960485458374,
                    0.21010418236255646,
                    0.08109600841999054,
                    0.2742393910884857,
                    0.17015483975410461,
                    -0.018014201894402504,
                    -0.09266947209835052,
                    -0.1807532012462616,
                    -0.10258427262306213,
                    -0.2646946310997009,
                    -0.1447904109954834,
                    0.059047821909189224,
                    -0.26367661356925964,
                    -0.2680446207523346,
                    0.1795894205570221
                ]
            },
            "optimizer_parameters": {
                "y_lr": 0.05,
                "t_lr": 0.05,
                "scheduler_step_size": 10,
                "scheduler_gamma": 0.99
            }
        },
        "thickness_spline": {
            "parameters": {
                "key_xs": [
                    0.0,
                    0.10000000149011612,
                    0.20000000298023224,
                    0.30000001192092896,
                    0.4000000059604645,
                    0.6000000238418579,
                    0.699999988079071,
                    0.800000011920929,
                    0.8999999761581421,
                    1.0
                ],
                "key_ys": [
                    0.0,
                    0.6000000238418579,
                    0.75,
                    0.8299999833106995,
                    0.8999999761581421,
                    0.8500000238418579,
                    0.75,
                    0.6000000238418579,
                    0.4000000059604645,
                    0.0
                ],
                "key_ts": [
                    5.0,
                    4.0,
                    2.0,
                    1.0,
                    0.10000000149011612,
                    -0.10000000149011612,
                    -0.5,
                    -0.699999988079071,
                    -1.0,
                    -4.0
                ]
            },
            "optimizer_parameters": {
                "y_lr": 0.05,
                "t_lr": 0.05,
                "scheduler_step_size": 10,
                "scheduler_gamma": 0.99
            }
        },