{
    "parameters": {
        "grow_mode": "double_sided",
        "wave_angle": -1.2000000476837158,
        "start_uv": [
            0.4552488327026367,
            0.3837870657444
        ],
        "end_uv": [
            0.4644806385040283,
            0.5021748542785645
        ],
        "start_dir": [
            1.1054720878601074
        ],
        "end_dir": [
            -0.599594235420227
        ],
        "init_height": 0.2,
        "sil_spline": {
            "parameters": {
                "key_xs": [
                    0.0,
                    0.05263157933950424,
                    0.10526315867900848,
                    0.15789473056793213,
                    0.21052631735801697,
                    0.2631579041481018,
                    0.31578946113586426,
                    0.3684210479259491,
                    0.42105263471603394,
                    0.4736842215061188,
                    0.5263158082962036,
                    0.5789473652839661,
                    0.6315789222717285,
                    0.6842105388641357,
                    0.7368420958518982,
                    0.7894736528396606,
                    0.8421052694320679,
                    0.8947368264198303,
                    0.9473684430122375,
                    1.0
                ],
                "key_ys": [
                    0.17004166543483734,
                    0.2086424082517624,
                    0.22182054817676544,
                    0.22558167576789856,
                    0.22252242267131805,
                    0.22283953428268433,
                    0.20805786550045013,
                    0.2112722098827362,
                    0.20194432139396667,
                    0.20068229734897614,
                    0.18943804502487183,
                    0.18828453123569489,
                    0.19043737649917603,
                    0.2042452096939087,
                    0.20712658762931824,
                    0.20705224573612213,
                    0.20834262669086456,
                    0.2118828445672989,
                    0.2113209068775177,
                    0.2162749469280243
                ],
                "key_ts": [
                    0.003777445526793599,
                    -0.002616326091811061,
                    0.0038903728127479553,
                    -0.004879245534539223,
                    0.003313366323709488,
                    -0.004768891725689173,
                    -0.00180877058301121,
                    -4.2862651753239334e-05,
                    -0.0028072602581232786,
                    0.005045808851718903,
                    -0.003298672614619136,
                    7.872250716900453e-05,
                    0.0012519389856606722,
                    -0.0020509532187134027,
                    -0.0035853013396263123,
                    0.005136166233569384,
                    -0.0017548174364492297,
                    0.005915957968682051,
                    -0.003380345879122615,
                    0.0008097374229691923
                ]
            },
            "optimizer_parameters": {
                "y_lr": 0.05,
                "t_lr": 0.05,
                "scheduler_step_size": 10,
                "scheduler_gamma": 0.99
            }
        },
        "thickness_spline": {
            "parameters": {
                "key_xs": [
                    0.0,
                    0.30000001192092896,
                    0.5,
                    0.699999988079071,
                    1.0
                ],
                "key_ys": [
                    0.0,
                    0.009999999776482582,
                    0.013000000268220901,
                    0.009999999776482582,
                    0.0
                ],
                "key_ts": [
                    0.009999999776482582,
                    0.0020000000949949026,
                    0.0,
                    -0.0020000000949949026,
                    -0.009999999776482582
                ]
            },
            "optimizer_parameters": {
                "y_lr": 0.05,
                "t_lr": 0.05,
                "scheduler_step_size": 10,
                "scheduler_gamma": 0.99
            }
        },
        "uv_reshape_bb": {
            "uv": [
                0.3352864583333333,
                0.001953125
            ],
            "size": [
                0.3138020833333333,
                0.3138020833333333
            ]
        }
    },
    "optimizer_parameters": {
        "uv_lr": 0.005,
        "dir_lr": 0.05,
        "scheduler_step_size": 10,
        "scheduler_gamma": 0.99
    }
}