{
    "parameters": {
        "grow_mode": "single_sided",
        "wave_angle": -1.0471975803375244,
        "start_uv": [
            0.35053062438964844,
            0.017697351053357124
        ],
        "end_uv": [
            0.3208509385585785,
            0.008966384455561638
        ],
        "start_dir": [
            -0.3622263967990875
        ],
        "end_dir": [
            -1.7618943452835083
        ],
        "init_height": 0.2,
        "sil_spline": {
            "parameters": {
                "key_xs": [
                    0.0,
                    0.05263157933950424,
                    0.10526315867900848,
                    0.15789473056793213,
                    0.21052631735801697,
                    0.2631579041481018,
                    0.31578946113586426,
                    0.3684210479259491,
                    0.42105263471603394,
                    0.4736842215061188,
                    0.5263158082962036,
                    0.5789473652839661,
                    0.6315789222717285,
                    0.6842105388641357,
                    0.7368420958518982,
                    0.7894736528396606,
                    0.8421052694320679,
                    0.8947368264198303,
                    0.9473684430122375,
                    1.0
                ],
                "key_ys": [
                    0.07594556361436844,
                    0.10241279006004333,
                    0.27509215474128723,
                    0.38169795274734497,
                    0.4839080572128296,
                    0.5935044288635254,
                    0.713254988193512,
                    0.5055375695228577,
                    0.49012991786003113,
                    0.41556453704833984,
                    0.4053434431552887,
                    0.3701854646205902,
                    0.03620154783129692,
                    0.1104540005326271,
                    0.10825653374195099,
                    0.09119018167257309,
                    0.05161643028259277,
                    0.049519628286361694,
                    0.03693457692861557,
                    0.0318438895046711
                ],
                "key_ts": [
                    -0.00019463221542537212,
                    0.002478694310411811,
                    -0.001443372224457562,
                    0.0039664143696427345,
                    -0.00171465496532619,
                    0.009254961274564266,
                    -0.008416568860411644,
                    0.007336774375289679,
                    -0.0030770960729569197,
                    -0.006900177337229252,
                    -0.0003516765427775681,
                    0.004314234014600515,
                    -0.004367292392998934,
                    -0.0005938664544373751,
                    -0.00012424529995769262,
                    -0.00027910954668186605,
                    -0.00025095537421293557,
                    -5.958750989520922e-05,
                    -0.00029846865800209343,
                    0.00033671065466478467
                ]
            },
            "optimizer_parameters": {
                "y_lr": 0.05,
                "t_lr": 0.05,
                "scheduler_step_size": 10,
                "scheduler_gamma": 0.99
            }
        },
        "thickness_spline": {
            "parameters": {
                "key_xs": [
                    0.0,
                    1.0
                ],
                "key_ys": [
                    0.0,
                    0.0
                ],
                "key_ts": [
                    0.0,
                    0.0
                ]
            },
            "optimizer_parameters": {
                "y_lr": 0,
                "t_lr": 0,
                "scheduler_step_size": 0,
                "scheduler_gamma": 0
            }
        },
        "uv_reshape_bb": {
            "uv": [
                0.3352864583333333,
                0.3352864583333333
            ],
            "size": [
                0.3138020833333333,
                0.3138020833333333
            ]
        }
    },
    "optimizer_parameters": {
        "uv_lr": 0.005,
        "dir_lr": 0.05,
        "scheduler_step_size": 10,
        "scheduler_gamma": 0.99
    }
}