{
    "parameters": {
        "grow_mode": "single_sided",
        "wave_angle": -1.0471975803375244,
        "start_uv": [
            0.33410874009132385,
            -0.00076318095671013
        ],
        "end_uv": [
            0.2541804015636444,
            -0.001572262030094862
        ],
        "start_dir": [
            -1.1018460988998413
        ],
        "end_dir": [
            -1.0479203462600708
        ],
        "init_height": 0.2,
        "sil_spline": {
            "parameters": {
                "key_xs": [
                    0.0,
                    0.05263157933950424,
                    0.10526315867900848,
                    0.15789473056793213,
                    0.21052631735801697,
                    0.2631579041481018,
                    0.31578946113586426,
                    0.3684210479259491,
                    0.42105263471603394,
                    0.4736842215061188,
                    0.5263158082962036,
                    0.5789473652839661,
                    0.6315789222717285,
                    0.6842105388641357,
                    0.7368420958518982,
                    0.7894736528396606,
                    0.8421052694320679,
                    0.8947368264198303,
                    0.9473684430122375,
                    1.0
                ],
                "key_ys": [
                    0.17532069981098175,
                    0.17232058942317963,
                    0.16994981467723846,
                    0.16574116051197052,
                    0.16252152621746063,
                    0.15964478254318237,
                    0.15450529754161835,
                    0.15245604515075684,
                    0.15793940424919128,
                    0.15965862572193146,
                    0.17051400244235992,
                    0.1755131334066391,
                    0.176703080534935,
                    0.1730957180261612,
                    0.17583440244197845,
                    0.1777179092168808,
                    0.17764674127101898,
                    0.15831445157527924,
                    0.15772682428359985,
                    0.14993536472320557
                ],
                "key_ts": [
                    -0.005303193815052509,
                    0.020699774846434593,
                    -0.010127679444849491,
                    -0.005784986075013876,
                    0.0016044687945395708,
                    0.004933567252010107,
                    -0.020172664895653725,
                    0.01184206735342741,
                    -0.006273052655160427,
                    0.0068799471482634544,
                    -0.0030433153733611107,
                    -0.009179020300507545,
                    0.001376149244606495,
                    -0.0026656624395400286,
                    -0.007327894680202007,
                    -0.00810172501951456,
                    -0.007676063105463982,
                    -0.006656443700194359,
                    -0.0017460728995501995,
                    0.00017828159616328776
                ]
            },
            "optimizer_parameters": {
                "y_lr": 0.05,
                "t_lr": 0.05,
                "scheduler_step_size": 10,
                "scheduler_gamma": 0.99
            }
        },
        "thickness_spline": {
            "parameters": {
                "key_xs": [
                    0.0,
                    0.30000001192092896,
                    0.5,
                    0.699999988079071,
                    1.0
                ],
                "key_ys": [
                    0.0,
                    0.029999999329447746,
                    0.03999999910593033,
                    0.029999999329447746,
                    0.0
                ],
                "key_ts": [
                    0.05000000074505806,
                    0.009999999776482582,
                    0.0,
                    -0.009999999776482582,
                    -0.05000000074505806
                ]
            },
            "optimizer_parameters": {
                "y_lr": 0.05,
                "t_lr": 0.05,
                "scheduler_step_size": 10,
                "scheduler_gamma": 0.99
            }
        },
        "uv_reshape_bb": {
            "uv": [
                0.0,
                0.3333333333333333
            ],
            "size": [
                0.3138020833333333,
                0.3138020833333333
            ]
        }
    },
    "optimizer_parameters": {
        "uv_lr": 0.005,
        "dir_lr": 0.05,
        "scheduler_step_size": 10,
        "scheduler_gamma": 0.99
    }
}