{
    "parameters": {
        "grow_mode": "single_sided",
        "wave_angle": -1.0471975803375244,
        "start_uv": [
            -0.0026805466040968895,
            -0.00012157770834164694
        ],
        "end_uv": [
            -0.003585535567253828,
            1.0001176595687866
        ],
        "start_dir": [
            1.0010535717010498
        ],
        "end_dir": [
            1.1051156520843506
        ],
        "init_height": 0.2,
        "sil_spline": {
            "parameters": {
                "key_xs": [
                    0.0,
                    0.05263157933950424,
                    0.10526315867900848,
                    0.15789473056793213,
                    0.21052631735801697,
                    0.2631579041481018,
                    0.31578946113586426,
                    0.3684210479259491,
                    0.42105263471603394,
                    0.4736842215061188,
                    0.5263158082962036,
                    0.5789473652839661,
                    0.6315789222717285,
                    0.6842105388641357,
                    0.7368420958518982,
                    0.7894736528396606,
                    0.8421052694320679,
                    0.8947368264198303,
                    0.9473684430122375,
                    1.0
                ],
                "key_ys": [
                    0.5765950679779053,
                    0.5337795615196228,
                    0.4736667573451996,
                    0.5614731907844543,
                    0.5623015761375427,
                    0.5680743455886841,
                    0.574593186378479,
                    0.5816516876220703,
                    0.5877504348754883,
                    0.61406409740448,
                    0.626186192035675,
                    0.6324579119682312,
                    0.6375784873962402,
                    0.642412543296814,
                    0.6514269709587097,
                    0.6533200740814209,
                    0.6724143028259277,
                    0.6694179773330688,
                    0.6733294129371643,
                    0.6905023455619812
                ],
                "key_ts": [
                    0.0025828625075519085,
                    -0.0008040271350182593,
                    0.005292050074785948,
                    -0.006060438230633736,
                    0.0012620631605386734,
                    0.007503977045416832,
                    0.004959035664796829,
                    0.003732544369995594,
                    -0.0018843385623767972,
                    0.0035796943120658398,
                    -0.0017116076778620481,
                    0.0014586300821974874,
                    -0.0018676817417144775,
                    0.007582136429846287,
                    -0.004199336748570204,
                    0.008299577981233597,
                    0.0037494038697332144,
                    0.0010479682823643088,
                    -0.004277147818356752,
                    -0.0015068422071635723
                ]
            },
            "optimizer_parameters": {
                "y_lr": 0.05,
                "t_lr": 0.05,
                "scheduler_step_size": 10,
                "scheduler_gamma": 0.99
            }
        },
        "thickness_spline": {
            "parameters": {
                "key_xs": [
                    0.0,
                    0.30000001192092896,
                    0.5,
                    0.699999988079071,
                    1.0
                ],
                "key_ys": [
                    0.0,
                    0.009999999776482582,
                    0.012000000104308128,
                    0.009999999776482582,
                    0.0
                ],
                "key_ts": [
                    0.009999999776482582,
                    0.0020000000949949026,
                    0.0,
                    -0.0020000000949949026,
                    -0.009999999776482582
                ]
            },
            "optimizer_parameters": {
                "y_lr": 0.05,
                "t_lr": 0.05,
                "scheduler_step_size": 10,
                "scheduler_gamma": 0.99
            }
        },
        "uv_reshape_bb": {
            "uv": [
                0.0,
                0.6666666666666666
            ],
            "size": [
                0.3138020833333333,
                0.3138020833333333
            ]
        }
    },
    "optimizer_parameters": {
        "uv_lr": 0.005,
        "dir_lr": 0.05,
        "scheduler_step_size": 10,
        "scheduler_gamma": 0.99
    }
}