{
    "parameters": {
        "grow_mode": "single_sided",
        "wave_angle": -1.0471975803375244,
        "start_uv": [
            0.4059179723262787,
            1.003415822982788
        ],
        "end_uv": [
            0.5835773944854736,
            1.0039479732513428
        ],
        "start_dir": [
            -0.2907020151615143
        ],
        "end_dir": [
            0.026120325550436974
        ],
        "init_height": 0.2,
        "sil_spline": {
            "parameters": {
                "key_xs": [
                    0.0,
                    0.05263157933950424,
                    0.10526315867900848,
                    0.15789473056793213,
                    0.21052631735801697,
                    0.2631579041481018,
                    0.31578946113586426,
                    0.3684210479259491,
                    0.42105263471603394,
                    0.4736842215061188,
                    0.5263158082962036,
                    0.5789473652839661,
                    0.6315789222717285,
                    0.6842105388641357,
                    0.7368420958518982,
                    0.7894736528396606,
                    0.8421052694320679,
                    0.8947368264198303,
                    0.9473684430122375,
                    1.0
                ],
                "key_ys": [
                    0.4580489695072174,
                    0.40234658122062683,
                    0.531059980392456,
                    0.5518182516098022,
                    0.6391870379447937,
                    0.6007214188575745,
                    0.7047368288040161,
                    0.725224494934082,
                    0.7247143387794495,
                    0.7196618318557739,
                    0.8038457036018372,
                    0.8210822343826294,
                    0.81378573179245,
                    0.8186781406402588,
                    0.8173272609710693,
                    0.9326414465904236,
                    0.9455042481422424,
                    0.9295885562896729,
                    0.8709489107131958,
                    0.7831134796142578
                ],
                "key_ts": [
                    0.018717339262366295,
                    -0.02355216257274151,
                    0.007471039425581694,
                    -0.005463012959808111,
                    0.0037324675358831882,
                    0.0013281058054417372,
                    0.0010615470819175243,
                    -0.0010910613927990198,
                    0.006534965243190527,
                    -0.0006222518277354538,
                    -0.002993533154949546,
                    0.003249218687415123,
                    -0.003485787194222212,
                    0.010462084785103798,
                    -0.004506041295826435,
                    0.003717856016010046,
                    -0.000648282584734261,
                    0.00044757514842785895,
                    -0.0020944010466337204,
                    -0.004136859904974699
                ]
            },
            "optimizer_parameters": {
                "y_lr": 0.05,
                "t_lr": 0.05,
                "scheduler_step_size": 10,
                "scheduler_gamma": 0.99
            }
        },
        "thickness_spline": {
            "parameters": {
                "key_xs": [
                    0.0,
                    0.10000000149011612,
                    0.5,
                    0.8999999761581421,
                    1.0
                ],
                "key_ys": [
                    0.0,
                    0.03999999910593033,
                    0.05000000074505806,
                    0.03999999910593033,
                    0.0
                ],
                "key_ts": [
                    0.07999999821186066,
                    0.019999999552965164,
                    0.0,
                    -0.019999999552965164,
                    -0.07999999821186066
                ]
            },
            "optimizer_parameters": {
                "y_lr": 0.05,
                "t_lr": 0.05,
                "scheduler_step_size": 10,
                "scheduler_gamma": 0.99
            }
        },
        "uv_reshape_bb": {
            "uv": [
                0.3333333333333333,
                0.3333333333333333
            ],
            "size": [
                0.3138020833333333,
                0.3138020833333333
            ]
        }
    },
    "optimizer_parameters": {
        "uv_lr": 0.005,
        "dir_lr": 0.05,
        "scheduler_step_size": 10,
        "scheduler_gamma": 0.99
    }
}