{
    "parameters": {
        "grow_mode": "single_sided",
        "wave_angle": -1.0471975803375244,
        "start_uv": [
            0.3244015872478485,
            1.0009512901306152
        ],
        "end_uv": [
            0.38120371103286743,
            1.0006576776504517
        ],
        "start_dir": [
            -0.52249675989151
        ],
        "end_dir": [
            0.8231103420257568
        ],
        "init_height": 0.2,
        "sil_spline": {
            "parameters": {
                "key_xs": [
                    0.0,
                    0.05263157933950424,
                    0.10526315867900848,
                    0.15789473056793213,
                    0.21052631735801697,
                    0.2631579041481018,
                    0.31578946113586426,
                    0.3684210479259491,
                    0.42105263471603394,
                    0.4736842215061188,
                    0.5263158082962036,
                    0.5789473652839661,
                    0.6315789222717285,
                    0.6842105388641357,
                    0.7368420958518982,
                    0.7894736528396606,
                    0.8421052694320679,
                    0.8947368264198303,
                    0.9473684430122375,
                    1.0
                ],
                "key_ys": [
                    0.16407057642936707,
                    0.16079920530319214,
                    0.15819095075130463,
                    0.15444152057170868,
                    0.14874975383281708,
                    0.14618322253227234,
                    0.1501339226961136,
                    0.15439766645431519,
                    0.1575198769569397,
                    0.15820355713367462,
                    0.16152475774288177,
                    0.15446116030216217,
                    0.17579151690006256,
                    0.18391241133213043,
                    0.1952502727508545,
                    0.1930025964975357,
                    0.1877613216638565,
                    0.19218917191028595,
                    0.20189224183559418,
                    0.208031564950943
                ],
                "key_ts": [
                    0.006870873738080263,
                    0.0004724373866338283,
                    -0.0005031382897868752,
                    -0.0143818911164999,
                    -0.0036252676509320736,
                    0.0026378026232123375,
                    0.0028886189684271812,
                    0.007895808666944504,
                    -0.0076530082151293755,
                    0.012679412961006165,
                    -0.0015002639265730977,
                    -0.004903407301753759,
                    0.0036261132918298244,
                    0.007786713540554047,
                    -0.0007636505179107189,
                    -0.005475448910146952,
                    -0.0017394153401255608,
                    -0.0070478422567248344,
                    -0.015424909070134163,
                    0.0055598062463104725
                ]
            },
            "optimizer_parameters": {
                "y_lr": 0.05,
                "t_lr": 0.05,
                "scheduler_step_size": 10,
                "scheduler_gamma": 0.99
            }
        },
        "thickness_spline": {
            "parameters": {
                "key_xs": [
                    0.0,
                    0.10000000149011612,
                    0.5,
                    0.8999999761581421,
                    1.0
                ],
                "key_ys": [
                    0.0,
                    0.03999999910593033,
                    0.05000000074505806,
                    0.03999999910593033,
                    0.0
                ],
                "key_ts": [
                    0.07999999821186066,
                    0.019999999552965164,
                    0.0,
                    -0.019999999552965164,
                    -0.07999999821186066
                ]
            },
            "optimizer_parameters": {
                "y_lr": 0.05,
                "t_lr": 0.05,
                "scheduler_step_size": 10,
                "scheduler_gamma": 0.99
            }
        },
        "uv_reshape_bb": {
            "uv": [
                0.3333333333333333,
                0.0
            ],
            "size": [
                0.3138020833333333,
                0.3138020833333333
            ]
        }
    },
    "optimizer_parameters": {
        "uv_lr": 0.005,
        "dir_lr": 0.05,
        "scheduler_step_size": 10,
        "scheduler_gamma": 0.99
    }
}