{
    "parameters": {
        "origin_xy": [
            -1.4573867321014404,
            0.2305699735879898
        ],
        "origin_z": 0.0,
        "length_x": 2.9306552410125732,
        "length_y": 0.0,
        "length_z": 0.0,
        "uv_reshape_bb": {
            "uv": [
                0.0,
                0.0
            ],
            "size": [
                0.3138020833333333,
                0.3138020833333333
            ]
        },
        "top_spline": {
            "parameters": {
                "key_xs": [
                    0.0,
                    0.05263157933950424,
                    0.10526315867900848,
                    0.15789473056793213,
                    0.21052631735801697,
                    0.2631579041481018,
                    0.31578946113586426,
                    0.3684210479259491,
                    0.42105263471603394,
                    0.4736842215061188,
                    0.5263158082962036,
                    0.5789473652839661,
                    0.6315789222717285,
                    0.6842105388641357,
                    0.7368420958518982,
                    0.7894736528396606,
                    0.8421052694320679,
                    0.8947368264198303,
                    0.9473684430122375,
                    1.0
                ],
                "key_ys": [
                    -0.015760820358991623,
                    -0.013180072419345379,
                    0.03382675722241402,
                    0.19542862474918365,
                    0.31632012128829956,
                    0.4353106915950775,
                    0.5348984599113464,
                    0.6115249395370483,
                    0.6895856857299805,
                    0.733863115310669,
                    0.7542877197265625,
                    0.7338404655456543,
                    0.6893789172172546,
                    0.6298446655273438,
                    0.5481032133102417,
                    0.4261595606803894,
                    0.2576444745063782,
                    0.06196204572916031,
                    -0.09919440746307373,
                    0.01548764854669571
                ],
                "key_ts": [
                    -0.09638284891843796,
                    -0.011517355218529701,
                    0.2164265513420105,
                    0.2589656710624695,
                    0.10544507205486298,
                    0.20350082218647003,
                    0.21611082553863525,
                    0.13111792504787445,
                    0.20880141854286194,
                    0.025289123877882957,
                    -0.27089759707450867,
                    0.11000741273164749,
                    -0.1573380082845688,
                    -0.14246311783790588,
                    -0.20391470193862915,
                    -0.1955907642841339,
                    -0.15478858351707458,
                    -0.31687498092651367,
                    0.14771564304828644,
                    0.04716453328728676
                ]
            },
            "optimizer_parameters": {
                "y_lr": 0.05,
                "t_lr": 0.05,
                "scheduler_step_size": 10,
                "scheduler_gamma": 0.99
            }
        },
        "bottom_spline": {
            "parameters": {
                "key_xs": [
                    0.0,
                    0.05263157933950424,
                    0.10526315867900848,
                    0.15789473056793213,
                    0.21052631735801697,
                    0.2631579041481018,
                    0.31578946113586426,
                    0.3684210479259491,
                    0.42105263471603394,
                    0.4736842215061188,
                    0.5263158082962036,
                    0.5789473652839661,
                    0.6315789222717285,
                    0.6842105388641357,
                    0.7368420958518982,
                    0.7894736528396606,
                    0.8421052694320679,
                    0.8947368264198303,
                    0.9473684430122375,
                    1.0
                ],
                "key_ys": [
                    0.14579249918460846,
                    0.22382795810699463,
                    0.350163996219635,
                    0.5437438488006592,
                    0.6833183169364929,
                    0.7947855591773987,
                    0.8728230595588684,
                    0.9418095946311951,
                    1.0033186674118042,
                    1.0495600700378418,
                    1.0666072368621826,
                    1.0474061965942383,
                    1.024306058883667,
                    0.9836776852607727,
                    0.9124611616134644,
                    0.8027060031890869,
                    0.6543773412704468,
                    0.4644382894039154,
                    0.205083429813385,
                    -0.015498480759561062
                ],
                "key_ts": [
                    -0.04113636910915375,
                    -0.0515483096241951,
                    0.2872183918952942,
                    0.1118076890707016,
                    0.1841757595539093,
                    0.06437572091817856,
                    0.10032375901937485,
                    0.234405517578125,
                    0.10768444836139679,
                    0.11879471689462662,
                    -0.2488580197095871,
                    0.03560498356819153,
                    -0.1415364295244217,
                    -0.13562995195388794,
                    -0.07423363626003265,
                    -0.1927611082792282,
                    -0.06771981716156006,
                    -0.15888851881027222,
                    -0.35943347215652466,
                    0.2588672935962677
                ]
            },
            "optimizer_parameters": {
                "y_lr": 0.05,
                "t_lr": 0.05,
                "scheduler_step_size": 10,
                "scheduler_gamma": 0.99
            }
        },
        "thickness_spline": {
            "parameters": {
                "key_xs": [
                    0.0,
                    0.10000000149011612,
                    0.20000000298023224,
                    0.30000001192092896,
                    0.4000000059604645,
                    0.6000000238418579,
                    0.699999988079071,
                    0.800000011920929,
                    0.8999999761581421,
                    1.0
                ],
                "key_ys": [
                    0.0,
                    0.6000000238418579,
                    0.75,
                    0.8299999833106995,
                    0.8999999761581421,
                    0.8500000238418579,
                    0.75,
                    0.6000000238418579,
                    0.4000000059604645,
                    0.0
                ],
                "key_ts": [
                    5.0,
                    4.0,
                    2.0,
                    1.0,
                    0.10000000149011612,
                    -0.10000000149011612,
                    -0.5,
                    -0.699999988079071,
                    -1.0,
                    -4.0
                ]
            },
            "optimizer_parameters": {
                "y_lr": 0.05,
                "t_lr": 0.05,
                "scheduler_step_size": 10,
                "scheduler_gamma": 0.99
            }
        },
        "stream_spline": {
            "parameters": {
                "key_xs": [
                    0.0,
                    0.10000000149011612,
                    0.20000000298023224,
                    0.30000001192092896,
                    0.4000000059604645,
                    0.6000000238418579,
                    0.699999988079071,
                    0.800000011920929,
                    0.8999999761581421,
                    1.0
                ],