{
    "parameters": {
        "grow_mode": "double_sided",
        "wave_angle": -1.2000000476837158,
        "start_uv": [
            0.5068581700325012,
            0.3094002902507782
        ],
        "end_uv": [
            0.5251064896583557,
            0.3291219174861908
        ],
        "start_dir": [
            -0.17618563771247864
        ],
        "end_dir": [
            0.07365504652261734
        ],
        "init_height": 0.2,
        "sil_spline": {
            "parameters": {
                "key_xs": [
                    0.0,
                    0.05263157933950424,
                    0.10526315867900848,
                    0.15789473056793213,
                    0.21052631735801697,
                    0.2631579041481018,
                    0.31578946113586426,
                    0.3684210479259491,
                    0.42105263471603394,
                    0.4736842215061188,
                    0.5263158082962036,
                    0.5789473652839661,
                    0.6315789222717285,
                    0.6842105388641357,
                    0.7368420958518982,
                    0.7894736528396606,
                    0.8421052694320679,
                    0.8947368264198303,
                    0.9473684430122375,
                    1.0
                ],
                "key_ys": [
                    0.24784258008003235,
                    0.2450200617313385,
                    0.24492888152599335,
                    0.24456995725631714,
                    0.2445194274187088,
                    0.2445046305656433,
                    0.24436911940574646,
                    0.24547260999679565,
                    0.25721830129623413,
                    0.25727689266204834,
                    0.2564874589443207,
                    0.2536029517650604,
                    0.25102683901786804,
                    0.25857678055763245,
                    0.26251277327537537,
                    0.26485535502433777,
                    0.27406471967697144,
                    0.274692177772522,
                    0.2747388482093811,
                    0.27955150604248047
                ],
                "key_ts": [
                    0.001543122110888362,
                    0.00402054563164711,
                    0.0003298734372947365,
                    -0.001769071794115007,
                    0.0044502560049295425,
                    0.0019346271874383092,
                    -0.0033424627035856247,
                    0.0023427873384207487,
                    -0.008047365583479404,
                    0.006735139526426792,
                    -0.00512640131637454,
                    -0.0015883306041359901,
                    0.001405735150910914,
                    -0.0058617196045815945,
                    -0.008724810555577278,
                    0.003163378918543458,
                    -0.003958157263696194,
                    0.003900418523699045,
                    -0.004704368766397238,
                    -0.005955199245363474
                ]
            },
            "optimizer_parameters": {
                "y_lr": 0.05,
                "t_lr": 0.05,
                "scheduler_step_size": 10,
                "scheduler_gamma": 0.99
            }
        },
        "thickness_spline": {
            "parameters": {
                "key_xs": [
                    0.0,
                    0.30000001192092896,
                    0.5,
                    0.699999988079071,
                    1.0
                ],
                "key_ys": [
                    0.0,
                    0.009999999776482582,
                    0.013000000268220901,
                    0.009999999776482582,
                    0.0
                ],
                "key_ts": [
                    0.009999999776482582,
                    0.0020000000949949026,
                    0.0,
                    -0.0020000000949949026,
                    -0.009999999776482582
                ]
            },
            "optimizer_parameters": {
                "y_lr": 0.05,
                "t_lr": 0.05,
                "scheduler_step_size": 10,
                "scheduler_gamma": 0.99
            }
        },
        "uv_reshape_bb": {
            "uv": [
                0.3333333333333333,
                0.6666666666666666
            ],
            "size": [
                0.3138020833333333,
                0.3138020833333333
            ]
        }
    },
    "optimizer_parameters": {
        "uv_lr": 0.005,
        "dir_lr": 0.05,
        "scheduler_step_size": 10,
        "scheduler_gamma": 0.99
    }
}