{
    "parameters": {
        "grow_mode": "single_sided",
        "wave_angle": -1.0471975803375244,
        "start_uv": [
            0.5242154002189636,
            -0.0023550328332930803
        ],
        "end_uv": [
            0.44661232829093933,
            -0.0034679831005632877
        ],
        "start_dir": [
            -0.2775020897388458
        ],
        "end_dir": [
            -0.3934628367424011
        ],
        "init_height": 0.2,
        "sil_spline": {
            "parameters": {
                "key_xs": [
                    0.0,
                    0.05263157933950424,
                    0.10526315867900848,
                    0.15789473056793213,
                    0.21052631735801697,
                    0.2631579041481018,
                    0.31578946113586426,
                    0.3684210479259491,
                    0.42105263471603394,
                    0.4736842215061188,
                    0.5263158082962036,
                    0.5789473652839661,
                    0.6315789222717285,
                    0.6842105388641357,
                    0.7368420958518982,
                    0.7894736528396606,
                    0.8421052694320679,
                    0.8947368264198303,
                    0.9473684430122375,
                    1.0
                ],
                "key_ys": [
                    0.49539458751678467,
                    0.5850464701652527,
                    0.6667340993881226,
                    0.7444327473640442,
                    0.7902613878250122,
                    0.8333486914634705,
                    0.7727182507514954,
                    0.747929036617279,
                    0.6901285648345947,
                    0.6681453585624695,
                    0.6496264934539795,
                    0.5646377205848694,
                    0.5556452870368958,
                    0.48195570707321167,
                    0.46261584758758545,
                    0.43250542879104614,
                    0.3444780111312866,
                    0.22555269300937653,
                    0.19178086519241333,
                    0.18165872991085052
                ],
                "key_ts": [
                    0.0012035445543006063,
                    0.00928026158362627,
                    0.004479402210563421,
                    0.005529835820198059,
                    -0.0008577143889851868,
                    -0.002680161502212286,
                    0.0012499889126047492,
                    -0.000780995876993984,
                    -0.006234047003090382,
                    -0.013362175785005093,
                    0.0022034000139683485,
                    -0.002278287196531892,
                    -0.002519066445529461,
                    -0.006698330398648977,
                    0.0049528200179338455,
                    -0.007003567181527615,
                    -0.0019347521010786295,
                    -0.0028909940738230944,
                    -0.007053534500300884,
                    0.001473810407333076
                ]
            },
            "optimizer_parameters": {
                "y_lr": 0.05,
                "t_lr": 0.05,
                "scheduler_step_size": 10,
                "scheduler_gamma": 0.99
            }
        },
        "thickness_spline": {
            "parameters": {
                "key_xs": [
                    0.0,
                    1.0
                ],
                "key_ys": [
                    0.0,
                    0.0
                ],
                "key_ts": [
                    0.0,
                    0.0
                ]
            },
            "optimizer_parameters": {
                "y_lr": 0,
                "t_lr": 0,
                "scheduler_step_size": 0,
                "scheduler_gamma": 0
            }
        },
        "uv_reshape_bb": {
            "uv": [
                0.6666666666666666,
                0.0
            ],
            "size": [
                0.3138020833333333,
                0.3138020833333333
            ]
        }
    },
    "optimizer_parameters": {
        "uv_lr": 0.005,
        "dir_lr": 0.05,
        "scheduler_step_size": 10,
        "scheduler_gamma": 0.99
    }
}