{
    "parameters": {
        "start_uv": [
            0.194796621799469,
            0.0
        ],
        "end_uv": [
            0.09914489090442657,
            0.0
        ],
        "start_dir": [
            -0.3343908190727234
        ],
        "end_dir": [
            -1.4568501710891724
        ],
        "init_height": 0.2,
        "sil_spline": {
            "parameters": {
                "key_xs": [
                    0.0,
                    0.05263157933950424,
                    0.10526315867900848,
                    0.15789473056793213,
                    0.21052631735801697,
                    0.2631579041481018,
                    0.31578946113586426,
                    0.3684210479259491,
                    0.42105263471603394,
                    0.4736842215061188,
                    0.5263158082962036,
                    0.5789473652839661,
                    0.6315789222717285,
                    0.6842105388641357,
                    0.7368420958518982,
                    0.7894736528396606,
                    0.8421052694320679,
                    0.8947368264198303,
                    0.9473684430122375,
                    1.0
                ],
                "key_ys": [
                    0.14139939844608307,
                    0.019923314452171326,
                    0.5367354154586792,
                    0.6328729391098022,
                    0.7593281865119934,
                    0.7072775959968567,
                    0.6399401426315308,
                    0.5781069397926331,
                    0.498428076505661,
                    0.5056856870651245,
                    0.45786434412002563,
                    0.3920542001724243,
                    0.2301052063703537,
                    0.19033212959766388,
                    0.09491310268640518,
                    0.0787171795964241,
                    0.04647304117679596,
                    0.05554881691932678,
                    0.04903886094689369,
                    0.02505156397819519
                ],
                "key_ts": [
                    -0.07038828730583191,
                    -0.5111997127532959,
                    0.7685616612434387,
                    0.12082113325595856,
                    -0.28954586386680603,
                    -0.6363071203231812,
                    0.10396547615528107,
                    -0.37660956382751465,
                    -0.7298261523246765,
                    0.19669419527053833,
                    -0.14689645171165466,
                    -0.3679281175136566,
                    0.40094518661499023,
                    -0.5992408394813538,
                    -0.11436524242162704,
                    -0.4043329656124115,
                    0.2227441668510437,
                    -0.2200663685798645,
                    -0.0381300151348114,
                    -0.03433769568800926
                ]
            },
            "optimizer_parameters": {
                "y_lr": 0.05,
                "t_lr": 0.05,
                "scheduler_step_size": 10,
                "scheduler_gamma": 0.99
            }
        }
    },
    "optimizer_parameters": {
        "uv_lr": 0.005,
        "dir_lr": 0.05,
        "scheduler_step_size": 10,
        "scheduler_gamma": 0.99
    }
}