{
    "parameters": {
        "start_uv": [
            0.0,
            -0.00012078443978680298
        ],
        "end_uv": [
            0.0,
            1.0001869201660156
        ],
        "start_dir": [
            0.8562912940979004
        ],
        "end_dir": [
            -0.6170528531074524
        ],
        "init_height": 0.2,
        "sil_spline": {
            "parameters": {
                "key_xs": [
                    0.0,
                    0.05263157933950424,
                    0.10526315867900848,
                    0.15789473056793213,
                    0.21052631735801697,
                    0.2631579041481018,
                    0.31578946113586426,
                    0.3684210479259491,
                    0.42105263471603394,
                    0.4736842215061188,
                    0.5263158082962036,
                    0.5789473652839661,
                    0.6315789222717285,
                    0.6842105388641357,
                    0.7368420958518982,
                    0.7894736528396606,
                    0.8421052694320679,
                    0.8947368264198303,
                    0.9473684430122375,
                    1.0
                ],
                "key_ys": [
                    0.004709160421043634,
                    0.038854919373989105,
                    1.180936336517334,
                    1.402604341506958,
                    1.590437889099121,
                    1.8313332796096802,
                    1.7100355625152588,
                    1.3552368879318237,
                    0.9921138882637024,
                    0.7393279671669006,
                    0.6165699362754822,
                    0.43552666902542114,
                    1.232073426246643,
                    1.5037896633148193,
                    1.7266713380813599,
                    1.8864989280700684,
                    1.5604559183120728,
                    1.2061165571212769,
                    0.24094396829605103,
                    0.16607163846492767
                ],
                "key_ts": [
                    -0.1230694130063057,
                    0.6077329516410828,
                    0.06833607703447342,
                    0.24228708446025848,
                    0.8574725985527039,
                    -0.17635196447372437,
                    -0.6730940937995911,
                    -0.7843806147575378,
                    -0.4563768804073334,
                    -0.5999038219451904,
                    0.6724359393119812,
                    -0.9770407676696777,
                    1.1950761079788208,
                    -0.14914868772029877,
                    0.7065697908401489,
                    0.04319457337260246,
                    -0.3915974199771881,
                    -0.4260641932487488,
                    -0.4721492826938629,
                    0.10372019559144974
                ]
            },
            "optimizer_parameters": {
                "y_lr": 0.05,
                "t_lr": 0.05,
                "scheduler_step_size": 10,
                "scheduler_gamma": 0.99
            }
        }
    },
    "optimizer_parameters": {
        "uv_lr": 0.005,
        "dir_lr": 0.05,
        "scheduler_step_size": 10,
        "scheduler_gamma": 0.99
    }
}