{
    "parameters": {
        "start_uv": [
            0.09766498953104019,
            1.0
        ],
        "end_uv": [
            0.47579148411750793,
            1.0
        ],
        "start_dir": [
            0.7200937867164612
        ],
        "end_dir": [
            0.39671221375465393
        ],
        "init_height": 0.2,
        "sil_spline": {
            "parameters": {
                "key_xs": [
                    0.0,
                    0.05263157933950424,
                    0.10526315867900848,
                    0.15789473056793213,
                    0.21052631735801697,
                    0.2631579041481018,
                    0.31578946113586426,
                    0.3684210479259491,
                    0.42105263471603394,
                    0.4736842215061188,
                    0.5263158082962036,
                    0.5789473652839661,
                    0.6315789222717285,
                    0.6842105388641357,
                    0.7368420958518982,
                    0.7894736528396606,
                    0.8421052694320679,
                    0.8947368264198303,
                    0.9473684430122375,
                    1.0
                ],
                "key_ys": [
                    -0.05460182949900627,
                    0.2510914206504822,
                    0.30158039927482605,
                    0.34266698360443115,
                    0.36393895745277405,
                    0.4007870852947235,
                    0.414923757314682,
                    0.44565561413764954,
                    0.4567093551158905,
                    0.42802634835243225,
                    0.4752470850944519,
                    0.4651275873184204,
                    0.5040518641471863,
                    0.7775230407714844,
                    0.6486771106719971,
                    0.2007157951593399,
                    0.5819759964942932,
                    0.46363165974617004,
                    0.3720196485519409,
                    0.06164693832397461
                ],
                "key_ts": [
                    -0.07965975254774094,
                    -0.36625343561172485,
                    0.569196879863739,
                    -0.15857857465744019,
                    0.21290142834186554,
                    -0.10951167345046997,
                    0.09479405730962753,
                    0.47930803894996643,
                    -0.46688368916511536,
                    0.1576196700334549,
                    0.21201848983764648,
                    -0.06900147348642349,
                    0.6462631225585938,
                    -1.1598811149597168,
                    -1.3174519538879395,
                    0.7801761627197266,
                    0.1790684014558792,
                    -0.17555369436740875,
                    0.060842365026474,
                    0.05075495317578316
                ]
            },
            "optimizer_parameters": {
                "y_lr": 0.05,
                "t_lr": 0.05,
                "scheduler_step_size": 10,
                "scheduler_gamma": 0.99
            }
        }
    },
    "optimizer_parameters": {
        "uv_lr": 0.005,
        "dir_lr": 0.05,
        "scheduler_step_size": 10,
        "scheduler_gamma": 0.99
    }
}