{
    "parameters": {
        "start_uv": [
            0.5436587929725647,
            0.3391553461551666
        ],
        "end_uv": [
            0.5404384136199951,
            0.4586201608181
        ],
        "start_dir": [
            0.09474261850118637
        ],
        "end_dir": [
            -1.5707939863204956
        ],
        "init_height": 0.2,
        "sil_spline": {
            "parameters": {
                "key_xs": [
                    0.0,
                    0.05263157933950424,
                    0.10526315867900848,
                    0.15789473056793213,
                    0.21052631735801697,
                    0.2631579041481018,
                    0.31578946113586426,
                    0.3684210479259491,
                    0.42105263471603394,
                    0.4736842215061188,
                    0.5263158082962036,
                    0.5789473652839661,
                    0.6315789222717285,
                    0.6842105388641357,
                    0.7368420958518982,
                    0.7894736528396606,
                    0.8421052694320679,
                    0.8947368264198303,
                    0.9473684430122375,
                    1.0
                ],
                "key_ys": [
                    0.2128494679927826,
                    0.23839548230171204,
                    0.2827187180519104,
                    0.3323766887187958,
                    0.37005630135536194,
                    0.4232355058193207,
                    0.46932336688041687,
                    0.3701687157154083,
                    0.22752481698989868,
                    0.13180066645145416,
                    0.120737724006176,
                    0.10780692845582962,
                    0.08220004290342331,
                    0.08691614866256714,
                    0.07610528916120529,
                    0.046018365770578384,
                    0.047360457479953766,
                    0.051815688610076904,
                    0.04793751612305641,
                    0.04935205727815628
                ],
                "key_ts": [
                    -0.1965353935956955,
                    0.3458264470100403,
                    0.18280483782291412,
                    0.37119805812835693,
                    0.18438434600830078,
                    0.3622623682022095,
                    0.67021644115448,
                    -0.027354303747415543,
                    0.17320339381694794,
                    0.022715555503964424,
                    0.019902756437659264,
                    -0.031334713101387024,
                    -0.13007476925849915,
                    -0.08254876732826233,
                    -0.056730423122644424,
                    -0.074664406478405,
                    -0.07331426441669464,
                    -0.07547957450151443,
                    -0.07086171209812164,
                    -0.037770017981529236
                ]
            },
            "optimizer_parameters": {
                "y_lr": 0.05,
                "t_lr": 0.05,
                "scheduler_step_size": 10,
                "scheduler_gamma": 0.99
            }
        }
    },
    "optimizer_parameters": {
        "uv_lr": 0.005,
        "dir_lr": 0.05,
        "scheduler_step_size": 10,
        "scheduler_gamma": 0.99
    }
}