{
    "parameters": {
        "start_uv": [
            0.516274094581604,
            0.041949883103370667
        ],
        "end_uv": [
            0.5004486441612244,
            0.06402096152305603
        ],
        "start_dir": [
            -0.07507848739624023
        ],
        "end_dir": [
            -1.1205706596374512
        ],
        "init_height": 0.2,
        "sil_spline": {
            "parameters": {
                "key_xs": [
                    0.0,
                    0.05263157933950424,
                    0.10526315867900848,
                    0.15789473056793213,
                    0.21052631735801697,
                    0.2631579041481018,
                    0.31578946113586426,
                    0.3684210479259491,
                    0.42105263471603394,
                    0.4736842215061188,
                    0.5263158082962036,
                    0.5789473652839661,
                    0.6315789222717285,
                    0.6842105388641357,
                    0.7368420958518982,
                    0.7894736528396606,
                    0.8421052694320679,
                    0.8947368264198303,
                    0.9473684430122375,
                    1.0
                ],
                "key_ys": [
                    0.17050829529762268,
                    0.2733812630176544,
                    0.35713136196136475,
                    0.4494835436344147,
                    0.5606386065483093,
                    0.6512547731399536,
                    0.7632911801338196,
                    1.0936154127120972,
                    1.0871940851211548,
                    1.072126865386963,
                    0.9929101467132568,
                    0.9173163175582886,
                    0.8375413417816162,
                    0.7597900629043579,
                    0.6935938000679016,
                    0.31649866700172424,
                    0.23375898599624634,
                    0.20743732154369354,
                    0.1649571657180786,
                    0.14532588422298431
                ],
                "key_ts": [
                    -0.19649648666381836,
                    0.7115368247032166,
                    0.1853926032781601,
                    0.2506175935268402,
                    -0.19314992427825928,
                    0.3333528935909271,
                    0.17408615350723267,
                    -0.3788885474205017,
                    -0.0794447511434555,
                    0.6923165321350098,
                    -0.6682963967323303,
                    -0.44772130250930786,
                    -0.2486271858215332,
                    -0.23235628008842468,
                    0.05947466567158699,
                    -0.5334352254867554,
                    0.027209853753447533,
                    -0.14839300513267517,
                    -0.22258080542087555,
                    0.0707096979022026
                ]
            },
            "optimizer_parameters": {
                "y_lr": 0.05,
                "t_lr": 0.05,
                "scheduler_step_size": 10,
                "scheduler_gamma": 0.99
            }
        }
    },
    "optimizer_parameters": {
        "uv_lr": 0.005,
        "dir_lr": 0.05,
        "scheduler_step_size": 10,
        "scheduler_gamma": 0.99
    }
}