{
    "parameters": {
        "grow_mode": "single_sided",
        "wave_angle": -1.0471975803375244,
        "start_uv": [
            0.340969979763031,
            0.01055864617228508
        ],
        "end_uv": [
            0.2841060757637024,
            0.027240535244345665
        ],
        "start_dir": [
            -0.8935226798057556
        ],
        "end_dir": [
            -1.1688814163208008
        ],
        "init_height": 0.2,
        "sil_spline": {
            "parameters": {
                "key_xs": [
                    0.0,
                    0.05263157933950424,
                    0.10526315867900848,
                    0.15789473056793213,
                    0.21052631735801697,
                    0.2631579041481018,
                    0.31578946113586426,
                    0.3684210479259491,
                    0.42105263471603394,
                    0.4736842215061188,
                    0.5263158082962036,
                    0.5789473652839661,
                    0.6315789222717285,
                    0.6842105388641357,
                    0.7368420958518982,
                    0.7894736528396606,
                    0.8421052694320679,
                    0.8947368264198303,
                    0.9473684430122375,
                    1.0
                ],
                "key_ys": [
                    0.1488955169916153,
                    0.1785111427307129,
                    0.19440671801567078,
                    0.20138505101203918,
                    0.20524367690086365,
                    0.2180694341659546,
                    0.2223583310842514,
                    0.22754007577896118,
                    0.23310604691505432,
                    0.24859705567359924,
                    0.2547251582145691,
                    0.2541230618953705,
                    0.2664274573326111,
                    0.27695879340171814,
                    0.2998674511909485,
                    0.23603452742099762,
                    0.2294536530971527,
                    0.21805013716220856,
                    0.20499566197395325,
                    0.19220221042633057
                ],
                "key_ts": [
                    0.014513916335999966,
                    -0.009219249710440636,
                    0.005765868816524744,
                    -0.004217512905597687,
                    -0.005313481669872999,
                    -0.0062112812884151936,
                    -0.008821788243949413,
                    -0.011872378177940845,
                    0.013346551917493343,
                    -0.01574009843170643,
                    -0.01241675578057766,
                    -0.01578589156270027,
                    -0.00970047153532505,
                    -0.010171706788241863,
                    -0.007512384559959173,
                    -0.007158876396715641,
                    0.0033969611395150423,
                    -0.005115831270813942,
                    -0.009325874969363213,
                    -0.00036486820317804813
                ]
            },
            "optimizer_parameters": {
                "y_lr": 0.05,
                "t_lr": 0.05,
                "scheduler_step_size": 10,
                "scheduler_gamma": 0.99
            }
        },
        "thickness_spline": {
            "parameters": {
                "key_xs": [
                    0.0,
                    0.30000001192092896,
                    0.5,
                    0.699999988079071,
                    1.0
                ],
                "key_ys": [
                    0.0,
                    0.029999999329447746,
                    0.03999999910593033,
                    0.029999999329447746,
                    0.0
                ],
                "key_ts": [
                    0.05000000074505806,
                    0.009999999776482582,
                    0.0,
                    -0.009999999776482582,
                    -0.05000000074505806
                ]
            },
            "optimizer_parameters": {
                "y_lr": 0.05,
                "t_lr": 0.05,
                "scheduler_step_size": 10,
                "scheduler_gamma": 0.99
            }
        },
        "uv_reshape_bb": {
            "uv": [
                0.001953125,
                0.3352864583333333
            ],
            "size": [
                0.3138020833333333,
                0.3138020833333333
            ]
        }
    },
    "optimizer_parameters": {
        "uv_lr": 0.005,
        "dir_lr": 0.05,
        "scheduler_step_size": 10,
        "scheduler_gamma": 0.99
    }
}