{
    "parameters": {
        "grow_mode": "single_sided",
        "wave_angle": -1.0471975803375244,
        "start_uv": [
            -0.0032570729963481426,
            -0.00018245517276227474
        ],
        "end_uv": [
            -0.003459296189248562,
            1.0002046823501587
        ],
        "start_dir": [
            1.0239430665969849
        ],
        "end_dir": [
            -3.505025625228882
        ],
        "init_height": 0.2,
        "sil_spline": {
            "parameters": {
                "key_xs": [
                    0.0,
                    0.05263157933950424,
                    0.10526315867900848,
                    0.15789473056793213,
                    0.21052631735801697,
                    0.2631579041481018,
                    0.31578946113586426,
                    0.3684210479259491,
                    0.42105263471603394,
                    0.4736842215061188,
                    0.5263158082962036,
                    0.5789473652839661,
                    0.6315789222717285,
                    0.6842105388641357,
                    0.7368420958518982,
                    0.7894736528396606,
                    0.8421052694320679,
                    0.8947368264198303,
                    0.9473684430122375,
                    1.0
                ],
                "key_ys": [
                    0.5863418579101562,
                    0.2893977463245392,
                    0.20253852009773254,
                    0.16522222757339478,
                    0.15037532150745392,
                    0.1459404081106186,
                    0.15570776164531708,
                    0.1928793340921402,
                    0.23994283378124237,
                    0.8370718359947205,
                    -0.10659758001565933,
                    0.0735173150897026,
                    0.07407446950674057,
                    0.07047471404075623,
                    0.06598421931266785,
                    0.06362045556306839,
                    0.06295179575681686,
                    0.06740320473909378,
                    0.06968200951814651,
                    0.08642075955867767
                ],
                "key_ts": [
                    -0.003442766610532999,
                    0.01901652291417122,
                    -0.0015592158306390047,
                    0.014562074095010757,
                    -0.008446773514151573,
                    0.012352426536381245,
                    -0.006634486373513937,
                    0.01569928228855133,
                    0.0021200773771852255,
                    -0.0247564148157835,
                    -0.006270958576351404,
                    0.00027694617165252566,
                    -0.0011391699081286788,
                    -0.006356582511216402,
                    -0.00020018219947814941,
                    -0.004803606774657965,
                    -0.009938142262399197,
                    0.004919765051454306,
                    -0.0009597936877980828,
                    -0.006220694165676832
                ]
            },
            "optimizer_parameters": {
                "y_lr": 0.05,
                "t_lr": 0.05,
                "scheduler_step_size": 10,
                "scheduler_gamma": 0.99
            }
        },
        "thickness_spline": {
            "parameters": {
                "key_xs": [
                    0.0,
                    0.30000001192092896,
                    0.5,
                    0.699999988079071,
                    1.0
                ],
                "key_ys": [
                    0.0,
                    0.009999999776482582,
                    0.012000000104308128,
                    0.009999999776482582,
                    0.0
                ],
                "key_ts": [
                    0.009999999776482582,
                    0.0020000000949949026,
                    0.0,
                    -0.0020000000949949026,
                    -0.009999999776482582
                ]
            },
            "optimizer_parameters": {
                "y_lr": 0.05,
                "t_lr": 0.05,
                "scheduler_step_size": 10,
                "scheduler_gamma": 0.99
            }
        },
        "uv_reshape_bb": {
            "uv": [
                0.001953125,
                0.6686197916666666
            ],
            "size": [
                0.3138020833333333,
                0.3138020833333333
            ]
        }
    },
    "optimizer_parameters": {
        "uv_lr": 0.005,
        "dir_lr": 0.05,
        "scheduler_step_size": 10,
        "scheduler_gamma": 0.99
    }
}