{
    "parameters": {
        "grow_mode": "single_sided",
        "wave_angle": -1.0471975803375244,
        "start_uv": [
            0.4018884003162384,
            1.0010703802108765
        ],
        "end_uv": [
            0.5836835503578186,
            1.0001970529556274
        ],
        "start_dir": [
            -0.2478259950876236
        ],
        "end_dir": [
            0.015429002232849598
        ],
        "init_height": 0.2,
        "sil_spline": {
            "parameters": {
                "key_xs": [
                    0.0,
                    0.05263157933950424,
                    0.10526315867900848,
                    0.15789473056793213,
                    0.21052631735801697,
                    0.2631579041481018,
                    0.31578946113586426,
                    0.3684210479259491,
                    0.42105263471603394,
                    0.4736842215061188,
                    0.5263158082962036,
                    0.5789473652839661,
                    0.6315789222717285,
                    0.6842105388641357,
                    0.7368420958518982,
                    0.7894736528396606,
                    0.8421052694320679,
                    0.8947368264198303,
                    0.9473684430122375,
                    1.0
                ],
                "key_ys": [
                    0.3414348363876343,
                    0.4378180205821991,
                    0.4308950901031494,
                    0.5272016525268555,
                    0.5294238328933716,
                    0.6283241510391235,
                    0.5988450646400452,
                    0.6995031833648682,
                    0.7235948443412781,
                    0.7221178412437439,
                    0.7279653549194336,
                    0.8169008493423462,
                    0.8265892863273621,
                    0.8153586387634277,
                    0.9052061438560486,
                    0.9335086345672607,
                    0.9525623917579651,
                    0.9396849274635315,
                    0.8931536674499512,
                    0.661142110824585
                ],
                "key_ts": [
                    0.027713313698768616,
                    -0.013289010152220726,
                    0.0024265556130558252,
                    0.003997683525085449,
                    0.00363355060108006,
                    0.0012065708870068192,
                    0.011549185030162334,
                    -0.000646689033601433,
                    0.0028945687226951122,
                    0.007486414164304733,
                    0.003314466681331396,
                    0.0019649071618914604,
                    -0.0041275629773736,
                    0.003057495690882206,
                    0.0029052181635051966,
                    0.0004951113369315863,
                    -0.0025122598744928837,
                    -0.002109197434037924,
                    0.0032760603353381157,
                    -0.006241716910153627
                ]
            },
            "optimizer_parameters": {
                "y_lr": 0.05,
                "t_lr": 0.05,
                "scheduler_step_size": 10,
                "scheduler_gamma": 0.99
            }
        },
        "thickness_spline": {
            "parameters": {
                "key_xs": [
                    0.0,
                    0.10000000149011612,
                    0.5,
                    0.8999999761581421,
                    1.0
                ],
                "key_ys": [
                    0.0,
                    0.03999999910593033,
                    0.05000000074505806,
                    0.03999999910593033,
                    0.0
                ],
                "key_ts": [
                    0.07999999821186066,
                    0.019999999552965164,
                    0.0,
                    -0.019999999552965164,
                    -0.07999999821186066
                ]
            },
            "optimizer_parameters": {
                "y_lr": 0.05,
                "t_lr": 0.05,
                "scheduler_step_size": 10,
                "scheduler_gamma": 0.99
            }
        },
        "uv_reshape_bb": {
            "uv": [
                0.3352864583333333,
                0.3352864583333333
            ],
            "size": [
                0.3138020833333333,
                0.3138020833333333
            ]
        }
    },
    "optimizer_parameters": {
        "uv_lr": 0.005,
        "dir_lr": 0.05,
        "scheduler_step_size": 10,
        "scheduler_gamma": 0.99
    }
}