{
    "parameters": {
        "grow_mode": "single_sided",
        "wave_angle": -1.0471975803375244,
        "start_uv": [
            0.3247167468070984,
            1.0004568099975586
        ],
        "end_uv": [
            0.3804064691066742,
            1.0002233982086182
        ],
        "start_dir": [
            -0.32672980427742004
        ],
        "end_dir": [
            0.6723350286483765
        ],
        "init_height": 0.2,
        "sil_spline": {
            "parameters": {
                "key_xs": [
                    0.0,
                    0.05263157933950424,
                    0.10526315867900848,
                    0.15789473056793213,
                    0.21052631735801697,
                    0.2631579041481018,
                    0.31578946113586426,
                    0.3684210479259491,
                    0.42105263471603394,
                    0.4736842215061188,
                    0.5263158082962036,
                    0.5789473652839661,
                    0.6315789222717285,
                    0.6842105388641357,
                    0.7368420958518982,
                    0.7894736528396606,
                    0.8421052694320679,
                    0.8947368264198303,
                    0.9473684430122375,
                    1.0
                ],
                "key_ys": [
                    0.17938973009586334,
                    0.17729021608829498,
                    0.17508649826049805,
                    0.1686008870601654,
                    0.17394129931926727,
                    0.1696762889623642,
                    0.16661521792411804,
                    0.17290377616882324,
                    0.17921866476535797,
                    0.1803944855928421,
                    0.16003526747226715,
                    0.18916752934455872,
                    0.18864242732524872,
                    0.19486336410045624,
                    0.2101248949766159,
                    0.2151266187429428,
                    0.2139711081981659,
                    0.227595254778862,
                    0.23642854392528534,
                    0.24083241820335388
                ],
                "key_ts": [
                    0.0018383784918114543,
                    -0.003928619436919689,
                    -6.578572356374934e-05,
                    -0.0033941257279366255,
                    0.002571655437350273,
                    -0.0049305688589811325,
                    -0.0013678580289706588,
                    0.000372204085579142,
                    -0.0035813115537166595,
                    -0.0026963180862367153,
                    0.0010697318939492106,
                    -0.012848800048232079,
                    -0.002869537565857172,
                    -0.007082819938659668,
                    -0.007392773870378733,
                    -0.014332367107272148,
                    0.0016070707933977246,
                    -0.0016337750712409616,
                    -0.01302974484860897,
                    -0.0036625477951020002
                ]
            },
            "optimizer_parameters": {
                "y_lr": 0.05,
                "t_lr": 0.05,
                "scheduler_step_size": 10,
                "scheduler_gamma": 0.99
            }
        },
        "thickness_spline": {
            "parameters": {
                "key_xs": [
                    0.0,
                    0.10000000149011612,
                    0.5,
                    0.8999999761581421,
                    1.0
                ],
                "key_ys": [
                    0.0,
                    0.009999999776482582,
                    0.019999999552965164,
                    0.009999999776482582,
                    0.0
                ],
                "key_ts": [
                    0.019999999552965164,
                    0.009999999776482582,
                    0.0,
                    -0.009999999776482582,
                    -0.019999999552965164
                ]
            },
            "optimizer_parameters": {
                "y_lr": 0.05,
                "t_lr": 0.05,
                "scheduler_step_size": 10,
                "scheduler_gamma": 0.99
            }
        },
        "uv_reshape_bb": {
            "uv": [
                0.3352864583333333,
                0.001953125
            ],
            "size": [
                0.3138020833333333,
                0.3138020833333333
            ]
        }
    },
    "optimizer_parameters": {
        "uv_lr": 0.005,
        "dir_lr": 0.05,
        "scheduler_step_size": 10,
        "scheduler_gamma": 0.99
    }
}