{
    "parameters": {
        "origin_xy": [
            -1.4545096158981323,
            0.2165737897157669
        ],
        "origin_z": 0.0,
        "length_x": 2.934972047805786,
        "length_y": 0.0,
        "length_z": 0.0,
        "uv_reshape_bb": {
            "uv": [
                0.001953125,
                0.001953125
            ],
            "size": [
                0.3138020833333333,
                0.3138020833333333
            ]
        },
        "top_spline": {
            "parameters": {
                "key_xs": [
                    0.0,
                    0.05263157933950424,
                    0.10526315867900848,
                    0.15789473056793213,
                    0.21052631735801697,
                    0.2631579041481018,
                    0.31578946113586426,
                    0.3684210479259491,
                    0.42105263471603394,
                    0.4736842215061188,
                    0.5263158082962036,
                    0.5789473652839661,
                    0.6315789222717285,
                    0.6842105388641357,
                    0.7368420958518982,
                    0.7894736528396606,
                    0.8421052694320679,
                    0.8947368264198303,
                    0.9473684430122375,
                    1.0
                ],
                "key_ys": [
                    0.00684097595512867,
                    0.004729291424155235,
                    0.055902522057294846,
                    0.21886329352855682,
                    0.3382265269756317,
                    0.45761945843696594,
                    0.5565176010131836,
                    0.6328319311141968,
                    0.7106441259384155,
                    0.7537802457809448,
                    0.7726560235023499,
                    0.7517128586769104,
                    0.7062472701072693,
                    0.6462602615356445,
                    0.5638218522071838,
                    0.44054004549980164,
                    0.27155226469039917,
                    0.07469718158245087,
                    -0.07782077044248581,
                    0.044536054134368896
                ],
                "key_ts": [
                    -0.1346505582332611,
                    -0.006484008859843016,
                    0.2361856997013092,
                    0.24480299651622772,
                    0.10867729038000107,
                    0.1966850906610489,
                    0.2131873369216919,
                    0.1347850263118744,
                    0.20130373537540436,
                    0.03427163138985634,
                    -0.29264745116233826,
                    0.10706957429647446,
                    -0.14993704855442047,
                    -0.132534921169281,
                    -0.20621617138385773,
                    -0.1977791041135788,
                    -0.14541023969650269,
                    -0.34167516231536865,
                    0.16848158836364746,
                    0.03085481747984886
                ]
            },
            "optimizer_parameters": {
                "y_lr": 0.05,
                "t_lr": 0.05,
                "scheduler_step_size": 10,
                "scheduler_gamma": 0.99
            }
        },
        "bottom_spline": {
            "parameters": {
                "key_xs": [
                    0.0,
                    0.05263157933950424,
                    0.10526315867900848,
                    0.15789473056793213,
                    0.21052631735801697,
                    0.2631579041481018,
                    0.31578946113586426,
                    0.3684210479259491,
                    0.42105263471603394,
                    0.4736842215061188,
                    0.5263158082962036,
                    0.5789473652839661,
                    0.6315789222717285,
                    0.6842105388641357,
                    0.7368420958518982,
                    0.7894736528396606,
                    0.8421052694320679,
                    0.8947368264198303,
                    0.9473684430122375,
                    1.0
                ],
                "key_ys": [
                    0.143731951713562,
                    0.21601226925849915,
                    0.3475903272628784,
                    0.5405154228210449,
                    0.6782505512237549,
                    0.7882798910140991,
                    0.8659424185752869,
                    0.9348206520080566,
                    0.9959122538566589,
                    1.041424036026001,
                    1.0572978258132935,
                    1.0377675294876099,
                    1.0137242078781128,
                    0.9729412794113159,
                    0.9004737138748169,
                    0.7889105677604675,
                    0.640105128288269,
                    0.44967740774154663,
                    0.19574998319149017,
                    -0.04453945532441139
                ],
                "key_ts": [
                    -0.08089616149663925,
                    -0.037180352956056595,
                    0.30206194519996643,
                    0.09107334911823273,
                    0.20629052817821503,
                    0.06038810685276985,
                    0.09068426489830017,
                    0.23222118616104126,
                    0.10982023924589157,
                    0.1275075227022171,
                    -0.26526814699172974,
                    0.04942062497138977,
                    -0.1514604091644287,
                    -0.15149350464344025,
                    -0.06269676983356476,
                    -0.19720318913459778,
                    -0.057839807122945786,
                    -0.19397100806236267,
                    -0.3381301462650299,
                    0.22856728732585907
                ]
            },
            "optimizer_parameters": {
                "y_lr": 0.05,
                "t_lr": 0.05,
                "scheduler_step_size": 10,
                "scheduler_gamma": 0.99
            }
        },
        "thickness_spline": {
            "parameters": {
                "key_xs": [
                    0.0,
                    0.10000000149011612,
                    0.20000000298023224,
                    0.30000001192092896,
                    0.4000000059604645,
                    0.6000000238418579,
                    0.699999988079071,
                    0.800000011920929,
                    0.8999999761581421,
                    1.0
                ],
                "key_ys": [
                    0.0,
                    0.6000000238418579,
                    0.75,
                    0.8299999833106995,
                    0.8999999761581421,
                    0.8500000238418579,
                    0.75,
                    0.6000000238418579,
                    0.4000000059604645,
                    0.0
                ],
                "key_ts": [
                    5.0,
                    4.0,
                    2.0,
                    1.0,
                    0.10000000149011612,
                    -0.10000000149011612,
                    -0.5,
                    -0.699999988079071,
                    -1.0,
                    -4.0
                ]
            },
            "optimizer_parameters": {
                "y_lr": 0.05,
                "t_lr": 0.05,
                "scheduler_step_size": 10,
                "scheduler_gamma": 0.99
            }
        },