{
    "parameters": {
        "grow_mode": "double_sided",
        "wave_angle": -1.2000000476837158,
        "start_uv": [
            0.5034843683242798,
            0.308269202709198
        ],
        "end_uv": [
            0.5257867574691772,
            0.3282623589038849
        ],
        "start_dir": [
            -0.11135391145944595
        ],
        "end_dir": [
            0.16698943078517914
        ],
        "init_height": 0.2,
        "sil_spline": {
            "parameters": {
                "key_xs": [
                    0.0,
                    0.05263157933950424,
                    0.10526315867900848,
                    0.15789473056793213,
                    0.21052631735801697,
                    0.2631579041481018,
                    0.31578946113586426,
                    0.3684210479259491,
                    0.42105263471603394,
                    0.4736842215061188,
                    0.5263158082962036,
                    0.5789473652839661,
                    0.6315789222717285,
                    0.6842105388641357,
                    0.7368420958518982,
                    0.7894736528396606,
                    0.8421052694320679,
                    0.8947368264198303,
                    0.9473684430122375,
                    1.0
                ],
                "key_ys": [
                    0.2659248411655426,
                    0.25992709398269653,
                    0.26147550344467163,
                    0.2577999532222748,
                    0.25584468245506287,
                    0.2601979970932007,
                    0.26057168841362,
                    0.26269882917404175,
                    0.2818511426448822,
                    0.29025185108184814,
                    0.29537686705589294,
                    0.2851467430591583,
                    0.2902301549911499,
                    0.29020658135414124,
                    0.29422152042388916,
                    0.28703194856643677,
                    0.29625195264816284,
                    0.2869988679885864,
                    0.30618050694465637,
                    0.3164149820804596
                ],
                "key_ts": [
                    6.346415466396138e-05,
                    0.01240646094083786,
                    -0.004785907920449972,
                    0.0025536352768540382,
                    0.00035747690708376467,
                    0.004476462956517935,
                    -0.0010032332502305508,
                    0.004797991830855608,
                    0.007723840419203043,
                    -0.00831463374197483,
                    0.0011383142555132508,
                    -0.003429817734286189,
                    -0.0035773792769759893,
                    -0.004904914181679487,
                    -0.008586026728153229,
                    -0.005124849732965231,
                    0.0045896656811237335,
                    -0.0033209417015314102,
                    -0.009121702052652836,
                    0.0002290292177349329
                ]
            },
            "optimizer_parameters": {
                "y_lr": 0.05,
                "t_lr": 0.05,
                "scheduler_step_size": 10,
                "scheduler_gamma": 0.99
            }
        },
        "thickness_spline": {
            "parameters": {
                "key_xs": [
                    0.0,
                    0.30000001192092896,
                    0.5,
                    0.699999988079071,
                    1.0
                ],
                "key_ys": [
                    0.0,
                    0.009999999776482582,
                    0.013000000268220901,
                    0.009999999776482582,
                    0.0
                ],
                "key_ts": [
                    0.009999999776482582,
                    0.0020000000949949026,
                    0.0,
                    -0.0020000000949949026,
                    -0.009999999776482582
                ]
            },
            "optimizer_parameters": {
                "y_lr": 0.05,
                "t_lr": 0.05,
                "scheduler_step_size": 10,
                "scheduler_gamma": 0.99
            }
        },
        "uv_reshape_bb": {
            "uv": [
                0.3352864583333333,
                0.6686197916666666
            ],
            "size": [
                0.3138020833333333,
                0.3138020833333333
            ]
        }
    },
    "optimizer_parameters": {
        "uv_lr": 0.005,
        "dir_lr": 0.05,
        "scheduler_step_size": 10,
        "scheduler_gamma": 0.99
    }
}