{
    "parameters": {
        "grow_mode": "single_sided",
        "wave_angle": -1.0471975803375244,
        "start_uv": [
            0.524068295955658,
            -0.0038953793700784445
        ],
        "end_uv": [
            0.4412733018398285,
            -0.0025046472437679768
        ],
        "start_dir": [
            -0.25205716490745544
        ],
        "end_dir": [
            -0.46130236983299255
        ],
        "init_height": 0.2,
        "sil_spline": {
            "parameters": {
                "key_xs": [
                    0.0,
                    0.05263157933950424,
                    0.10526315867900848,
                    0.15789473056793213,
                    0.21052631735801697,
                    0.2631579041481018,
                    0.31578946113586426,
                    0.3684210479259491,
                    0.42105263471603394,
                    0.4736842215061188,
                    0.5263158082962036,
                    0.5789473652839661,
                    0.6315789222717285,
                    0.6842105388641357,
                    0.7368420958518982,
                    0.7894736528396606,
                    0.8421052694320679,
                    0.8947368264198303,
                    0.9473684430122375,
                    1.0
                ],
                "key_ys": [
                    0.3977508544921875,
                    0.558245837688446,
                    0.6576938629150391,
                    0.7477861642837524,
                    0.8150911331176758,
                    0.8414596915245056,
                    0.7748498916625977,
                    0.7402428388595581,
                    0.6748111248016357,
                    0.6622129678726196,
                    0.5808899402618408,
                    0.561125636100769,
                    0.4740515947341919,
                    0.4646334648132324,
                    0.3908318281173706,
                    0.3505893647670746,
                    0.26088494062423706,
                    0.23220808804035187,
                    0.20458121597766876,
                    0.18501266837120056
                ],
                "key_ts": [
                    0.0038404043298214674,
                    0.0063980803824961185,
                    0.002220554742962122,
                    0.00368538498878479,
                    0.00231434078887105,
                    0.0020458372309803963,
                    0.004881612490862608,
                    2.0779366423084866e-06,
                    7.895784801803529e-05,
                    -0.015960123389959335,
                    -0.0011169869685545564,
                    -0.0037583461962640285,
                    -0.0038923309184610844,
                    -0.006672401912510395,
                    -0.006438064388930798,
                    -0.003774351440370083,
                    -0.0005277952877804637,
                    -0.004309453535825014,
                    -0.005400598514825106,
                    9.05814886209555e-05
                ]
            },
            "optimizer_parameters": {
                "y_lr": 0.05,
                "t_lr": 0.05,
                "scheduler_step_size": 10,
                "scheduler_gamma": 0.99
            }
        },
        "thickness_spline": {
            "parameters": {
                "key_xs": [
                    0.0,
                    1.0
                ],
                "key_ys": [
                    0.0,
                    0.0
                ],
                "key_ts": [
                    0.0,
                    0.0
                ]
            },
            "optimizer_parameters": {
                "y_lr": 0,
                "t_lr": 0,
                "scheduler_step_size": 0,
                "scheduler_gamma": 0
            }
        },
        "uv_reshape_bb": {
            "uv": [
                0.6686197916666666,
                0.001953125
            ],
            "size": [
                0.3138020833333333,
                0.3138020833333333
            ]
        }
    },
    "optimizer_parameters": {
        "uv_lr": 0.005,
        "dir_lr": 0.05,
        "scheduler_step_size": 10,
        "scheduler_gamma": 0.99
    }
}