{
    "parameters": {
        "origin_xy": [
            -0.250789076089859,
            -0.030833909288048744
        ],
        "origin_z": 0.0,
        "length_x": 2.210649251937866,
        "length_y": 0.0,
        "length_z": 0.0,
        "top_spline": {
            "parameters": {
                "key_xs": [
                    0.0,
                    0.05263157933950424,
                    0.10526315867900848,
                    0.15789473056793213,
                    0.21052631735801697,
                    0.2631579041481018,
                    0.31578946113586426,
                    0.3684210479259491,
                    0.42105263471603394,
                    0.4736842215061188,
                    0.5263158082962036,
                    0.5789473652839661,
                    0.6315789222717285,
                    0.6842105388641357,
                    0.7368420958518982,
                    0.7894736528396606,
                    0.8421052694320679,
                    0.8947368264198303,
                    0.9473684430122375,
                    1.0
                ],
                "key_ys": [
                    0.17169411480426788,
                    0.19428209960460663,
                    0.2444683462381363,
                    0.2838505804538727,
                    0.32062095403671265,
                    0.3632993698120117,
                    0.39798155426979065,
                    0.4359806478023529,
                    0.45187777280807495,
                    0.45990273356437683,
                    0.449049174785614,
                    0.4351567029953003,
                    0.41483059525489807,
                    0.3764447271823883,
                    0.3373022675514221,
                    0.28252530097961426,
                    0.22759786248207092,
                    0.16864833235740662,
                    0.11049260944128036,
                    0.05948486551642418
                ],
                "key_ts": [
                    -0.6184931397438049,
                    0.8459881544113159,
                    0.9545798301696777,
                    0.47197750210762024,
                    0.8553256392478943,
                    0.7013490200042725,
                    0.38402268290519714,
                    0.3263612389564514,
                    0.684039294719696,
                    0.19611255824565887,
                    0.23402418196201324,
                    -0.2532234191894531,
                    -0.35632821917533875,
                    -0.9528255462646484,
                    -0.738863468170166,
                    -0.9230076670646667,
                    -0.8000599145889282,
                    -0.8177119493484497,
                    -0.8795581459999084,
                    -0.4626993238925934
                ]
            },
            "optimizer_parameters": {
                "y_lr": 0.05,
                "t_lr": 0.05,
                "scheduler_step_size": 20,
                "scheduler_gamma": 0.99
            }
        },
        "bottom_spline": {
            "parameters": {
                "key_xs": [
                    0.0,
                    0.05263157933950424,
                    0.10526315867900848,
                    0.15789473056793213,
                    0.21052631735801697,
                    0.2631579041481018,
                    0.31578946113586426,
                    0.3684210479259491,
                    0.42105263471603394,
                    0.4736842215061188,
                    0.5263158082962036,
                    0.5789473652839661,
                    0.6315789222717285,
                    0.6842105388641357,
                    0.7368420958518982,
                    0.7894736528396606,
                    0.8421052694320679,
                    0.8947368264198303,
                    0.9473684430122375,
                    1.0
                ],
                "key_ys": [
                    0.09888779371976852,
                    0.11764442175626755,
                    0.18151505291461945,
                    0.2491040676832199,
                    0.3031635284423828,
                    0.3468606770038605,
                    0.3830404579639435,
                    0.41617119312286377,
                    0.44849109649658203,
                    0.4674227237701416,
                    0.472704142332077,
                    0.47269999980926514,
                    0.4729793965816498,
                    0.4581228494644165,
                    0.43824905157089233,
                    0.40717992186546326,
                    0.3637445867061615,
                    0.312419056892395,
                    0.24394313991069794,
                    -0.04190496727824211
                ],
                "key_ts": [
                    -1.3375474214553833,
                    0.40355798602104187,
                    1.2412753105163574,
                    2.0396320819854736,
                    0.9941982626914978,
                    0.8549880385398865,
                    0.8581553101539612,
                    0.8583391308784485,
                    0.5853742361068726,
                    0.35297292470932007,
                    -0.015010871924459934,
                    -0.0022479055915027857,
                    0.0278985183686018,
                    -0.20136047899723053,
                    -0.5050864219665527,
                    -0.44163116812705994,
                    -0.6207020282745361,
                    -0.9369910955429077,
                    -1.033958911895752,
                    1.1618940830230713
                ]
            },
            "optimizer_parameters": {
                "y_lr": 0.05,
                "t_lr": 0.05,
                "scheduler_step_size": 20,
                "scheduler_gamma": 0.99
            }
        }
    },
    "optimizer_parameters": {
        "origin_pos_lr": 0.05,
        "length_xyz_lr": 0.05,
        "scheduler_step_size": 20,
        "scheduler_gamma": 0.99
    }
}