{
    "parameters": {
        "grow_mode": "single_sided",
        "wave_angle": -1.0471975803375244,
        "start_uv": [
            -0.0004899842897430062,
            -7.875957089709118e-05
        ],
        "end_uv": [
            -0.0016166954301297665,
            1.0000227689743042
        ],
        "start_dir": [
            0.6208840012550354
        ],
        "end_dir": [
            -0.9169643521308899
        ],
        "init_height": 0.2,
        "sil_spline": {
            "parameters": {
                "key_xs": [
                    0.0,
                    0.05263157933950424,
                    0.10526315867900848,
                    0.15789473056793213,
                    0.21052631735801697,
                    0.2631579041481018,
                    0.31578946113586426,
                    0.3684210479259491,
                    0.42105263471603394,
                    0.4736842215061188,
                    0.5263158082962036,
                    0.5789473652839661,
                    0.6315789222717285,
                    0.6842105388641357,
                    0.7368420958518982,
                    0.7894736528396606,
                    0.8421052694320679,
                    0.8947368264198303,
                    0.9473684430122375,
                    1.0
                ],
                "key_ys": [
                    0.2971578538417816,
                    0.5345285534858704,
                    0.41155630350112915,
                    0.3573646545410156,
                    0.299752414226532,
                    0.2632713317871094,
                    0.23261712491512299,
                    0.21663135290145874,
                    0.2036571502685547,
                    0.19651900231838226,
                    0.19094409048557281,
                    0.1917819380760193,
                    0.19726793467998505,
                    0.20410257577896118,
                    0.2132570892572403,
                    0.23780368268489838,
                    0.27190065383911133,
                    0.32697370648384094,
                    0.4516518712043762,
                    0.6188103556632996
                ],
                "key_ts": [
                    0.004905415698885918,
                    -0.02744729444384575,
                    0.023501699790358543,
                    -0.024852395057678223,
                    0.006581394001841545,
                    0.00022156871273182333,
                    -0.015362675301730633,
                    -0.0023509985767304897,
                    -0.005263242404907942,
                    0.002797420136630535,
                    -0.00918904785066843,
                    0.008803839795291424,
                    -0.0015976154245436192,
                    -0.007427051197737455,
                    0.005989554338157177,
                    0.0027666303794831038,
                    0.008086588233709335,
                    -0.006915610283613205,
                    0.02641325816512108,
                    -0.012793601490557194
                ]
            },
            "optimizer_parameters": {
                "y_lr": 0.05,
                "t_lr": 0.05,
                "scheduler_step_size": 10,
                "scheduler_gamma": 0.99
            }
        },
        "thickness_spline": {
            "parameters": {
                "key_xs": [
                    0.0,
                    0.30000001192092896,
                    0.5,
                    0.699999988079071,
                    1.0
                ],
                "key_ys": [
                    0.0,
                    0.009999999776482582,
                    0.012000000104308128,
                    0.009999999776482582,
                    0.0
                ],
                "key_ts": [
                    0.009999999776482582,
                    0.0020000000949949026,
                    0.0,
                    -0.0020000000949949026,
                    -0.009999999776482582
                ]
            },
            "optimizer_parameters": {
                "y_lr": 0.05,
                "t_lr": 0.05,
                "scheduler_step_size": 10,
                "scheduler_gamma": 0.99
            }
        },
        "uv_reshape_bb": {
            "uv": [
                0.0,
                0.6666666666666666
            ],
            "size": [
                0.3333333333333333,
                0.3333333333333333
            ]
        }
    },
    "optimizer_parameters": {
        "uv_lr": 0.005,
        "dir_lr": 0.05,
        "scheduler_step_size": 10,
        "scheduler_gamma": 0.99
    }
}