{
    "parameters": {
        "grow_mode": "single_sided",
        "wave_angle": -1.0471975803375244,
        "start_uv": [
            0.09304492175579071,
            1.000882625579834
        ],
        "end_uv": [
            0.5890874266624451,
            1.003588318824768
        ],
        "start_dir": [
            -0.747843325138092
        ],
        "end_dir": [
            0.7570323944091797
        ],
        "init_height": 0.2,
        "sil_spline": {
            "parameters": {
                "key_xs": [
                    0.0,
                    0.05263157933950424,
                    0.10526315867900848,
                    0.15789473056793213,
                    0.21052631735801697,
                    0.2631579041481018,
                    0.31578946113586426,
                    0.3684210479259491,
                    0.42105263471603394,
                    0.4736842215061188,
                    0.5263158082962036,
                    0.5789473652839661,
                    0.6315789222717285,
                    0.6842105388641357,
                    0.7368420958518982,
                    0.7894736528396606,
                    0.8421052694320679,
                    0.8947368264198303,
                    0.9473684430122375,
                    1.0
                ],
                "key_ys": [
                    0.09436387568712234,
                    0.13849985599517822,
                    0.15520913898944855,
                    0.1936371922492981,
                    0.1514667570590973,
                    0.18122772872447968,
                    0.15891125798225403,
                    0.18183507025241852,
                    0.16723555326461792,
                    0.18839487433433533,
                    0.14856605231761932,
                    0.44339531660079956,
                    0.4053109884262085,
                    0.403448224067688,
                    0.3713189959526062,
                    0.35775986313819885,
                    0.3237495422363281,
                    0.30904489755630493,
                    0.2938316762447357,
                    0.24726614356040955
                ],
                "key_ts": [
                    0.005005116108804941,
                    -0.0119562316685915,
                    0.00412744702771306,
                    -0.0012908781645819545,
                    0.004066906403750181,
                    -0.014325910247862339,
                    0.00610987888649106,
                    0.041245996952056885,
                    -0.021729014813899994,
                    -0.026717115193605423,
                    0.0037167230620980263,
                    -0.012993711046874523,
                    -0.0021833465434610844,
                    0.013610641472041607,
                    -0.019012365490198135,
                    0.008945046924054623,
                    -0.008483091369271278,
                    0.0034001546446233988,
                    0.0009409005288034678,
                    -0.005881995428353548
                ]
            },
            "optimizer_parameters": {
                "y_lr": 0.05,
                "t_lr": 0.05,
                "scheduler_step_size": 10,
                "scheduler_gamma": 0.99
            }
        },
        "thickness_spline": {
            "parameters": {
                "key_xs": [
                    0.0,
                    0.10000000149011612,
                    0.5,
                    0.8999999761581421,
                    1.0
                ],
                "key_ys": [
                    0.0,
                    0.03999999910593033,
                    0.05000000074505806,
                    0.03999999910593033,
                    0.0
                ],
                "key_ts": [
                    0.07999999821186066,
                    0.019999999552965164,
                    0.0,
                    -0.019999999552965164,
                    -0.07999999821186066
                ]
            },
            "optimizer_parameters": {
                "y_lr": 0.05,
                "t_lr": 0.05,
                "scheduler_step_size": 10,
                "scheduler_gamma": 0.99
            }
        },
        "uv_reshape_bb": {
            "uv": [
                0.3333333333333333,
                0.0
            ],
            "size": [
                0.3333333333333333,
                0.3333333333333333
            ]
        }
    },
    "optimizer_parameters": {
        "uv_lr": 0.005,
        "dir_lr": 0.05,
        "scheduler_step_size": 10,
        "scheduler_gamma": 0.99
    }
}