{
    "parameters": {
        "grow_mode": "double_sided",
        "wave_angle": -1.2000000476837158,
        "start_uv": [
            0.6099004149436951,
            0.3238830268383026
        ],
        "end_uv": [
            0.6284946799278259,
            0.36600592732429504
        ],
        "start_dir": [
            -0.1373860388994217
        ],
        "end_dir": [
            0.3165852129459381
        ],
        "init_height": 0.2,
        "sil_spline": {
            "parameters": {
                "key_xs": [
                    0.0,
                    0.05263157933950424,
                    0.10526315867900848,
                    0.15789473056793213,
                    0.21052631735801697,
                    0.2631579041481018,
                    0.31578946113586426,
                    0.3684210479259491,
                    0.42105263471603394,
                    0.4736842215061188,
                    0.5263158082962036,
                    0.5789473652839661,
                    0.6315789222717285,
                    0.6842105388641357,
                    0.7368420958518982,
                    0.7894736528396606,
                    0.8421052694320679,
                    0.8947368264198303,
                    0.9473684430122375,
                    1.0
                ],
                "key_ys": [
                    0.31503716111183167,
                    0.31758707761764526,
                    0.3203106224536896,
                    0.32302507758140564,
                    0.3264505863189697,
                    0.3305968940258026,
                    0.33458781242370605,
                    0.3375243544578552,
                    0.3470260500907898,
                    0.3515092432498932,
                    0.3600224554538727,
                    0.3624918460845947,
                    0.3701055645942688,
                    0.3747937083244324,
                    0.39067599177360535,
                    0.4003419578075409,
                    0.414531946182251,
                    0.4273321330547333,
                    0.4234209656715393,
                    0.5548616647720337
                ],
                "key_ts": [
                    0.0007161817629821599,
                    0.0049088443629443645,
                    -0.004443224053829908,
                    0.005980446003377438,
                    -0.00223555532284081,
                    0.007999911904335022,
                    0.006526946555823088,
                    0.0062063587829470634,
                    0.005119596607983112,
                    0.0014700156170874834,
                    -0.004328024573624134,
                    0.001742796739563346,
                    0.0038512081373482943,
                    -0.0032672432716935873,
                    0.004055152181535959,
                    -0.003444039262831211,
                    0.005279529839754105,
                    -0.004955468233674765,
                    -0.041735440492630005,
                    0.025769438594579697
                ]
            },
            "optimizer_parameters": {
                "y_lr": 0.05,
                "t_lr": 0.05,
                "scheduler_step_size": 10,
                "scheduler_gamma": 0.99
            }
        },
        "thickness_spline": {
            "parameters": {
                "key_xs": [
                    0.0,
                    0.30000001192092896,
                    0.5,
                    0.699999988079071,
                    1.0
                ],
                "key_ys": [
                    0.0,
                    0.009999999776482582,
                    0.013000000268220901,
                    0.009999999776482582,
                    0.0
                ],
                "key_ts": [
                    0.009999999776482582,
                    0.0020000000949949026,
                    0.0,
                    -0.0020000000949949026,
                    -0.009999999776482582
                ]
            },
            "optimizer_parameters": {
                "y_lr": 0.05,
                "t_lr": 0.05,
                "scheduler_step_size": 10,
                "scheduler_gamma": 0.99
            }
        },
        "uv_reshape_bb": {
            "uv": [
                0.3333333333333333,
                0.3333333333333333
            ],
            "size": [
                0.3333333333333333,
                0.3333333333333333
            ]
        }
    },
    "optimizer_parameters": {
        "uv_lr": 0.005,
        "dir_lr": 0.05,
        "scheduler_step_size": 10,
        "scheduler_gamma": 0.99
    }
}