{
    "parameters": {
        "grow_mode": "single_sided",
        "wave_angle": -1.0471975803375244,
        "start_uv": [
            0.5259338021278381,
            -0.00017396817565895617
        ],
        "end_uv": [
            0.42366114258766174,
            -0.0021392186172306538
        ],
        "start_dir": [
            -0.4218387305736542
        ],
        "end_dir": [
            -0.3555736541748047
        ],
        "init_height": 0.2,
        "sil_spline": {
            "parameters": {
                "key_xs": [
                    0.0,
                    0.05263157933950424,
                    0.10526315867900848,
                    0.15789473056793213,
                    0.21052631735801697,
                    0.2631579041481018,
                    0.31578946113586426,
                    0.3684210479259491,
                    0.42105263471603394,
                    0.4736842215061188,
                    0.5263158082962036,
                    0.5789473652839661,
                    0.6315789222717285,
                    0.6842105388641357,
                    0.7368420958518982,
                    0.7894736528396606,
                    0.8421052694320679,
                    0.8947368264198303,
                    0.9473684430122375,
                    1.0
                ],
                "key_ys": [
                    0.30427294969558716,
                    0.33881843090057373,
                    0.38614827394485474,
                    0.4054618179798126,
                    0.4364193081855774,
                    0.46292659640312195,
                    0.4807664155960083,
                    0.49896129965782166,
                    0.5144941210746765,
                    0.5228887796401978,
                    0.5394903421401978,
                    0.5469056367874146,
                    0.5596859455108643,
                    0.5762761235237122,
                    0.5941484570503235,
                    0.6043086051940918,
                    0.6243156790733337,
                    0.6309536099433899,
                    0.6336164474487305,
                    0.6576570868492126
                ],
                "key_ts": [
                    0.009298472665250301,
                    -0.00594870001077652,
                    0.0014044191921129823,
                    -0.00025133430608548224,
                    0.007686949800699949,
                    0.004311439581215382,
                    0.0074560027569532394,
                    0.016977358609437943,
                    0.010480293072760105,
                    0.012849741615355015,
                    0.007674407213926315,
                    0.010421778075397015,
                    0.0029372016433626413,
                    0.0007249275804497302,
                    0.0033340926747769117,
                    0.0036378854420036077,
                    -0.0014082419220358133,
                    -0.0026422631926834583,
                    0.003162533976137638,
                    -0.005566985812038183
                ]
            },
            "optimizer_parameters": {
                "y_lr": 0.05,
                "t_lr": 0.05,
                "scheduler_step_size": 10,
                "scheduler_gamma": 0.99
            }
        },
        "thickness_spline": {
            "parameters": {
                "key_xs": [
                    0.0,
                    1.0
                ],
                "key_ys": [
                    0.0,
                    0.0
                ],
                "key_ts": [
                    0.0,
                    0.0
                ]
            },
            "optimizer_parameters": {
                "y_lr": 0,
                "t_lr": 0,
                "scheduler_step_size": 0,
                "scheduler_gamma": 0
            }
        },
        "uv_reshape_bb": {
            "uv": [
                0.3333333333333333,
                0.6666666666666666
            ],
            "size": [
                0.3333333333333333,
                0.3333333333333333
            ]
        }
    },
    "optimizer_parameters": {
        "uv_lr": 0.005,
        "dir_lr": 0.05,
        "scheduler_step_size": 10,
        "scheduler_gamma": 0.99
    }
}