{
    "parameters": {
        "grow_mode": "single_sided",
        "wave_angle": -1.0471975803375244,
        "start_uv": [
            0.2656926214694977,
            -0.0008509051403962076
        ],
        "end_uv": [
            0.16875454783439636,
            -0.000178400325239636
        ],
        "start_dir": [
            -0.5027965903282166
        ],
        "end_dir": [
            -0.8362888693809509
        ],
        "init_height": 0.2,
        "sil_spline": {
            "parameters": {
                "key_xs": [
                    0.0,
                    0.05263157933950424,
                    0.10526315867900848,
                    0.15789473056793213,
                    0.21052631735801697,
                    0.2631579041481018,
                    0.31578946113586426,
                    0.3684210479259491,
                    0.42105263471603394,
                    0.4736842215061188,
                    0.5263158082962036,
                    0.5789473652839661,
                    0.6315789222717285,
                    0.6842105388641357,
                    0.7368420958518982,
                    0.7894736528396606,
                    0.8421052694320679,
                    0.8947368264198303,
                    0.9473684430122375,
                    1.0
                ],
                "key_ys": [
                    0.22239550948143005,
                    0.2760079801082611,
                    0.3275202512741089,
                    0.38201063871383667,
                    0.39786297082901,
                    0.4098964333534241,
                    0.4160705804824829,
                    0.4156825840473175,
                    0.40065798163414,
                    0.379385381937027,
                    0.35018032789230347,
                    0.3142334818840027,
                    0.287013977766037,
                    0.25705045461654663,
                    0.229544535279274,
                    0.19889581203460693,
                    0.16977769136428833,
                    0.11432269960641861,
                    0.09332543611526489,
                    0.08135588467121124
                ],
                "key_ts": [
                    0.015527427196502686,
                    -0.007078529801219702,
                    0.012547030113637447,
                    0.004808709491044283,
                    0.002661782782524824,
                    -4.417991658556275e-05,
                    0.007284997962415218,
                    -0.0016684688162058592,
                    -0.03803962469100952,
                    -0.006725346203893423,
                    -0.02042962796986103,
                    -0.022418832406401634,
                    -0.017392857000231743,
                    -0.01312846690416336,
                    -0.01524596568197012,
                    -0.013542912900447845,
                    -0.010080212727189064,
                    -0.010458282195031643,
                    0.00131766009144485,
                    -0.0017484875861555338
                ]
            },
            "optimizer_parameters": {
                "y_lr": 0.05,
                "t_lr": 0.05,
                "scheduler_step_size": 10,
                "scheduler_gamma": 0.99
            }
        },
        "thickness_spline": {
            "parameters": {
                "key_xs": [
                    0.0,
                    0.30000001192092896,
                    0.5,
                    0.699999988079071,
                    1.0
                ],
                "key_ys": [
                    0.0,
                    0.029999999329447746,
                    0.03999999910593033,
                    0.029999999329447746,
                    0.0
                ],
                "key_ts": [
                    0.05000000074505806,
                    0.009999999776482582,
                    0.0,
                    -0.009999999776482582,
                    -0.05000000074505806
                ]
            },
            "optimizer_parameters": {
                "y_lr": 0.05,
                "t_lr": 0.05,
                "scheduler_step_size": 10,
                "scheduler_gamma": 0.99
            }
        },
        "uv_reshape_bb": {
            "uv": [
                0.0,
                0.3333333333333333
            ],
            "size": [
                0.3333333333333333,
                0.3333333333333333
            ]
        }
    },
    "optimizer_parameters": {
        "uv_lr": 0.005,
        "dir_lr": 0.05,
        "scheduler_step_size": 10,
        "scheduler_gamma": 0.99
    }
}