{
    "parameters": {
        "grow_mode": "single_sided",
        "wave_angle": -1.0471975803375244,
        "start_uv": [
            -0.0016864665085449815,
            -3.948904850403778e-05
        ],
        "end_uv": [
            -0.0012552904663607478,
            1.0000003576278687
        ],
        "start_dir": [
            0.388273149728775
        ],
        "end_dir": [
            -0.27519500255584717
        ],
        "init_height": 0.2,
        "sil_spline": {
            "parameters": {
                "key_xs": [
                    0.0,
                    0.05263157933950424,
                    0.10526315867900848,
                    0.15789473056793213,
                    0.21052631735801697,
                    0.2631579041481018,
                    0.31578946113586426,
                    0.3684210479259491,
                    0.42105263471603394,
                    0.4736842215061188,
                    0.5263158082962036,
                    0.5789473652839661,
                    0.6315789222717285,
                    0.6842105388641357,
                    0.7368420958518982,
                    0.7894736528396606,
                    0.8421052694320679,
                    0.8947368264198303,
                    0.9473684430122375,
                    1.0
                ],
                "key_ys": [
                    0.42201825976371765,
                    0.6134312748908997,
                    0.5649726390838623,
                    0.5109863877296448,
                    0.471017062664032,
                    0.44062870740890503,
                    0.41287362575531006,
                    0.38979315757751465,
                    0.37336742877960205,
                    0.36657050251960754,
                    0.36783185601234436,
                    0.3847780227661133,
                    0.3865966200828552,
                    0.41401466727256775,
                    0.43555036187171936,
                    0.4607720673084259,
                    0.48798975348472595,
                    0.5146780014038086,
                    0.5835999250411987,
                    0.4217226505279541
                ],
                "key_ts": [
                    0.004254876170307398,
                    0.014577869325876236,
                    -0.02780092880129814,
                    0.008480815216898918,
                    -0.014367641881108284,
                    -0.01409673411399126,
                    -0.005542438477277756,
                    -0.029219765216112137,
                    -0.02017596922814846,
                    -0.007680381182581186,
                    0.01573016680777073,
                    0.012619223445653915,
                    -0.002162680495530367,
                    0.013777640648186207,
                    -0.0031884259078651667,
                    0.022666772827506065,
                    0.005293227266520262,
                    -0.021039094775915146,
                    0.02406061254441738,
                    -0.005747267510741949
                ]
            },
            "optimizer_parameters": {
                "y_lr": 0.05,
                "t_lr": 0.05,
                "scheduler_step_size": 10,
                "scheduler_gamma": 0.99
            }
        },
        "thickness_spline": {
            "parameters": {
                "key_xs": [
                    0.0,
                    0.30000001192092896,
                    0.5,
                    0.699999988079071,
                    1.0
                ],
                "key_ys": [
                    0.0,
                    0.009999999776482582,
                    0.012000000104308128,
                    0.009999999776482582,
                    0.0
                ],
                "key_ts": [
                    0.009999999776482582,
                    0.0020000000949949026,
                    0.0,
                    -0.0020000000949949026,
                    -0.009999999776482582
                ]
            },
            "optimizer_parameters": {
                "y_lr": 0.05,
                "t_lr": 0.05,
                "scheduler_step_size": 10,
                "scheduler_gamma": 0.99
            }
        },
        "uv_reshape_bb": {
            "uv": [
                0.0,
                0.6666666666666666
            ],
            "size": [
                0.3333333333333333,
                0.3333333333333333
            ]
        }
    },
    "optimizer_parameters": {
        "uv_lr": 0.005,
        "dir_lr": 0.05,
        "scheduler_step_size": 10,
        "scheduler_gamma": 0.99
    }
}