{
    "parameters": {
        "grow_mode": "single_sided",
        "wave_angle": -1.0471975803375244,
        "start_uv": [
            0.13296908140182495,
            1.000288486480713
        ],
        "end_uv": [
            0.18986988067626953,
            1.000239372253418
        ],
        "start_dir": [
            0.42365485429763794
        ],
        "end_dir": [
            -1.0134211778640747
        ],
        "init_height": 0.2,
        "sil_spline": {
            "parameters": {
                "key_xs": [
                    0.0,
                    0.05263157933950424,
                    0.10526315867900848,
                    0.15789473056793213,
                    0.21052631735801697,
                    0.2631579041481018,
                    0.31578946113586426,
                    0.3684210479259491,
                    0.42105263471603394,
                    0.4736842215061188,
                    0.5263158082962036,
                    0.5789473652839661,
                    0.6315789222717285,
                    0.6842105388641357,
                    0.7368420958518982,
                    0.7894736528396606,
                    0.8421052694320679,
                    0.8947368264198303,
                    0.9473684430122375,
                    1.0
                ],
                "key_ys": [
                    0.24865905940532684,
                    0.29066529870033264,
                    0.32476747035980225,
                    0.3417882025241852,
                    0.5285125374794006,
                    0.45145803689956665,
                    0.3870791792869568,
                    0.31891778111457825,
                    0.27278798818588257,
                    0.23408958315849304,
                    0.205539733171463,
                    0.1766488254070282,
                    0.15744607150554657,
                    0.13155588507652283,
                    0.11046673357486725,
                    0.08234523981809616,
                    0.06987983733415604,
                    0.060727108269929886,
                    0.05316055566072464,
                    0.046380918473005295
                ],
                "key_ts": [
                    -0.0021821155678480864,
                    0.013487434014678001,
                    0.009052194654941559,
                    -0.01829441636800766,
                    -0.0065018050372600555,
                    0.007125592790544033,
                    -0.006104390136897564,
                    -0.0011497164377942681,
                    -0.00012419094855431467,
                    -0.011534306220710278,
                    -0.004521415568888187,
                    -0.012329564429819584,
                    -0.008298324421048164,
                    -0.005119933746755123,
                    -0.0034042855259031057,
                    -0.00629365723580122,
                    -0.005460868589580059,
                    -0.0011895981151610613,
                    -0.0041506546549499035,
                    0.0021721646189689636
                ]
            },
            "optimizer_parameters": {
                "y_lr": 0.05,
                "t_lr": 0.05,
                "scheduler_step_size": 10,
                "scheduler_gamma": 0.99
            }
        },
        "thickness_spline": {
            "parameters": {
                "key_xs": [
                    0.0,
                    0.10000000149011612,
                    0.5,
                    0.8999999761581421,
                    1.0
                ],
                "key_ys": [
                    0.0,
                    0.03999999910593033,
                    0.05000000074505806,
                    0.03999999910593033,
                    0.0
                ],
                "key_ts": [
                    0.07999999821186066,
                    0.019999999552965164,
                    0.0,
                    -0.019999999552965164,
                    -0.07999999821186066
                ]
            },
            "optimizer_parameters": {
                "y_lr": 0.05,
                "t_lr": 0.05,
                "scheduler_step_size": 10,
                "scheduler_gamma": 0.99
            }
        },
        "uv_reshape_bb": {
            "uv": [
                0.3333333333333333,
                0.0
            ],
            "size": [
                0.3333333333333333,
                0.3333333333333333
            ]
        }
    },
    "optimizer_parameters": {
        "uv_lr": 0.005,
        "dir_lr": 0.05,
        "scheduler_step_size": 10,
        "scheduler_gamma": 0.99
    }
}