{
    "parameters": {
        "grow_mode": "single_sided",
        "wave_angle": -1.0471975803375244,
        "start_uv": [
            0.24132512509822845,
            1.0008714199066162
        ],
        "end_uv": [
            0.6468740701675415,
            1.0033999681472778
        ],
        "start_dir": [
            -0.42838233709335327
        ],
        "end_dir": [
            0.452149361371994
        ],
        "init_height": 0.2,
        "sil_spline": {
            "parameters": {
                "key_xs": [
                    0.0,
                    0.05263157933950424,
                    0.10526315867900848,
                    0.15789473056793213,
                    0.21052631735801697,
                    0.2631579041481018,
                    0.31578946113586426,
                    0.3684210479259491,
                    0.42105263471603394,
                    0.4736842215061188,
                    0.5263158082962036,
                    0.5789473652839661,
                    0.6315789222717285,
                    0.6842105388641357,
                    0.7368420958518982,
                    0.7894736528396606,
                    0.8421052694320679,
                    0.8947368264198303,
                    0.9473684430122375,
                    1.0
                ],
                "key_ys": [
                    0.12925539910793304,
                    0.13814003765583038,
                    0.1745847910642624,
                    0.14181262254714966,
                    0.18261262774467468,
                    0.17136621475219727,
                    0.19029350578784943,
                    0.2091715931892395,
                    0.19033299386501312,
                    0.2198009341955185,
                    0.2205212563276291,
                    0.23496901988983154,
                    0.2258608043193817,
                    0.2423727959394455,
                    0.2439635992050171,
                    0.24303480982780457,
                    0.19878214597702026,
                    0.2052575647830963,
                    0.30736806988716125,
                    0.19775399565696716
                ],
                "key_ts": [
                    -0.010174984112381935,
                    0.02344142086803913,
                    -0.010629675351083279,
                    0.016255609691143036,
                    0.019656501710414886,
                    -0.012714539654552937,
                    0.013289185240864754,
                    0.012473644688725471,
                    -0.006786809302866459,
                    -0.006967369932681322,
                    0.03372316062450409,
                    -0.009082057513296604,
                    0.025122882798314095,
                    -0.044944729655981064,
                    0.03285147249698639,
                    -0.01573362573981285,
                    -0.000866676215082407,
                    -0.001900230534374714,
                    0.0034299271646887064,
                    -0.00626459252089262
                ]
            },
            "optimizer_parameters": {
                "y_lr": 0.05,
                "t_lr": 0.05,
                "scheduler_step_size": 10,
                "scheduler_gamma": 0.99
            }
        },
        "thickness_spline": {
            "parameters": {
                "key_xs": [
                    0.0,
                    0.10000000149011612,
                    0.5,
                    0.8999999761581421,
                    1.0
                ],
                "key_ys": [
                    0.0,
                    0.03999999910593033,
                    0.05000000074505806,
                    0.03999999910593033,
                    0.0
                ],
                "key_ts": [
                    0.07999999821186066,
                    0.019999999552965164,
                    0.0,
                    -0.019999999552965164,
                    -0.07999999821186066
                ]
            },
            "optimizer_parameters": {
                "y_lr": 0.05,
                "t_lr": 0.05,
                "scheduler_step_size": 10,
                "scheduler_gamma": 0.99
            }
        },
        "uv_reshape_bb": {
            "uv": [
                0.3333333333333333,
                0.3333333333333333
            ],
            "size": [
                0.3333333333333333,
                0.3333333333333333
            ]
        }
    },
    "optimizer_parameters": {
        "uv_lr": 0.005,
        "dir_lr": 0.05,
        "scheduler_step_size": 10,
        "scheduler_gamma": 0.99
    }
}