{
    "parameters": {
        "origin_xy": [
            -1.6026978492736816,
            0.009297954849898815
        ],
        "origin_z": 0.0,
        "length_x": 3.1770520210266113,
        "length_y": 0.0,
        "length_z": 0.0,
        "uv_reshape_bb": {
            "uv": [
                0.0,
                0.0
            ],
            "size": [
                0.3333333333333333,
                0.3333333333333333
            ]
        },
        "top_spline": {
            "parameters": {
                "key_xs": [
                    0.0,
                    0.05263157933950424,
                    0.10526315867900848,
                    0.15789473056793213,
                    0.21052631735801697,
                    0.2631579041481018,
                    0.31578946113586426,
                    0.3684210479259491,
                    0.42105263471603394,
                    0.4736842215061188,
                    0.5263158082962036,
                    0.5789473652839661,
                    0.6315789222717285,
                    0.6842105388641357,
                    0.7368420958518982,
                    0.7894736528396606,
                    0.8421052694320679,
                    0.8947368264198303,
                    0.9473684430122375,
                    1.0
                ],
                "key_ys": [
                    0.014384981244802475,
                    -0.0016684356378391385,
                    0.020132949575781822,
                    0.21785897016525269,
                    0.28531503677368164,
                    0.3901420831680298,
                    0.5000045299530029,
                    0.5699574947357178,
                    0.6382077932357788,
                    0.6771360039710999,
                    0.7119699120521545,
                    0.7303394079208374,
                    0.7199715375900269,
                    0.6836256980895996,
                    0.6219018697738647,
                    0.5344516038894653,
                    0.4287770688533783,
                    0.31680309772491455,
                    0.19820350408554077,
                    0.13774557411670685
                ],
                "key_ts": [
                    -0.08259265869855881,
                    0.01628963276743889,
                    0.0367790088057518,
                    0.35162806510925293,
                    -0.11323369294404984,
                    0.3151671290397644,
                    0.14533516764640808,
                    0.1894495189189911,
                    0.20219142735004425,
                    0.1363288313150406,
                    0.07200941443443298,
                    -0.29808589816093445,
                    0.0348081961274147,
                    -0.13308972120285034,
                    -0.16129647195339203,
                    -0.15409104526042938,
                    -0.1532386690378189,
                    -0.14669613540172577,
                    -0.23990173637866974,
                    0.19030459225177765
                ]
            },
            "optimizer_parameters": {
                "y_lr": 0.05,
                "t_lr": 0.05,
                "scheduler_step_size": 10,
                "scheduler_gamma": 0.99
            }
        },
        "bottom_spline": {
            "parameters": {
                "key_xs": [
                    0.0,
                    0.05263157933950424,
                    0.10526315867900848,
                    0.15789473056793213,
                    0.21052631735801697,
                    0.2631579041481018,
                    0.31578946113586426,
                    0.3684210479259491,
                    0.42105263471603394,
                    0.4736842215061188,
                    0.5263158082962036,
                    0.5789473652839661,
                    0.6315789222717285,
                    0.6842105388641357,
                    0.7368420958518982,
                    0.7894736528396606,
                    0.8421052694320679,
                    0.8947368264198303,
                    0.9473684430122375,
                    1.0
                ],
                "key_ys": [
                    0.2970200479030609,
                    0.27779924869537354,
                    0.29121607542037964,
                    0.34209612011909485,
                    0.42141520977020264,
                    0.5124157667160034,
                    0.5563251972198486,
                    0.5944168567657471,
                    0.6148730516433716,
                    0.6311168074607849,
                    0.6422103047370911,
                    0.6414542198181152,
                    0.6267382502555847,
                    0.6176238656044006,
                    0.5858779549598694,
                    0.5329508781433105,
                    0.4108416736125946,
                    0.2554692029953003,
                    0.027767382562160492,
                    -0.1600421667098999
                ],
                "key_ts": [
                    -0.060043904930353165,
                    -0.01591986045241356,
                    -0.011282498948276043,
                    0.2181163728237152,
                    0.2266189455986023,
                    0.05205212160944939,
                    0.20029862225055695,
                    0.1248069480061531,
                    0.1742820143699646,
                    0.018347974866628647,
                    -0.16678008437156677,
                    0.020204314962029457,
                    -0.10403573513031006,
                    -0.1345057636499405,
                    -0.11515267938375473,
                    -0.05266560986638069,
                    -0.24919374287128448,
                    -0.06291287392377853,
                    -0.3741261959075928,
                    0.25046858191490173
                ]
            },
            "optimizer_parameters": {
                "y_lr": 0.05,
                "t_lr": 0.05,
                "scheduler_step_size": 10,
                "scheduler_gamma": 0.99
            }
        },
        "thickness_spline": {
            "parameters": {
                "key_xs": [
                    0.0,
                    0.10000000149011612,
                    0.20000000298023224,
                    0.30000001192092896,
                    0.4000000059604645,
                    0.6000000238418579,
                    0.699999988079071,
                    0.800000011920929,
                    0.8999999761581421,
                    1.0
                ],
                "key_ys": [
                    0.0,
                    0.6000000238418579,
                    0.75,
                    0.8299999833106995,
                    0.8999999761581421,
                    0.8500000238418579,
                    0.75,
                    0.6000000238418579,
                    0.4000000059604645,
                    0.0
                ],
                "key_ts": [
                    5.0,
                    4.0,
                    2.0,
                    1.0,
                    0.10000000149011612,
                    -0.10000000149011612,
                    -0.5,
                    -0.699999988079071,
                    -1.0,
                    -4.0
                ]
            },
            "optimizer_parameters": {
                "y_lr": 0.05,
                "t_lr": 0.05,
                "scheduler_step_size": 10,
                "scheduler_gamma": 0.99
            }
        },