{
    "parameters": {
        "grow_mode": "double_sided",
        "wave_angle": -1.2000000476837158,
        "start_uv": [
            0.6489967703819275,
            0.36244192719459534
        ],
        "end_uv": [
            0.633558452129364,
            0.40146273374557495
        ],
        "start_dir": [
            -0.5299429297447205
        ],
        "end_dir": [
            -0.31424763798713684
        ],
        "init_height": 0.2,
        "sil_spline": {
            "parameters": {
                "key_xs": [
                    0.0,
                    0.05263157933950424,
                    0.10526315867900848,
                    0.15789473056793213,
                    0.21052631735801697,
                    0.2631579041481018,
                    0.31578946113586426,
                    0.3684210479259491,
                    0.42105263471603394,
                    0.4736842215061188,
                    0.5263158082962036,
                    0.5789473652839661,
                    0.6315789222717285,
                    0.6842105388641357,
                    0.7368420958518982,
                    0.7894736528396606,
                    0.8421052694320679,
                    0.8947368264198303,
                    0.9473684430122375,
                    1.0
                ],
                "key_ys": [
                    0.32177361845970154,
                    0.29792386293411255,
                    0.31243613362312317,
                    0.3116694390773773,
                    0.3121589124202728,
                    0.3157583475112915,
                    0.3155022859573364,
                    0.32109329104423523,
                    0.32960274815559387,
                    0.3324277102947235,
                    0.334668904542923,
                    0.33347272872924805,
                    0.32717785239219666,
                    0.35036757588386536,
                    0.347292423248291,
                    0.35180431604385376,
                    0.35209476947784424,
                    0.35216158628463745,
                    0.3472725749015808,
                    0.3811488151550293
                ],
                "key_ts": [
                    0.0023729067761451006,
                    0.0025210806634277105,
                    -0.005737785249948502,
                    -0.0006651761359535158,
                    0.0019307174952700734,
                    -0.0013377958675846457,
                    -0.0008965613669715822,
                    -0.0016775853000581264,
                    -0.0016305914614349604,
                    0.0023348680697381496,
                    -0.007548414170742035,
                    0.00031019304879009724,
                    -0.0034332177601754665,
                    -0.0038821168709546328,
                    -0.005212387535721064,
                    3.114306309726089e-05,
                    -0.004038059618324041,
                    0.0018068555509671569,
                    -0.004645670298486948,
                    -0.0006791438790969551
                ]
            },
            "optimizer_parameters": {
                "y_lr": 0.05,
                "t_lr": 0.05,
                "scheduler_step_size": 10,
                "scheduler_gamma": 0.99
            }
        },
        "thickness_spline": {
            "parameters": {
                "key_xs": [
                    0.0,
                    0.30000001192092896,
                    0.5,
                    0.699999988079071,
                    1.0
                ],
                "key_ys": [
                    0.0,
                    0.009999999776482582,
                    0.013000000268220901,
                    0.009999999776482582,
                    0.0
                ],
                "key_ts": [
                    0.009999999776482582,
                    0.0020000000949949026,
                    0.0,
                    -0.0020000000949949026,
                    -0.009999999776482582
                ]
            },
            "optimizer_parameters": {
                "y_lr": 0.05,
                "t_lr": 0.05,
                "scheduler_step_size": 10,
                "scheduler_gamma": 0.99
            }
        },
        "uv_reshape_bb": {
            "uv": [
                0.3333333333333333,
                0.6666666666666666
            ],
            "size": [
                0.3333333333333333,
                0.3333333333333333
            ]
        }
    },
    "optimizer_parameters": {
        "uv_lr": 0.005,
        "dir_lr": 0.05,
        "scheduler_step_size": 10,
        "scheduler_gamma": 0.99
    }
}