{
    "parameters": {
        "grow_mode": "single_sided",
        "wave_angle": -1.0471975803375244,
        "start_uv": [
            0.7403329014778137,
            -0.0004652281932067126
        ],
        "end_uv": [
            0.6508484482765198,
            -0.0020772034768015146
        ],
        "start_dir": [
            -0.5692440271377563
        ],
        "end_dir": [
            -1.0878924131393433
        ],
        "init_height": 0.2,
        "sil_spline": {
            "parameters": {
                "key_xs": [
                    0.0,
                    0.05263157933950424,
                    0.10526315867900848,
                    0.15789473056793213,
                    0.21052631735801697,
                    0.2631579041481018,
                    0.31578946113586426,
                    0.3684210479259491,
                    0.42105263471603394,
                    0.4736842215061188,
                    0.5263158082962036,
                    0.5789473652839661,
                    0.6315789222717285,
                    0.6842105388641357,
                    0.7368420958518982,
                    0.7894736528396606,
                    0.8421052694320679,
                    0.8947368264198303,
                    0.9473684430122375,
                    1.0
                ],
                "key_ys": [
                    0.2634567618370056,
                    0.31248217821121216,
                    0.36875081062316895,
                    0.4180109202861786,
                    0.41170933842658997,
                    0.390675812959671,
                    0.3680171072483063,
                    0.3422883152961731,
                    0.3154864013195038,
                    0.28111645579338074,
                    0.23834195733070374,
                    0.20381486415863037,
                    0.15017057955265045,
                    0.11993285268545151,
                    0.09874822944402695,
                    0.08082623779773712,
                    0.06989535689353943,
                    0.05469861999154091,
                    0.030631884932518005,
                    0.004805725067853928
                ],
                "key_ts": [
                    0.010030807927250862,
                    -0.0069059510715305805,
                    0.005211669951677322,
                    0.0009467910276725888,
                    -0.0021906301844865084,
                    -0.0052628605626523495,
                    -0.007596490904688835,
                    -0.01373367290943861,
                    -0.0018287749262526631,
                    -0.020449265837669373,
                    -0.0038661248981952667,
                    -0.0146561898291111,
                    -0.01234517339617014,
                    -0.013169492594897747,
                    -0.014591474086046219,
                    -0.007634816225618124,
                    -0.008869502693414688,
                    -0.0009945814963430166,
                    -0.006118668243288994,
                    0.002435364993289113
                ]
            },
            "optimizer_parameters": {
                "y_lr": 0.05,
                "t_lr": 0.05,
                "scheduler_step_size": 10,
                "scheduler_gamma": 0.99
            }
        },
        "thickness_spline": {
            "parameters": {
                "key_xs": [
                    0.0,
                    1.0
                ],
                "key_ys": [
                    0.0,
                    0.0
                ],
                "key_ts": [
                    0.0,
                    0.0
                ]
            },
            "optimizer_parameters": {
                "y_lr": 0,
                "t_lr": 0,
                "scheduler_step_size": 0,
                "scheduler_gamma": 0
            }
        },
        "uv_reshape_bb": {
            "uv": [
                0.6666666666666666,
                0.3333333333333333
            ],
            "size": [
                0.3333333333333333,
                0.3333333333333333
            ]
        }
    },
    "optimizer_parameters": {
        "uv_lr": 0.005,
        "dir_lr": 0.05,
        "scheduler_step_size": 10,
        "scheduler_gamma": 0.99
    }
}