{
    "parameters": {
        "grow_mode": "single_sided",
        "wave_angle": -1.0471975803375244,
        "start_uv": [
            0.5910137295722961,
            -0.0018274825997650623
        ],
        "end_uv": [
            0.5187785029411316,
            -0.0013754829997196794
        ],
        "start_dir": [
            -1.0004031658172607
        ],
        "end_dir": [
            -0.3676643669605255
        ],
        "init_height": 0.2,
        "sil_spline": {
            "parameters": {
                "key_xs": [
                    0.0,
                    0.05263157933950424,
                    0.10526315867900848,
                    0.15789473056793213,
                    0.21052631735801697,
                    0.2631579041481018,
                    0.31578946113586426,
                    0.3684210479259491,
                    0.42105263471603394,
                    0.4736842215061188,
                    0.5263158082962036,
                    0.5789473652839661,
                    0.6315789222717285,
                    0.6842105388641357,
                    0.7368420958518982,
                    0.7894736528396606,
                    0.8421052694320679,
                    0.8947368264198303,
                    0.9473684430122375,
                    1.0
                ],
                "key_ys": [
                    0.3665802776813507,
                    0.3685324490070343,
                    0.323054701089859,
                    0.30987548828125,
                    0.29459211230278015,
                    0.2846870720386505,
                    0.2795533239841461,
                    0.28286778926849365,
                    0.2536613643169403,
                    0.2434338480234146,
                    0.25323405861854553,
                    0.26260682940483093,
                    0.2536560297012329,
                    0.24163268506526947,
                    0.23903249204158783,
                    0.2372363954782486,
                    0.23717400431632996,
                    0.22506502270698547,
                    0.22737020254135132,
                    0.22801288962364197
                ],
                "key_ts": [
                    -0.0035076814237982035,
                    0.0036201567854732275,
                    0.008452196605503559,
                    -0.012449965812265873,
                    -0.014089716598391533,
                    -0.008938854560256004,
                    -0.013602469116449356,
                    0.00038370463880710304,
                    -0.011777780018746853,
                    -0.0123438173905015,
                    -0.013620726764202118,
                    -0.00873639341443777,
                    -0.013062827289104462,
                    -0.007581180427223444,
                    -0.004327012225985527,
                    -0.0022320719435811043,
                    -0.009756439365446568,
                    -0.005874937865883112,
                    -0.0067160241305828094,
                    0.0017231811070814729
                ]
            },
            "optimizer_parameters": {
                "y_lr": 0.05,
                "t_lr": 0.05,
                "scheduler_step_size": 10,
                "scheduler_gamma": 0.99
            }
        },
        "thickness_spline": {
            "parameters": {
                "key_xs": [
                    0.0,
                    1.0
                ],
                "key_ys": [
                    0.0,
                    0.0
                ],
                "key_ts": [
                    0.0,
                    0.0
                ]
            },
            "optimizer_parameters": {
                "y_lr": 0,
                "t_lr": 0,
                "scheduler_step_size": 0,
                "scheduler_gamma": 0
            }
        },
        "uv_reshape_bb": {
            "uv": [
                0.6666666666666666,
                0.0
            ],
            "size": [
                0.3333333333333333,
                0.3333333333333333
            ]
        }
    },
    "optimizer_parameters": {
        "uv_lr": 0.005,
        "dir_lr": 0.05,
        "scheduler_step_size": 10,
        "scheduler_gamma": 0.99
    }
}