{
    "parameters": {
        "grow_mode": "single_sided",
        "wave_angle": -1.0471975803375244,
        "start_uv": [
            0.21915188431739807,
            -1.2863459232903551e-05
        ],
        "end_uv": [
            0.07632575184106827,
            -0.00010228250175714493
        ],
        "start_dir": [
            0.20186695456504822
        ],
        "end_dir": [
            -0.25905537605285645
        ],
        "init_height": 0.2,
        "sil_spline": {
            "parameters": {
                "key_xs": [
                    0.0,
                    0.05263157933950424,
                    0.10526315867900848,
                    0.15789473056793213,
                    0.21052631735801697,
                    0.2631579041481018,
                    0.31578946113586426,
                    0.3684210479259491,
                    0.42105263471603394,
                    0.4736842215061188,
                    0.5263158082962036,
                    0.5789473652839661,
                    0.6315789222717285,
                    0.6842105388641357,
                    0.7368420958518982,
                    0.7894736528396606,
                    0.8421052694320679,
                    0.8947368264198303,
                    0.9473684430122375,
                    1.0
                ],
                "key_ys": [
                    0.09671162068843842,
                    0.25065135955810547,
                    0.2967107892036438,
                    0.31974878907203674,
                    0.3357713520526886,
                    0.344892293214798,
                    0.3396585285663605,
                    0.331878125667572,
                    0.3250651955604553,
                    0.31515243649482727,
                    0.30918896198272705,
                    0.29454362392425537,
                    0.2760316729545593,
                    0.2565890848636627,
                    0.23388253152370453,
                    0.21124088764190674,
                    0.19099923968315125,
                    0.17021413147449493,
                    0.08478612452745438,
                    0.0354960560798645
                ],
                "key_ts": [
                    0.0008350825519300997,
                    0.004175340291112661,
                    -0.003931770101189613,
                    -0.0024251958820968866,
                    0.004349298309534788,
                    0.002872453536838293,
                    -0.007504618261009455,
                    0.002529290271922946,
                    -0.005934610031545162,
                    -0.0039957244880497456,
                    -0.003779149614274502,
                    -0.001498404541052878,
                    -0.0038103554397821426,
                    -0.0034777484834194183,
                    -0.001921989256516099,
                    -0.0017899649683386087,
                    7.535869372077286e-05,
                    0.0013564852997660637,
                    -0.0014782494399696589,
                    0.0008140187128446996
                ]
            },
            "optimizer_parameters": {
                "y_lr": 0.05,
                "t_lr": 0.05,
                "scheduler_step_size": 10,
                "scheduler_gamma": 0.99
            }
        },
        "thickness_spline": {
            "parameters": {
                "key_xs": [
                    0.0,
                    0.30000001192092896,
                    0.5,
                    0.699999988079071,
                    1.0
                ],
                "key_ys": [
                    0.0,
                    0.029999999329447746,
                    0.03999999910593033,
                    0.029999999329447746,
                    0.0
                ],
                "key_ts": [
                    0.05000000074505806,
                    0.009999999776482582,
                    0.0,
                    -0.009999999776482582,
                    -0.05000000074505806
                ]
            },
            "optimizer_parameters": {
                "y_lr": 0.05,
                "t_lr": 0.05,
                "scheduler_step_size": 10,
                "scheduler_gamma": 0.99
            }
        },
        "uv_reshape_bb": {
            "uv": [
                0.001953125,
                0.3352864583333333
            ],
            "size": [
                0.3138020833333333,
                0.3138020833333333
            ]
        }
    },
    "optimizer_parameters": {
        "uv_lr": 0.005,
        "dir_lr": 0.05,
        "scheduler_step_size": 10,
        "scheduler_gamma": 0.99
    }
}