{
    "parameters": {
        "grow_mode": "single_sided",
        "wave_angle": -1.0471975803375244,
        "start_uv": [
            -0.004922185558825731,
            0.11670064181089401
        ],
        "end_uv": [
            -0.006658250465989113,
            0.9983606338500977
        ],
        "start_dir": [
            1.0339137315750122
        ],
        "end_dir": [
            -0.5507032871246338
        ],
        "init_height": 0.2,
        "sil_spline": {
            "parameters": {
                "key_xs": [
                    0.0,
                    0.05263157933950424,
                    0.10526315867900848,
                    0.15789473056793213,
                    0.21052631735801697,
                    0.2631579041481018,
                    0.31578946113586426,
                    0.3684210479259491,
                    0.42105263471603394,
                    0.4736842215061188,
                    0.5263158082962036,
                    0.5789473652839661,
                    0.6315789222717285,
                    0.6842105388641357,
                    0.7368420958518982,
                    0.7894736528396606,
                    0.8421052694320679,
                    0.8947368264198303,
                    0.9473684430122375,
                    1.0
                ],
                "key_ys": [
                    0.33945515751838684,
                    0.6463225483894348,
                    0.8585361838340759,
                    0.6925930976867676,
                    0.5077680945396423,
                    0.47023189067840576,
                    0.4320504665374756,
                    0.4136037528514862,
                    0.4001223146915436,
                    0.3976786136627197,
                    0.39674314856529236,
                    0.4024047255516052,
                    0.4185253977775574,
                    0.44249382615089417,
                    0.47682473063468933,
                    0.5185032486915588,
                    0.569114089012146,
                    0.6303707957267761,
                    0.707194983959198,
                    1.0372889041900635
                ],
                "key_ts": [
                    0.0031791653018444777,
                    -0.003406464820727706,
                    0.008308432064950466,
                    -0.010954401455819607,
                    0.006161196622997522,
                    -0.005188342183828354,
                    -0.0009774058125913143,
                    -0.0055930232629179955,
                    0.0036540552973747253,
                    -0.009247769601643085,
                    0.0004263275768607855,
                    -0.002468195976689458,
                    0.005999409127980471,
                    0.007704820018261671,
                    0.006087245885282755,
                    0.004469977226108313,
                    0.00568377273157239,
                    0.003966815769672394,
                    0.00030662253266200423,
                    -0.0009915207047015429
                ]
            },
            "optimizer_parameters": {
                "y_lr": 0.05,
                "t_lr": 0.05,
                "scheduler_step_size": 10,
                "scheduler_gamma": 0.99
            }
        },
        "thickness_spline": {
            "parameters": {
                "key_xs": [
                    0.0,
                    0.30000001192092896,
                    0.5,
                    0.699999988079071,
                    1.0
                ],
                "key_ys": [
                    0.0,
                    0.009999999776482582,
                    0.012000000104308128,
                    0.009999999776482582,
                    0.0
                ],
                "key_ts": [
                    0.009999999776482582,
                    0.0020000000949949026,
                    0.0,
                    -0.0020000000949949026,
                    -0.009999999776482582
                ]
            },
            "optimizer_parameters": {
                "y_lr": 0.05,
                "t_lr": 0.05,
                "scheduler_step_size": 10,
                "scheduler_gamma": 0.99
            }
        },
        "uv_reshape_bb": {
            "uv": [
                0.001953125,
                0.6686197916666666
            ],
            "size": [
                0.3138020833333333,
                0.3138020833333333
            ]
        }
    },
    "optimizer_parameters": {
        "uv_lr": 0.005,
        "dir_lr": 0.05,
        "scheduler_step_size": 10,
        "scheduler_gamma": 0.99
    }
}