{
    "parameters": {
        "grow_mode": "single_sided",
        "wave_angle": -1.0471975803375244,
        "start_uv": [
            0.17300783097743988,
            1.0001311302185059
        ],
        "end_uv": [
            0.5126633048057556,
            1.0017483234405518
        ],
        "start_dir": [
            0.7693108320236206
        ],
        "end_dir": [
            -0.21426865458488464
        ],
        "init_height": 0.2,
        "sil_spline": {
            "parameters": {
                "key_xs": [
                    0.0,
                    0.05263157933950424,
                    0.10526315867900848,
                    0.15789473056793213,
                    0.21052631735801697,
                    0.2631579041481018,
                    0.31578946113586426,
                    0.3684210479259491,
                    0.42105263471603394,
                    0.4736842215061188,
                    0.5263158082962036,
                    0.5789473652839661,
                    0.6315789222717285,
                    0.6842105388641357,
                    0.7368420958518982,
                    0.7894736528396606,
                    0.8421052694320679,
                    0.8947368264198303,
                    0.9473684430122375,
                    1.0
                ],
                "key_ys": [
                    0.24867799878120422,
                    0.2842053472995758,
                    0.3107204735279083,
                    0.33377742767333984,
                    0.35147181153297424,
                    0.37058138847351074,
                    0.399707555770874,
                    0.42130208015441895,
                    0.4450293481349945,
                    0.4721732437610626,
                    0.490133136510849,
                    0.5160874128341675,
                    0.5497195720672607,
                    0.5642048120498657,
                    0.5741000771522522,
                    0.570168137550354,
                    0.5950168967247009,
                    0.5986539125442505,
                    0.6105438470840454,
                    0.3565070629119873
                ],
                "key_ts": [
                    0.00041269505163654685,
                    0.005013770889490843,
                    -0.004404760431498289,
                    0.007122726645320654,
                    -0.001770955277606845,
                    0.0032750230748206377,
                    -0.00020644968026317656,
                    0.0016246855957433581,
                    0.00729047367349267,
                    -0.0041283415630459785,
                    0.005896983668208122,
                    0.008691208437085152,
                    0.0019866530783474445,
                    -0.007815653458237648,
                    0.008662344887852669,
                    0.008364267647266388,
                    -0.008602183312177658,
                    0.008004071190953255,
                    -0.005290656816214323,
                    -0.0010028204414993525
                ]
            },
            "optimizer_parameters": {
                "y_lr": 0.05,
                "t_lr": 0.05,
                "scheduler_step_size": 10,
                "scheduler_gamma": 0.99
            }
        },
        "thickness_spline": {
            "parameters": {
                "key_xs": [
                    0.0,
                    0.10000000149011612,
                    0.5,
                    0.8999999761581421,
                    1.0
                ],
                "key_ys": [
                    0.0,
                    0.03999999910593033,
                    0.05000000074505806,
                    0.03999999910593033,
                    0.0
                ],
                "key_ts": [
                    0.07999999821186066,
                    0.019999999552965164,
                    0.0,
                    -0.019999999552965164,
                    -0.07999999821186066
                ]
            },
            "optimizer_parameters": {
                "y_lr": 0.05,
                "t_lr": 0.05,
                "scheduler_step_size": 10,
                "scheduler_gamma": 0.99
            }
        },
        "uv_reshape_bb": {
            "uv": [
                0.3352864583333333,
                0.001953125
            ],
            "size": [
                0.3138020833333333,
                0.3138020833333333
            ]
        }
    },
    "optimizer_parameters": {
        "uv_lr": 0.005,
        "dir_lr": 0.05,
        "scheduler_step_size": 10,
        "scheduler_gamma": 0.99
    }
}