{
    "parameters": {
        "origin_xy": [
            -1.1364926099777222,
            0.026563938707113266
        ],
        "origin_z": 0.0,
        "length_x": 2.890697956085205,
        "length_y": 0.0,
        "length_z": 0.0,
        "uv_reshape_bb": {
            "uv": [
                0.001953125,
                0.001953125
            ],
            "size": [
                0.3138020833333333,
                0.3138020833333333
            ]
        },
        "top_spline": {
            "parameters": {
                "key_xs": [
                    0.0,
                    0.05263157933950424,
                    0.10526315867900848,
                    0.15789473056793213,
                    0.21052631735801697,
                    0.2631579041481018,
                    0.31578946113586426,
                    0.3684210479259491,
                    0.42105263471603394,
                    0.4736842215061188,
                    0.5263158082962036,
                    0.5789473652839661,
                    0.6315789222717285,
                    0.6842105388641357,
                    0.7368420958518982,
                    0.7894736528396606,
                    0.8421052694320679,
                    0.8947368264198303,
                    0.9473684430122375,
                    1.0
                ],
                "key_ys": [
                    0.26984167098999023,
                    0.28638824820518494,
                    0.3298359811306,
                    0.38884127140045166,
                    0.47863835096359253,
                    0.5419017672538757,
                    0.6021398305892944,
                    0.6522606611251831,
                    0.6833637952804565,
                    0.692500650882721,
                    0.679133951663971,
                    0.6495526432991028,
                    0.6151337623596191,
                    0.5736162066459656,
                    0.5174176692962646,
                    0.4397054612636566,
                    0.3572451174259186,
                    0.2900933623313904,
                    0.10428726673126221,
                    0.06585376709699631
                ],
                "key_ts": [
                    -0.10179846733808517,
                    0.08832328021526337,
                    0.11209173500537872,
                    0.24058358371257782,
                    0.08885522931814194,
                    0.13340960443019867,
                    0.20389382541179657,
                    0.07348515093326569,
                    0.18632933497428894,
                    0.1369519829750061,
                    -0.3054763674736023,
                    -0.04259690269827843,
                    -0.19461040198802948,
                    -0.0841832309961319,
                    -0.17493489384651184,
                    -0.1897982954978943,
                    -0.18436652421951294,
                    0.025413231924176216,
                    -0.3158646821975708,
                    0.18448537588119507
                ]
            },
            "optimizer_parameters": {
                "y_lr": 0.05,
                "t_lr": 0.05,
                "scheduler_step_size": 10,
                "scheduler_gamma": 0.99
            }
        },
        "bottom_spline": {
            "parameters": {
                "key_xs": [
                    0.0,
                    0.05263157933950424,
                    0.10526315867900848,
                    0.15789473056793213,
                    0.21052631735801697,
                    0.2631579041481018,
                    0.31578946113586426,
                    0.3684210479259491,
                    0.42105263471603394,
                    0.4736842215061188,
                    0.5263158082962036,
                    0.5789473652839661,
                    0.6315789222717285,
                    0.6842105388641357,
                    0.7368420958518982,
                    0.7894736528396606,
                    0.8421052694320679,
                    0.8947368264198303,
                    0.9473684430122375,
                    1.0
                ],
                "key_ys": [
                    -0.11212130635976791,
                    -0.06612508744001389,
                    0.05648137256503105,
                    0.13376837968826294,
                    0.22948762774467468,
                    0.30874791741371155,
                    0.3975997269153595,
                    0.4695461392402649,
                    0.5573951601982117,
                    0.6308218240737915,
                    0.6697894334793091,
                    0.6865606307983398,
                    0.6630315780639648,
                    0.6041359305381775,
                    0.5575083494186401,
                    0.4967799484729767,
                    0.4332680404186249,
                    0.33108198642730713,
                    0.20909838378429413,
                    0.1354038119316101
                ],
                "key_ts": [
                    -0.1489773839712143,
                    0.30909812450408936,
                    0.023914311081171036,
                    0.26673322916030884,
                    0.045804984867572784,
                    0.24341784417629242,
                    0.17498034238815308,
                    0.1291690468788147,
                    0.2983410656452179,
                    -0.09043220430612564,
                    0.22538839280605316,
                    -0.33307701349258423,
                    -0.17154739797115326,
                    0.04605928808450699,
                    -0.16850405931472778,
                    -0.23054999113082886,
                    0.02770064026117325,
                    -0.30993252992630005,
                    0.07003875821828842,
                    0.01491059735417366
                ]
            },
            "optimizer_parameters": {
                "y_lr": 0.05,
                "t_lr": 0.05,
                "scheduler_step_size": 10,
                "scheduler_gamma": 0.99
            }
        },
        "thickness_spline": {
            "parameters": {
                "key_xs": [
                    0.0,
                    0.10000000149011612,
                    0.20000000298023224,
                    0.30000001192092896,
                    0.4000000059604645,
                    0.6000000238418579,
                    0.699999988079071,
                    0.800000011920929,
                    0.8999999761581421,
                    1.0
                ],
                "key_ys": [
                    0.0,
                    0.6000000238418579,
                    0.75,
                    0.8299999833106995,
                    0.8999999761581421,
                    0.8500000238418579,
                    0.75,
                    0.6000000238418579,
                    0.4000000059604645,
                    0.0
                ],
                "key_ts": [
                    5.0,
                    4.0,
                    2.0,
                    1.0,
                    0.10000000149011612,
                    -0.10000000149011612,
                    -0.5,
                    -0.699999988079071,
                    -1.0,
                    -4.0
                ]
            },
            "optimizer_parameters": {
                "y_lr": 0.05,
                "t_lr": 0.05,
                "scheduler_step_size": 10,
                "scheduler_gamma": 0.99
            }
        },