{
    "parameters": {
        "grow_mode": "double_sided",
        "wave_angle": -1.2000000476837158,
        "start_uv": [
            0.5355835556983948,
            0.364696741104126
        ],
        "end_uv": [
            0.5387933850288391,
            0.5349814891815186
        ],
        "start_dir": [
            0.6460142731666565
        ],
        "end_dir": [
            -0.14421486854553223
        ],
        "init_height": 0.2,
        "sil_spline": {
            "parameters": {
                "key_xs": [
                    0.0,
                    0.05263157933950424,
                    0.10526315867900848,
                    0.15789473056793213,
                    0.21052631735801697,
                    0.2631579041481018,
                    0.31578946113586426,
                    0.3684210479259491,
                    0.42105263471603394,
                    0.4736842215061188,
                    0.5263158082962036,
                    0.5789473652839661,
                    0.6315789222717285,
                    0.6842105388641357,
                    0.7368420958518982,
                    0.7894736528396606,
                    0.8421052694320679,
                    0.8947368264198303,
                    0.9473684430122375,
                    1.0
                ],
                "key_ys": [
                    0.13992150127887726,
                    0.22698214650154114,
                    0.27596768736839294,
                    0.33309534192085266,
                    0.40454840660095215,
                    0.4964187741279602,
                    0.5152433514595032,
                    0.5160641074180603,
                    0.5068075060844421,
                    0.5009586215019226,
                    0.49618449807167053,
                    0.4921800196170807,
                    0.4791298806667328,
                    0.46292844414711,
                    0.4501882791519165,
                    0.4407723844051361,
                    0.43543392419815063,
                    0.4388224184513092,
                    0.23382212221622467,
                    0.11728870123624802
                ],
                "key_ts": [
                    0.00011744967923732474,
                    -0.0014678036095574498,
                    0.005773097742348909,
                    -0.002369242487475276,
                    0.0076975142583251,
                    -0.002710912376642227,
                    0.0058470903895795345,
                    -0.008097969926893711,
                    -0.001103262067772448,
                    -0.005303760524839163,
                    0.004566506948322058,
                    -0.007894618436694145,
                    -0.008230403997004032,
                    0.004433498252183199,
                    -0.008954968303442001,
                    0.00897019449621439,
                    -0.0017883057007566094,
                    -0.00400878768414259,
                    0.004964402876794338,
                    -9.875400428427383e-05
                ]
            },
            "optimizer_parameters": {
                "y_lr": 0.05,
                "t_lr": 0.05,
                "scheduler_step_size": 10,
                "scheduler_gamma": 0.99
            }
        },
        "thickness_spline": {
            "parameters": {
                "key_xs": [
                    0.0,
                    0.30000001192092896,
                    0.5,
                    0.699999988079071,
                    1.0
                ],
                "key_ys": [
                    0.0,
                    0.009999999776482582,
                    0.013000000268220901,
                    0.009999999776482582,
                    0.0
                ],
                "key_ts": [
                    0.009999999776482582,
                    0.0020000000949949026,
                    0.0,
                    -0.0020000000949949026,
                    -0.009999999776482582
                ]
            },
            "optimizer_parameters": {
                "y_lr": 0.05,
                "t_lr": 0.05,
                "scheduler_step_size": 10,
                "scheduler_gamma": 0.99
            }
        },
        "uv_reshape_bb": {
            "uv": [
                0.3352864583333333,
                0.3352864583333333
            ],
            "size": [
                0.3138020833333333,
                0.3138020833333333
            ]
        }
    },
    "optimizer_parameters": {
        "uv_lr": 0.005,
        "dir_lr": 0.05,
        "scheduler_step_size": 10,
        "scheduler_gamma": 0.99
    }
}