{
    "parameters": {
        "grow_mode": "single_sided",
        "wave_angle": -1.0471975803375244,
        "start_uv": [
            0.5654641389846802,
            -0.0015055789845064282
        ],
        "end_uv": [
            0.4352022409439087,
            -0.0008769865962676704
        ],
        "start_dir": [
            0.2543398141860962
        ],
        "end_dir": [
            -0.18790747225284576
        ],
        "init_height": 0.2,
        "sil_spline": {
            "parameters": {
                "key_xs": [
                    0.0,
                    0.05263157933950424,
                    0.10526315867900848,
                    0.15789473056793213,
                    0.21052631735801697,
                    0.2631579041481018,
                    0.31578946113586426,
                    0.3684210479259491,
                    0.42105263471603394,
                    0.4736842215061188,
                    0.5263158082962036,
                    0.5789473652839661,
                    0.6315789222717285,
                    0.6842105388641357,
                    0.7368420958518982,
                    0.7894736528396606,
                    0.8421052694320679,
                    0.8947368264198303,
                    0.9473684430122375,
                    1.0
                ],
                "key_ys": [
                    0.24472279846668243,
                    0.4939180016517639,
                    0.6207678914070129,
                    0.7135902047157288,
                    0.804349422454834,
                    0.895020604133606,
                    0.9719313979148865,
                    1.0502568483352661,
                    1.1120474338531494,
                    1.1779286861419678,
                    1.2247625589370728,
                    1.341805100440979,
                    0.7114659547805786,
                    0.6334066390991211,
                    0.5600775480270386,
                    0.4979005753993988,
                    0.44776424765586853,
                    0.3962049186229706,
                    0.3259395956993103,
                    0.29385751485824585
                ],
                "key_ts": [
                    0.0013005580985918641,
                    -0.0012829141924157739,
                    0.0026336098089814186,
                    0.0005661025643348694,
                    -0.0006306826253421605,
                    0.0023184693418443203,
                    -0.0022801540326327085,
                    0.0019286841852590442,
                    0.0065415301360189915,
                    0.005555546376854181,
                    -0.007319158874452114,
                    0.009997249580919743,
                    0.0031517772004008293,
                    -0.002940238919109106,
                    -0.004712567199021578,
                    -0.0017284314380958676,
                    -0.0004854276485275477,
                    -0.004769334103912115,
                    -0.0005605163751170039,
                    -8.96264027687721e-05
                ]
            },
            "optimizer_parameters": {
                "y_lr": 0.05,
                "t_lr": 0.05,
                "scheduler_step_size": 10,
                "scheduler_gamma": 0.99
            }
        },
        "thickness_spline": {
            "parameters": {
                "key_xs": [
                    0.0,
                    1.0
                ],
                "key_ys": [
                    0.0,
                    0.0
                ],
                "key_ts": [
                    0.0,
                    0.0
                ]
            },
            "optimizer_parameters": {
                "y_lr": 0,
                "t_lr": 0,
                "scheduler_step_size": 0,
                "scheduler_gamma": 0
            }
        },
        "uv_reshape_bb": {
            "uv": [
                0.3352864583333333,
                0.6686197916666666
            ],
            "size": [
                0.3138020833333333,
                0.3138020833333333
            ]
        }
    },
    "optimizer_parameters": {
        "uv_lr": 0.005,
        "dir_lr": 0.05,
        "scheduler_step_size": 10,
        "scheduler_gamma": 0.99
    }
}