{
    "parameters": {
        "grow_mode": "single_sided",
        "wave_angle": -1.0471975803375244,
        "start_uv": [
            0.3775721490383148,
            -0.0004395649884827435
        ],
        "end_uv": [
            0.06997077912092209,
            -0.0002840093511622399
        ],
        "start_dir": [
            -0.4381074905395508
        ],
        "end_dir": [
            0.2949666976928711
        ],
        "init_height": 0.2,
        "sil_spline": {
            "parameters": {
                "key_xs": [
                    0.0,
                    0.05263157933950424,
                    0.10526315867900848,
                    0.15789473056793213,
                    0.21052631735801697,
                    0.2631579041481018,
                    0.31578946113586426,
                    0.3684210479259491,
                    0.42105263471603394,
                    0.4736842215061188,
                    0.5263158082962036,
                    0.5789473652839661,
                    0.6315789222717285,
                    0.6842105388641357,
                    0.7368420958518982,
                    0.7894736528396606,
                    0.8421052694320679,
                    0.8947368264198303,
                    0.9473684430122375,
                    1.0
                ],
                "key_ys": [
                    0.3873966336250305,
                    0.3357999920845032,
                    0.43410226702690125,
                    0.4472821056842804,
                    0.5265629887580872,
                    0.5082640647888184,
                    0.4923129975795746,
                    0.5973038077354431,
                    0.6589072346687317,
                    0.740915834903717,
                    0.8035261034965515,
                    0.4432779848575592,
                    0.4529746174812317,
                    0.4450114667415619,
                    0.4329270124435425,
                    0.4102725088596344,
                    0.3858378231525421,
                    0.35742971301078796,
                    0.31634360551834106,
                    0.28129929304122925
                ],
                "key_ts": [
                    -0.0011566842440515757,
                    0.010887662880122662,
                    0.0033473458606749773,
                    -0.00539405969902873,
                    0.006291361525654793,
                    -0.006076805759221315,
                    0.0010663617867976427,
                    -0.00958248134702444,
                    0.01917107030749321,
                    -0.009580641984939575,
                    0.015933426097035408,
                    0.006619458552449942,
                    -0.010350807569921017,
                    -0.0018078339053317904,
                    -0.006964279338717461,
                    -0.00841080117970705,
                    0.0004859974724240601,
                    -0.0048210942186415195,
                    0.005733898375183344,
                    -0.008135107345879078
                ]
            },
            "optimizer_parameters": {
                "y_lr": 0.05,
                "t_lr": 0.05,
                "scheduler_step_size": 10,
                "scheduler_gamma": 0.99
            }
        },
        "thickness_spline": {
            "parameters": {
                "key_xs": [
                    0.0,
                    0.30000001192092896,
                    0.5,
                    0.699999988079071,
                    1.0
                ],
                "key_ys": [
                    0.0,
                    0.029999999329447746,
                    0.03999999910593033,
                    0.029999999329447746,
                    0.0
                ],
                "key_ts": [
                    0.05000000074505806,
                    0.009999999776482582,
                    0.0,
                    -0.009999999776482582,
                    -0.05000000074505806
                ]
            },
            "optimizer_parameters": {
                "y_lr": 0.05,
                "t_lr": 0.05,
                "scheduler_step_size": 10,
                "scheduler_gamma": 0.99
            }
        },
        "uv_reshape_bb": {
            "uv": [
                0.0,
                0.3333333333333333
            ],
            "size": [
                0.3333333333333333,
                0.3333333333333333
            ]
        }
    },
    "optimizer_parameters": {
        "uv_lr": 0.005,
        "dir_lr": 0.05,
        "scheduler_step_size": 10,
        "scheduler_gamma": 0.99
    }
}