{
    "parameters": {
        "grow_mode": "single_sided",
        "wave_angle": -1.0471975803375244,
        "start_uv": [
            0.0007295730756595731,
            -0.00025616082712076604
        ],
        "end_uv": [
            0.0007036076858639717,
            1.0000470876693726
        ],
        "start_dir": [
            0.7533932328224182
        ],
        "end_dir": [
            -1.0488731861114502
        ],
        "init_height": 0.2,
        "sil_spline": {
            "parameters": {
                "key_xs": [
                    0.0,
                    0.05263157933950424,
                    0.10526315867900848,
                    0.15789473056793213,
                    0.21052631735801697,
                    0.2631579041481018,
                    0.31578946113586426,
                    0.3684210479259491,
                    0.42105263471603394,
                    0.4736842215061188,
                    0.5263158082962036,
                    0.5789473652839661,
                    0.6315789222717285,
                    0.6842105388641357,
                    0.7368420958518982,
                    0.7894736528396606,
                    0.8421052694320679,
                    0.8947368264198303,
                    0.9473684430122375,
                    1.0
                ],
                "key_ys": [
                    0.041504867374897,
                    0.08475550264120102,
                    0.22932618856430054,
                    0.5615936517715454,
                    0.40702107548713684,
                    0.35062235593795776,
                    0.2865087687969208,
                    0.2644701898097992,
                    0.23974581062793732,
                    0.23307619988918304,
                    0.24162867665290833,
                    0.28292879462242126,
                    0.32064637541770935,
                    0.36523544788360596,
                    0.4120137393474579,
                    0.5873183012008667,
                    0.17168720066547394,
                    0.11459464579820633,
                    0.09995221346616745,
                    0.0833834856748581
                ],
                "key_ts": [
                    0.0020510139875113964,
                    -0.012058746069669724,
                    0.006627692840993404,
                    -0.015300387516617775,
                    0.004356036894023418,
                    -0.01291375607252121,
                    0.00021603121422231197,
                    -0.015287244692444801,
                    -0.004329342395067215,
                    -0.011982177384197712,
                    0.026873644441366196,
                    0.006850637495517731,
                    0.0027070827782154083,
                    0.021942751482129097,
                    -0.013435965403914452,
                    0.026428354904055595,
                    0.00438723573461175,
                    0.0039543877355754375,
                    -0.003338847542181611,
                    0.0010114033939316869
                ]
            },
            "optimizer_parameters": {
                "y_lr": 0.05,
                "t_lr": 0.05,
                "scheduler_step_size": 10,
                "scheduler_gamma": 0.99
            }
        },
        "thickness_spline": {
            "parameters": {
                "key_xs": [
                    0.0,
                    0.30000001192092896,
                    0.5,
                    0.699999988079071,
                    1.0
                ],
                "key_ys": [
                    0.0,
                    0.009999999776482582,
                    0.012000000104308128,
                    0.009999999776482582,
                    0.0
                ],
                "key_ts": [
                    0.009999999776482582,
                    0.0020000000949949026,
                    0.0,
                    -0.0020000000949949026,
                    -0.009999999776482582
                ]
            },
            "optimizer_parameters": {
                "y_lr": 0.05,
                "t_lr": 0.05,
                "scheduler_step_size": 10,
                "scheduler_gamma": 0.99
            }
        },
        "uv_reshape_bb": {
            "uv": [
                0.0,
                0.6666666666666666
            ],
            "size": [
                0.3333333333333333,
                0.3333333333333333
            ]
        }
    },
    "optimizer_parameters": {
        "uv_lr": 0.005,
        "dir_lr": 0.05,
        "scheduler_step_size": 10,
        "scheduler_gamma": 0.99
    }
}