{
    "parameters": {
        "grow_mode": "single_sided",
        "wave_angle": -1.0471975803375244,
        "start_uv": [
            0.061875492334365845,
            1.0005794763565063
        ],
        "end_uv": [
            0.6542536020278931,
            1.0016177892684937
        ],
        "start_dir": [
            0.32219982147216797
        ],
        "end_dir": [
            0.7313722968101501
        ],
        "init_height": 0.2,
        "sil_spline": {
            "parameters": {
                "key_xs": [
                    0.0,
                    0.05263157933950424,
                    0.10526315867900848,
                    0.15789473056793213,
                    0.21052631735801697,
                    0.2631579041481018,
                    0.31578946113586426,
                    0.3684210479259491,
                    0.42105263471603394,
                    0.4736842215061188,
                    0.5263158082962036,
                    0.5789473652839661,
                    0.6315789222717285,
                    0.6842105388641357,
                    0.7368420958518982,
                    0.7894736528396606,
                    0.8421052694320679,
                    0.8947368264198303,
                    0.9473684430122375,
                    1.0
                ],
                "key_ys": [
                    -0.002690597204491496,
                    0.21561968326568604,
                    0.3971906900405884,
                    0.482880175113678,
                    0.733715832233429,
                    0.437497615814209,
                    0.3659932315349579,
                    0.32150906324386597,
                    0.31890830397605896,
                    0.2623935639858246,
                    0.2825816571712494,
                    0.2350611686706543,
                    0.29097694158554077,
                    0.2644050121307373,
                    0.25128522515296936,
                    0.20522883534431458,
                    0.1842823624610901,
                    0.2440376728773117,
                    0.2349432110786438,
                    0.3157596290111542
                ],
                "key_ts": [
                    -0.011980674229562283,
                    0.006016560830175877,
                    0.016212772578001022,
                    -0.011609736829996109,
                    -0.010784182697534561,
                    0.0009113272535614669,
                    -0.014191040769219398,
                    -0.00526097696274519,
                    0.004240720067173243,
                    -0.011830582283437252,
                    0.008476137183606625,
                    0.004290279000997543,
                    -0.0031988262198865414,
                    0.010486007668077946,
                    -0.012387200258672237,
                    0.004982904531061649,
                    0.0036710193380713463,
                    0.003195299534127116,
                    -0.018771253526210785,
                    0.008795115165412426
                ]
            },
            "optimizer_parameters": {
                "y_lr": 0.05,
                "t_lr": 0.05,
                "scheduler_step_size": 10,
                "scheduler_gamma": 0.99
            }
        },
        "thickness_spline": {
            "parameters": {
                "key_xs": [
                    0.0,
                    0.10000000149011612,
                    0.5,
                    0.8999999761581421,
                    1.0
                ],
                "key_ys": [
                    0.0,
                    0.03999999910593033,
                    0.05000000074505806,
                    0.03999999910593033,
                    0.0
                ],
                "key_ts": [
                    0.07999999821186066,
                    0.019999999552965164,
                    0.0,
                    -0.019999999552965164,
                    -0.07999999821186066
                ]
            },
            "optimizer_parameters": {
                "y_lr": 0.05,
                "t_lr": 0.05,
                "scheduler_step_size": 10,
                "scheduler_gamma": 0.99
            }
        },
        "uv_reshape_bb": {
            "uv": [
                0.3333333333333333,
                0.0
            ],
            "size": [
                0.3333333333333333,
                0.3333333333333333
            ]
        }
    },
    "optimizer_parameters": {
        "uv_lr": 0.005,
        "dir_lr": 0.05,
        "scheduler_step_size": 10,
        "scheduler_gamma": 0.99
    }
}