{
    "parameters": {
        "origin_xy": [
            -0.9893606901168823,
            0.08407795429229736
        ],
        "origin_z": 0.0,
        "length_x": 2.4597551822662354,
        "length_y": 0.0,
        "length_z": 0.0,
        "uv_reshape_bb": {
            "uv": [
                0.0,
                0.0
            ],
            "size": [
                0.3333333333333333,
                0.3333333333333333
            ]
        },
        "top_spline": {
            "parameters": {
                "key_xs": [
                    0.0,
                    0.05263157933950424,
                    0.10526315867900848,
                    0.15789473056793213,
                    0.21052631735801697,
                    0.2631579041481018,
                    0.31578946113586426,
                    0.3684210479259491,
                    0.42105263471603394,
                    0.4736842215061188,
                    0.5263158082962036,
                    0.5789473652839661,
                    0.6315789222717285,
                    0.6842105388641357,
                    0.7368420958518982,
                    0.7894736528396606,
                    0.8421052694320679,
                    0.8947368264198303,
                    0.9473684430122375,
                    1.0
                ],
                "key_ys": [
                    0.1108015775680542,
                    0.1011299416422844,
                    0.17129552364349365,
                    0.3511277735233307,
                    0.5446270108222961,
                    0.608247697353363,
                    0.6495885252952576,
                    0.6867146492004395,
                    0.7151320576667786,
                    0.7227175235748291,
                    0.7377520799636841,
                    0.7328208684921265,
                    0.7093566656112671,
                    0.6660976409912109,
                    0.5961068272590637,
                    0.5044271945953369,
                    0.3969336152076721,
                    0.27288395166397095,
                    0.15475688874721527,
                    0.014232553541660309
                ],
                "key_ts": [
                    -0.058655958622694016,
                    -0.06006650626659393,
                    0.11177142709493637,
                    0.3412063419818878,
                    -0.06741233170032501,
                    0.21455463767051697,
                    0.10447415709495544,
                    0.03802052512764931,
                    0.13341854512691498,
                    0.278747022151947,
                    -0.16160815954208374,
                    -0.19040891528129578,
                    -0.07858287543058395,
                    -0.2356860190629959,
                    -0.09814976155757904,
                    -0.1648937165737152,
                    -0.2847772240638733,
                    0.03449712693691254,
                    -0.13275796175003052,
                    0.09905924648046494
                ]
            },
            "optimizer_parameters": {
                "y_lr": 0.05,
                "t_lr": 0.05,
                "scheduler_step_size": 10,
                "scheduler_gamma": 0.99
            }
        },
        "bottom_spline": {
            "parameters": {
                "key_xs": [
                    0.0,
                    0.05263157933950424,
                    0.10526315867900848,
                    0.15789473056793213,
                    0.21052631735801697,
                    0.2631579041481018,
                    0.31578946113586426,
                    0.3684210479259491,
                    0.42105263471603394,
                    0.4736842215061188,
                    0.5263158082962036,
                    0.5789473652839661,
                    0.6315789222717285,
                    0.6842105388641357,
                    0.7368420958518982,
                    0.7894736528396606,
                    0.8421052694320679,
                    0.8947368264198303,
                    0.9473684430122375,
                    1.0
                ],
                "key_ys": [
                    0.12439951300621033,
                    0.14943571388721466,
                    0.2383577525615692,
                    0.36685898900032043,
                    0.5858480334281921,
                    0.7054179906845093,
                    0.7575143575668335,
                    0.7911028265953064,
                    0.8146494030952454,
                    0.8282689452171326,
                    0.8419378995895386,
                    0.8321054577827454,
                    0.8182762861251831,
                    0.7919830083847046,
                    0.744213879108429,
                    0.6776343584060669,
                    0.5702062845230103,
                    0.4223216772079468,
                    0.2015993446111679,
                    -0.012146160006523132
                ],
                "key_ts": [
                    -0.04823211207985878,
                    0.05591331794857979,
                    0.10812842100858688,
                    0.22819669544696808,
                    0.17402847111225128,
                    0.1254386007785797,
                    -0.014724954031407833,
                    0.22500057518482208,
                    0.065402090549469,
                    0.11515700072050095,
                    0.15320484340190887,
                    0.1326589733362198,
                    -0.06236588954925537,
                    -0.13229595124721527,
                    -0.1601230502128601,
                    -0.04785330593585968,
                    -0.2622309923171997,
                    0.07573596388101578,
                    -0.3064931631088257,
                    0.10385946929454803
                ]
            },
            "optimizer_parameters": {
                "y_lr": 0.05,
                "t_lr": 0.05,
                "scheduler_step_size": 10,
                "scheduler_gamma": 0.99
            }
        },
        "thickness_spline": {
            "parameters": {
                "key_xs": [
                    0.0,
                    0.10000000149011612,
                    0.20000000298023224,
                    0.30000001192092896,
                    0.4000000059604645,
                    0.6000000238418579,
                    0.699999988079071,
                    0.800000011920929,
                    0.8999999761581421,
                    1.0
                ],
                "key_ys": [
                    0.0,
                    0.6000000238418579,
                    0.75,
                    0.8299999833106995,
                    0.8999999761581421,
                    0.8500000238418579,
                    0.75,
                    0.6000000238418579,
                    0.4000000059604645,
                    0.0
                ],
                "key_ts": [
                    5.0,
                    4.0,
                    2.0,
                    1.0,
                    0.10000000149011612,
                    -0.10000000149011612,
                    -0.5,
                    -0.699999988079071,
                    -1.0,
                    -4.0
                ]
            },
            "optimizer_parameters": {
                "y_lr": 0.05,
                "t_lr": 0.05,
                "scheduler_step_size": 10,
                "scheduler_gamma": 0.99
            }
        },
        "stream_spline": {
            "parameters": {
                "key_xs": [
                    0.0,
                    0.10000000149011612,
                    0.20000000298023224,
                    0.30000001192092896,
                    0.4000000059604645,
                    0.6000000238418579,
                    0.699999988079071,
                    0.800000011920929,
                    0.8999999761581421,
                    1.0
                ],