{
    "parameters": {
        "grow_mode": "double_sided",
        "wave_angle": -1.2000000476837158,
        "start_uv": [
            0.6789937019348145,
            0.22968316078186035
        ],
        "end_uv": [
            0.65472811460495,
            0.28939396142959595
        ],
        "start_dir": [
            -0.280751496553421
        ],
        "end_dir": [
            -1.3678370714187622
        ],
        "init_height": 0.2,
        "sil_spline": {
            "parameters": {
                "key_xs": [
                    0.0,
                    0.05263157933950424,
                    0.10526315867900848,
                    0.15789473056793213,
                    0.21052631735801697,
                    0.2631579041481018,
                    0.31578946113586426,
                    0.3684210479259491,
                    0.42105263471603394,
                    0.4736842215061188,
                    0.5263158082962036,
                    0.5789473652839661,
                    0.6315789222717285,
                    0.6842105388641357,
                    0.7368420958518982,
                    0.7894736528396606,
                    0.8421052694320679,
                    0.8947368264198303,
                    0.9473684430122375,
                    1.0
                ],
                "key_ys": [
                    0.03598397970199585,
                    0.05932984501123428,
                    0.17390818893909454,
                    0.36418455839157104,
                    0.45221686363220215,
                    0.95729660987854,
                    0.9912979006767273,
                    1.0224183797836304,
                    1.0446382761001587,
                    1.061350703239441,
                    1.0684682130813599,
                    1.0804563760757446,
                    1.0856395959854126,
                    1.0726442337036133,
                    1.031139850616455,
                    0.9864116907119751,
                    -0.0581907294690609,
                    0.21514689922332764,
                    0.21276022493839264,
                    0.19930881261825562
                ],
                "key_ts": [
                    0.000769546371884644,
                    -0.011247511953115463,
                    0.00973435491323471,
                    0.01753934845328331,
                    -0.009778166189789772,
                    0.015660205855965614,
                    -0.004830066114664078,
                    0.012818672694265842,
                    0.007636025082319975,
                    -0.0036539938300848007,
                    0.005670469254255295,
                    0.0008459141827188432,
                    0.0008226205827668309,
                    -0.009367844089865685,
                    -0.002326150657609105,
                    -0.004889364819973707,
                    -0.003242784645408392,
                    0.004981560166925192,
                    -0.005216814111918211,
                    -0.001679642009548843
                ]
            },
            "optimizer_parameters": {
                "y_lr": 0.05,
                "t_lr": 0.05,
                "scheduler_step_size": 10,
                "scheduler_gamma": 0.99
            }
        },
        "thickness_spline": {
            "parameters": {
                "key_xs": [
                    0.0,
                    0.30000001192092896,
                    0.5,
                    0.699999988079071,
                    1.0
                ],
                "key_ys": [
                    0.0,
                    0.009999999776482582,
                    0.013000000268220901,
                    0.009999999776482582,
                    0.0
                ],
                "key_ts": [
                    0.009999999776482582,
                    0.0020000000949949026,
                    0.0,
                    -0.0020000000949949026,
                    -0.009999999776482582
                ]
            },
            "optimizer_parameters": {
                "y_lr": 0.05,
                "t_lr": 0.05,
                "scheduler_step_size": 10,
                "scheduler_gamma": 0.99
            }
        },
        "uv_reshape_bb": {
            "uv": [
                0.3333333333333333,
                0.3333333333333333
            ],
            "size": [
                0.3333333333333333,
                0.3333333333333333
            ]
        }
    },
    "optimizer_parameters": {
        "uv_lr": 0.005,
        "dir_lr": 0.05,
        "scheduler_step_size": 10,
        "scheduler_gamma": 0.99
    }
}