{
    "parameters": {
        "grow_mode": "double_sided",
        "wave_angle": -0.20000000298023224,
        "start_uv": [
            0.6527479887008667,
            0.08124030381441116
        ],
        "end_uv": [
            0.585250973701477,
            0.03195295110344887
        ],
        "start_dir": [
            -1.3147168159484863
        ],
        "end_dir": [
            -1.0126292705535889
        ],
        "init_height": 0.2,
        "sil_spline": {
            "parameters": {
                "key_xs": [
                    0.0,
                    0.05263157933950424,
                    0.10526315867900848,
                    0.15789473056793213,
                    0.21052631735801697,
                    0.2631579041481018,
                    0.31578946113586426,
                    0.3684210479259491,
                    0.42105263471603394,
                    0.4736842215061188,
                    0.5263158082962036,
                    0.5789473652839661,
                    0.6315789222717285,
                    0.6842105388641357,
                    0.7368420958518982,
                    0.7894736528396606,
                    0.8421052694320679,
                    0.8947368264198303,
                    0.9473684430122375,
                    1.0
                ],
                "key_ys": [
                    0.40603139996528625,
                    0.3799648582935333,
                    0.374734491109848,
                    0.36785605549812317,
                    0.3528061807155609,
                    0.3472619950771332,
                    0.3346487283706665,
                    0.33119621872901917,
                    0.33678901195526123,
                    0.3333021402359009,
                    0.3267340660095215,
                    0.31231096386909485,
                    0.2974269688129425,
                    0.3029419481754303,
                    0.3093280494213104,
                    0.2910721004009247,
                    0.2622782289981842,
                    0.25000596046447754,
                    0.215128555893898,
                    0.27820098400115967
                ],
                "key_ts": [
                    -0.0008345652022399008,
                    0.010244591161608696,
                    0.0065946090035140514,
                    0.004690410103648901,
                    -0.007223905064165592,
                    -0.003062574192881584,
                    0.0025310690980404615,
                    -0.005958805792033672,
                    -0.006947772111743689,
                    -0.0066405488178133965,
                    -0.007150115445256233,
                    -0.007416335865855217,
                    -0.012399345636367798,
                    -0.010368010960519314,
                    -0.006379643455147743,
                    -0.006481518503278494,
                    -0.004874089267104864,
                    -0.00014171360817272216,
                    -0.006475258152931929,
                    -0.004701529163867235
                ]
            },
            "optimizer_parameters": {
                "y_lr": 0.05,
                "t_lr": 0.05,
                "scheduler_step_size": 10,
                "scheduler_gamma": 0.99
            }
        },
        "thickness_spline": {
            "parameters": {
                "key_xs": [
                    0.0,
                    1.0
                ],
                "key_ys": [
                    0.0,
                    0.0
                ],
                "key_ts": [
                    0.0,
                    0.0
                ]
            },
            "optimizer_parameters": {
                "y_lr": 0,
                "t_lr": 0,
                "scheduler_step_size": 0,
                "scheduler_gamma": 0
            }
        },
        "uv_reshape_bb": {
            "uv": [
                0.3333333333333333,
                0.6666666666666666
            ],
            "size": [
                0.3333333333333333,
                0.3333333333333333
            ]
        }
    },
    "optimizer_parameters": {
        "uv_lr": 0.005,
        "dir_lr": 0.05,
        "scheduler_step_size": 10,
        "scheduler_gamma": 0.99
    }
}