{
    "0_anal_fin_mask.png": [
        [
            0.39142751882484367,
            0.45004350096740164
        ],
        [
            0.3011762561382629,
            0.5026197817225125
        ]
    ],
    "0_body_mask.png": [
        [
            0.2539419504331365,
            0.5481671479381702
        ],
        [
            0.8797965010260613,
            0.49671549350937183
        ]
    ],
    "0_caudal_fin_mask.png": [
        [
            0.25272748736057005,
            0.5257170302816578
        ],
        [
            0.2520937760572384,
            0.5707105328182036
        ]
    ],
    "0_dorsal_fin_mask.png": [
        [
            0.35998340005767976,
            0.6004331983464255
        ],
        [
            0.5746183344344267,
            0.660432012855199
        ]
    ],
    "0_pectoral_fin_mask.png": [
        [
            0.596397285556632,
            0.4640843460140387
        ],
        [
            0.5985621912347836,
            0.5172791712486215
        ]
    ],
    "0_pelvic_fin_mask.png": [
        [
            0.6078403584268621,
            0.3549112453872496
        ],
        [
            0.5249553981776285,
            0.3765603021687659
        ]
    ]
}