{
    "parameters": {
        "grow_mode": "single_sided",
        "wave_angle": -1.0471975803375244,
        "start_uv": [
            0.21915166079998016,
            -1.2862512448919006e-05
        ],
        "end_uv": [
            0.07632546126842499,
            -0.00010224466677755117
        ],
        "start_dir": [
            0.2014099508523941
        ],
        "end_dir": [
            -0.2652844190597534
        ],
        "init_height": 0.2,
        "sil_spline": {
            "parameters": {
                "key_xs": [
                    0.0,
                    0.05263157933950424,
                    0.10526315867900848,
                    0.15789473056793213,
                    0.21052631735801697,
                    0.2631579041481018,
                    0.31578946113586426,
                    0.3684210479259491,
                    0.42105263471603394,
                    0.4736842215061188,
                    0.5263158082962036,
                    0.5789473652839661,
                    0.6315789222717285,
                    0.6842105388641357,
                    0.7368420958518982,
                    0.7894736528396606,
                    0.8421052694320679,
                    0.8947368264198303,
                    0.9473684430122375,
                    1.0
                ],
                "key_ys": [
                    0.09704319387674332,
                    0.2512921988964081,
                    0.29694652557373047,
                    0.31989631056785583,
                    0.3359266221523285,
                    0.3448581099510193,
                    0.3395221531391144,
                    0.3317175507545471,
                    0.3248661160469055,
                    0.31483885645866394,
                    0.30906498432159424,
                    0.29379600286483765,
                    0.27567026019096375,
                    0.25577810406684875,
                    0.23321318626403809,
                    0.21059469878673553,
                    0.1903323531150818,
                    0.170047327876091,
                    0.07014300674200058,
                    0.04046129062771797
                ],
                "key_ts": [
                    0.0008351827855221927,
                    0.004141948185861111,
                    -0.003848619991913438,
                    -0.002371917013078928,
                    0.004461502190679312,
                    0.0028132295701652765,
                    -0.007291777059435844,
                    0.002570332493633032,
                    -0.00616554357111454,
                    -0.003928536549210548,
                    -0.003694697981700301,
                    -0.0016383749898523092,
                    -0.00360200647264719,
                    -0.0035903118550777435,
                    -0.0017417657654732466,
                    -0.0018367167795076966,
                    -2.7545109333004802e-05,
                    0.0013618582161143422,
                    -0.0014431960880756378,
                    0.0008264036732725799
                ]
            },
            "optimizer_parameters": {
                "y_lr": 0.05,
                "t_lr": 0.05,
                "scheduler_step_size": 10,
                "scheduler_gamma": 0.99
            }
        },
        "thickness_spline": {
            "parameters": {
                "key_xs": [
                    0.0,
                    0.30000001192092896,
                    0.5,
                    0.699999988079071,
                    1.0
                ],
                "key_ys": [
                    0.0,
                    0.029999999329447746,
                    0.03999999910593033,
                    0.029999999329447746,
                    0.0
                ],
                "key_ts": [
                    0.05000000074505806,
                    0.009999999776482582,
                    0.0,
                    -0.009999999776482582,
                    -0.05000000074505806
                ]
            },
            "optimizer_parameters": {
                "y_lr": 0.05,
                "t_lr": 0.05,
                "scheduler_step_size": 10,
                "scheduler_gamma": 0.99
            }
        },
        "uv_reshape_bb": {
            "uv": [
                0.001953125,
                0.3352864583333333
            ],
            "size": [
                0.3138020833333333,
                0.3138020833333333
            ]
        }
    },
    "optimizer_parameters": {
        "uv_lr": 0.005,
        "dir_lr": 0.05,
        "scheduler_step_size": 10,
        "scheduler_gamma": 0.99
    }
}