{
    "parameters": {
        "grow_mode": "single_sided",
        "wave_angle": -1.0471975803375244,
        "start_uv": [
            -0.004922184627503157,
            0.11670052260160446
        ],
        "end_uv": [
            -0.006658252794295549,
            0.9983606338500977
        ],
        "start_dir": [
            1.0339140892028809
        ],
        "end_dir": [
            -0.5507031679153442
        ],
        "init_height": 0.2,
        "sil_spline": {
            "parameters": {
                "key_xs": [
                    0.0,
                    0.05263157933950424,
                    0.10526315867900848,
                    0.15789473056793213,
                    0.21052631735801697,
                    0.2631579041481018,
                    0.31578946113586426,
                    0.3684210479259491,
                    0.42105263471603394,
                    0.4736842215061188,
                    0.5263158082962036,
                    0.5789473652839661,
                    0.6315789222717285,
                    0.6842105388641357,
                    0.7368420958518982,
                    0.7894736528396606,
                    0.8421052694320679,
                    0.8947368264198303,
                    0.9473684430122375,
                    1.0
                ],
                "key_ys": [
                    0.3394519090652466,
                    0.6463223099708557,
                    0.8585360050201416,
                    0.6925931572914124,
                    0.5077680945396423,
                    0.4702320992946625,
                    0.4320504665374756,
                    0.4136035144329071,
                    0.40012243390083313,
                    0.39767903089523315,
                    0.3967433273792267,
                    0.40240442752838135,
                    0.41852501034736633,
                    0.44249430298805237,
                    0.4768247604370117,
                    0.518503725528717,
                    0.5691145062446594,
                    0.6303703784942627,
                    0.7071958780288696,
                    1.0372885465621948
                ],
                "key_ts": [
                    0.0031791338697075844,
                    -0.0034064820501953363,
                    0.008308450691401958,
                    -0.010954394936561584,
                    0.0061611272394657135,
                    -0.005188428796827793,
                    -0.0009774192003533244,
                    -0.005592812318354845,
                    0.003653585212305188,
                    -0.00924682803452015,
                    0.0004260696587152779,
                    -0.0024680120404809713,
                    0.005998851731419563,
                    0.007705384865403175,
                    0.006088717840611935,
                    0.004471088293939829,
                    0.00568443862721324,
                    0.003965689800679684,
                    0.00030791241442784667,
                    -0.0009918671566992998
                ]
            },
            "optimizer_parameters": {
                "y_lr": 0.05,
                "t_lr": 0.05,
                "scheduler_step_size": 10,
                "scheduler_gamma": 0.99
            }
        },
        "thickness_spline": {
            "parameters": {
                "key_xs": [
                    0.0,
                    0.30000001192092896,
                    0.5,
                    0.699999988079071,
                    1.0
                ],
                "key_ys": [
                    0.0,
                    0.009999999776482582,
                    0.012000000104308128,
                    0.009999999776482582,
                    0.0
                ],
                "key_ts": [
                    0.009999999776482582,
                    0.0020000000949949026,
                    0.0,
                    -0.0020000000949949026,
                    -0.009999999776482582
                ]
            },
            "optimizer_parameters": {
                "y_lr": 0.05,
                "t_lr": 0.05,
                "scheduler_step_size": 10,
                "scheduler_gamma": 0.99
            }
        },
        "uv_reshape_bb": {
            "uv": [
                0.001953125,
                0.6686197916666666
            ],
            "size": [
                0.3138020833333333,
                0.3138020833333333
            ]
        }
    },
    "optimizer_parameters": {
        "uv_lr": 0.005,
        "dir_lr": 0.05,
        "scheduler_step_size": 10,
        "scheduler_gamma": 0.99
    }
}