{
    "parameters": {
        "grow_mode": "single_sided",
        "wave_angle": -1.0471975803375244,
        "start_uv": [
            0.173007994890213,
            1.0001311302185059
        ],
        "end_uv": [
            0.5126591920852661,
            1.0017483234405518
        ],
        "start_dir": [
            0.7693175077438354
        ],
        "end_dir": [
            -0.21432435512542725
        ],
        "init_height": 0.2,
        "sil_spline": {
            "parameters": {
                "key_xs": [
                    0.0,
                    0.05263157933950424,
                    0.10526315867900848,
                    0.15789473056793213,
                    0.21052631735801697,
                    0.2631579041481018,
                    0.31578946113586426,
                    0.3684210479259491,
                    0.42105263471603394,
                    0.4736842215061188,
                    0.5263158082962036,
                    0.5789473652839661,
                    0.6315789222717285,
                    0.6842105388641357,
                    0.7368420958518982,
                    0.7894736528396606,
                    0.8421052694320679,
                    0.8947368264198303,
                    0.9473684430122375,
                    1.0
                ],
                "key_ys": [
                    0.2486773133277893,
                    0.28420501947402954,
                    0.31072044372558594,
                    0.3337767422199249,
                    0.3514709174633026,
                    0.37057992815971375,
                    0.39970603585243225,
                    0.42130154371261597,
                    0.4450282156467438,
                    0.4721720516681671,
                    0.4901329278945923,
                    0.5160868763923645,
                    0.549719512462616,
                    0.5642046928405762,
                    0.5740993618965149,
                    0.5701671838760376,
                    0.5950159430503845,
                    0.598657488822937,
                    0.6105341911315918,
                    0.3564191460609436
                ],
                "key_ts": [
                    0.0004127376596443355,
                    0.005013412330299616,
                    -0.004404720384627581,
                    0.00712292455136776,
                    -0.0017708735540509224,
                    0.003274692455306649,
                    -0.00020579993724822998,
                    0.0016246475279331207,
                    0.007290434557944536,
                    -0.004127738531678915,
                    0.0058962577022612095,
                    0.008691337890923023,
                    0.001990935765206814,
                    -0.007817001082003117,
                    0.008660194464027882,
                    0.008368040435016155,
                    -0.008603682741522789,
                    0.008008754812180996,
                    -0.005297406576573849,
                    -0.0010044622467830777
                ]
            },
            "optimizer_parameters": {
                "y_lr": 0.05,
                "t_lr": 0.05,
                "scheduler_step_size": 10,
                "scheduler_gamma": 0.99
            }
        },
        "thickness_spline": {
            "parameters": {
                "key_xs": [
                    0.0,
                    0.10000000149011612,
                    0.5,
                    0.8999999761581421,
                    1.0
                ],
                "key_ys": [
                    0.0,
                    0.03999999910593033,
                    0.05000000074505806,
                    0.03999999910593033,
                    0.0
                ],
                "key_ts": [
                    0.07999999821186066,
                    0.019999999552965164,
                    0.0,
                    -0.019999999552965164,
                    -0.07999999821186066
                ]
            },
            "optimizer_parameters": {
                "y_lr": 0.05,
                "t_lr": 0.05,
                "scheduler_step_size": 10,
                "scheduler_gamma": 0.99
            }
        },
        "uv_reshape_bb": {
            "uv": [
                0.3352864583333333,
                0.001953125
            ],
            "size": [
                0.3138020833333333,
                0.3138020833333333
            ]
        }
    },
    "optimizer_parameters": {
        "uv_lr": 0.005,
        "dir_lr": 0.05,
        "scheduler_step_size": 10,
        "scheduler_gamma": 0.99
    }
}