{
    "parameters": {
        "origin_xy": [
            -1.1364926099777222,
            0.02656383626163006
        ],
        "origin_z": 0.0,
        "length_x": 2.890697956085205,
        "length_y": 0.0,
        "length_z": 0.0,
        "uv_reshape_bb": {
            "uv": [
                0.001953125,
                0.001953125
            ],
            "size": [
                0.3138020833333333,
                0.3138020833333333
            ]
        },
        "top_spline": {
            "parameters": {
                "key_xs": [
                    0.0,
                    0.05263157933950424,
                    0.10526315867900848,
                    0.15789473056793213,
                    0.21052631735801697,
                    0.2631579041481018,
                    0.31578946113586426,
                    0.3684210479259491,
                    0.42105263471603394,
                    0.4736842215061188,
                    0.5263158082962036,
                    0.5789473652839661,
                    0.6315789222717285,
                    0.6842105388641357,
                    0.7368420958518982,
                    0.7894736528396606,
                    0.8421052694320679,
                    0.8947368264198303,
                    0.9473684430122375,
                    1.0
                ],
                "key_ys": [
                    0.2698417901992798,
                    0.2863883376121521,
                    0.3298361301422119,
                    0.3888413608074188,
                    0.4786384403705597,
                    0.5419018864631653,
                    0.6021398901939392,
                    0.6522607803344727,
                    0.6833638548851013,
                    0.6925008893013,
                    0.6791340112686157,
                    0.6495527625083923,
                    0.6151338815689087,
                    0.5736162066459656,
                    0.5174177289009094,
                    0.4397055506706238,
                    0.3572452664375305,
                    0.29009342193603516,
                    0.10428737848997116,
                    0.06585389375686646
                ],
                "key_ts": [
                    -0.10179868340492249,
                    0.08832342177629471,
                    0.11209132522344589,
                    0.24058407545089722,
                    0.08885525912046432,
                    0.13340947031974792,
                    0.20389369130134583,
                    0.07348502427339554,
                    0.18632905185222626,
                    0.13695283234119415,
                    -0.3054755926132202,
                    -0.04259711503982544,
                    -0.19460998475551605,
                    -0.0841834768652916,
                    -0.17493487894535065,
                    -0.18979762494564056,
                    -0.1843663603067398,
                    0.025413427501916885,
                    -0.31586524844169617,
                    0.18448518216609955
                ]
            },
            "optimizer_parameters": {
                "y_lr": 0.05,
                "t_lr": 0.05,
                "scheduler_step_size": 10,
                "scheduler_gamma": 0.99
            }
        },
        "bottom_spline": {
            "parameters": {
                "key_xs": [
                    0.0,
                    0.05263157933950424,
                    0.10526315867900848,
                    0.15789473056793213,
                    0.21052631735801697,
                    0.2631579041481018,
                    0.31578946113586426,
                    0.3684210479259491,
                    0.42105263471603394,
                    0.4736842215061188,
                    0.5263158082962036,
                    0.5789473652839661,
                    0.6315789222717285,
                    0.6842105388641357,
                    0.7368420958518982,
                    0.7894736528396606,
                    0.8421052694320679,
                    0.8947368264198303,
                    0.9473684430122375,
                    1.0
                ],
                "key_ys": [
                    -0.11212140321731567,
                    -0.06612519919872284,
                    0.056481268256902695,
                    0.13376827538013458,
                    0.22948753833770752,
                    0.3087478280067444,
                    0.39759960770606995,
                    0.46954604983329773,
                    0.5573951005935669,
                    0.6308216452598572,
                    0.6697893142700195,
                    0.6865605115890503,
                    0.6630315184593201,
                    0.6041358709335327,
                    0.5575082302093506,
                    0.4967798590660095,
                    0.4332680106163025,
                    0.33108189702033997,
                    0.20909829437732697,
                    0.13540370762348175
                ],
                "key_ts": [
                    -0.14897802472114563,
                    0.30909958481788635,
                    0.023914014920592308,
                    0.2667331099510193,
                    0.04580498859286308,
                    0.24341773986816406,
                    0.17498035728931427,
                    0.12916910648345947,
                    0.2983408570289612,
                    -0.09043178707361221,
                    0.2253877967596054,
                    -0.3330763578414917,
                    -0.17154592275619507,
                    0.04605896398425102,
                    -0.16850338876247406,
                    -0.2305501103401184,
                    0.027700772508978844,
                    -0.30993250012397766,
                    0.07003836333751678,
                    0.014910798519849777
                ]
            },
            "optimizer_parameters": {
                "y_lr": 0.05,
                "t_lr": 0.05,
                "scheduler_step_size": 10,
                "scheduler_gamma": 0.99
            }
        },
        "thickness_spline": {
            "parameters": {
                "key_xs": [
                    0.0,
                    0.10000000149011612,
                    0.20000000298023224,
                    0.30000001192092896,
                    0.4000000059604645,
                    0.6000000238418579,
                    0.699999988079071,
                    0.800000011920929,
                    0.8999999761581421,
                    1.0
                ],
                "key_ys": [
                    0.0,
                    0.6000000238418579,
                    0.75,
                    0.8299999833106995,
                    0.8999999761581421,
                    0.8500000238418579,
                    0.75,
                    0.6000000238418579,
                    0.4000000059604645,
                    0.0
                ],
                "key_ts": [
                    5.0,
                    4.0,
                    2.0,
                    1.0,
                    0.10000000149011612,
                    -0.10000000149011612,
                    -0.5,
                    -0.699999988079071,
                    -1.0,
                    -4.0
                ]
            },
            "optimizer_parameters": {
                "y_lr": 0.05,
                "t_lr": 0.05,
                "scheduler_step_size": 10,
                "scheduler_gamma": 0.99
            }
        },