{
    "parameters": {
        "grow_mode": "double_sided",
        "wave_angle": -1.2000000476837158,
        "start_uv": [
            0.5355835556983948,
            0.364696741104126
        ],
        "end_uv": [
            0.5387933850288391,
            0.5349814891815186
        ],
        "start_dir": [
            0.6460142731666565
        ],
        "end_dir": [
            -0.14421460032463074
        ],
        "init_height": 0.2,
        "sil_spline": {
            "parameters": {
                "key_xs": [
                    0.0,
                    0.05263157933950424,
                    0.10526315867900848,
                    0.15789473056793213,
                    0.21052631735801697,
                    0.2631579041481018,
                    0.31578946113586426,
                    0.3684210479259491,
                    0.42105263471603394,
                    0.4736842215061188,
                    0.5263158082962036,
                    0.5789473652839661,
                    0.6315789222717285,
                    0.6842105388641357,
                    0.7368420958518982,
                    0.7894736528396606,
                    0.8421052694320679,
                    0.8947368264198303,
                    0.9473684430122375,
                    1.0
                ],
                "key_ys": [
                    0.139921173453331,
                    0.2269824594259262,
                    0.2759680151939392,
                    0.33309608697891235,
                    0.40454941987991333,
                    0.4964195191860199,
                    0.5152430534362793,
                    0.5160640478134155,
                    0.5068075060844421,
                    0.5009585022926331,
                    0.4961843490600586,
                    0.4921799600124359,
                    0.4791301488876343,
                    0.4629286825656891,
                    0.4501880705356598,
                    0.44077226519584656,
                    0.43543505668640137,
                    0.43882179260253906,
                    0.23382267355918884,
                    0.11728931963443756
                ],
                "key_ts": [
                    0.00011747342068701982,
                    -0.0014678932493552566,
                    0.005773065146058798,
                    -0.0023691896349191666,
                    0.007697329856455326,
                    -0.002711236011236906,
                    0.005846813786774874,
                    -0.0080984216183424,
                    -0.0011033614864572883,
                    -0.005303590092808008,
                    0.0045665414072573185,
                    -0.007894611917436123,
                    -0.008230410516262054,
                    0.004433431662619114,
                    -0.008954995311796665,
                    0.008970198221504688,
                    -0.0017882159445434809,
                    -0.00400882214307785,
                    0.0049644047394394875,
                    -9.875523392111063e-05
                ]
            },
            "optimizer_parameters": {
                "y_lr": 0.05,
                "t_lr": 0.05,
                "scheduler_step_size": 10,
                "scheduler_gamma": 0.99
            }
        },
        "thickness_spline": {
            "parameters": {
                "key_xs": [
                    0.0,
                    0.30000001192092896,
                    0.5,
                    0.699999988079071,
                    1.0
                ],
                "key_ys": [
                    0.0,
                    0.009999999776482582,
                    0.013000000268220901,
                    0.009999999776482582,
                    0.0
                ],
                "key_ts": [
                    0.009999999776482582,
                    0.0020000000949949026,
                    0.0,
                    -0.0020000000949949026,
                    -0.009999999776482582
                ]
            },
            "optimizer_parameters": {
                "y_lr": 0.05,
                "t_lr": 0.05,
                "scheduler_step_size": 10,
                "scheduler_gamma": 0.99
            }
        },
        "uv_reshape_bb": {
            "uv": [
                0.3352864583333333,
                0.3352864583333333
            ],
            "size": [
                0.3138020833333333,
                0.3138020833333333
            ]
        }
    },
    "optimizer_parameters": {
        "uv_lr": 0.005,
        "dir_lr": 0.05,
        "scheduler_step_size": 10,
        "scheduler_gamma": 0.99
    }
}