{
    "parameters": {
        "grow_mode": "single_sided",
        "wave_angle": -1.0471975803375244,
        "start_uv": [
            0.5654641389846802,
            -0.0015055802650749683
        ],
        "end_uv": [
            0.4352010488510132,
            -0.0008769851410761476
        ],
        "start_dir": [
            0.25433996319770813
        ],
        "end_dir": [
            -0.18790194392204285
        ],
        "init_height": 0.2,
        "sil_spline": {
            "parameters": {
                "key_xs": [
                    0.0,
                    0.05263157933950424,
                    0.10526315867900848,
                    0.15789473056793213,
                    0.21052631735801697,
                    0.2631579041481018,
                    0.31578946113586426,
                    0.3684210479259491,
                    0.42105263471603394,
                    0.4736842215061188,
                    0.5263158082962036,
                    0.5789473652839661,
                    0.6315789222717285,
                    0.6842105388641357,
                    0.7368420958518982,
                    0.7894736528396606,
                    0.8421052694320679,
                    0.8947368264198303,
                    0.9473684430122375,
                    1.0
                ],
                "key_ys": [
                    0.24446389079093933,
                    0.4939562976360321,
                    0.6207635998725891,
                    0.7135997414588928,
                    0.804344117641449,
                    0.8950285315513611,
                    0.9719277620315552,
                    1.0502594709396362,
                    1.1120461225509644,
                    1.1779283285140991,
                    1.2247611284255981,
                    1.3418048620224,
                    0.7114671468734741,
                    0.6334055662155151,
                    0.5600767731666565,
                    0.4978978931903839,
                    0.4477633833885193,
                    0.3962010443210602,
                    0.32593581080436707,
                    0.29385608434677124
                ],
                "key_ts": [
                    0.0013030569534748793,
                    -0.0012999849859625101,
                    0.0026387523394078016,
                    0.0005642202449962497,
                    -0.0006280342349782586,
                    0.0023140187840908766,
                    -0.0022767921909689903,
                    0.001925037708133459,
                    0.006516645662486553,
                    0.005506917834281921,
                    -0.007353953551501036,
                    0.00997068453580141,
                    0.003190950956195593,
                    -0.0029930886812508106,
                    -0.004713510628789663,
                    -0.0017309347167611122,
                    -0.00048380697262473404,
                    -0.004764446523040533,
                    -0.0005603971658274531,
                    -8.986988541437313e-05
                ]
            },
            "optimizer_parameters": {
                "y_lr": 0.05,
                "t_lr": 0.05,
                "scheduler_step_size": 10,
                "scheduler_gamma": 0.99
            }
        },
        "thickness_spline": {
            "parameters": {
                "key_xs": [
                    0.0,
                    1.0
                ],
                "key_ys": [
                    0.0,
                    0.0
                ],
                "key_ts": [
                    0.0,
                    0.0
                ]
            },
            "optimizer_parameters": {
                "y_lr": 0,
                "t_lr": 0,
                "scheduler_step_size": 0,
                "scheduler_gamma": 0
            }
        },
        "uv_reshape_bb": {
            "uv": [
                0.3352864583333333,
                0.6686197916666666
            ],
            "size": [
                0.3138020833333333,
                0.3138020833333333
            ]
        }
    },
    "optimizer_parameters": {
        "uv_lr": 0.005,
        "dir_lr": 0.05,
        "scheduler_step_size": 10,
        "scheduler_gamma": 0.99
    }
}