{
    "parameters": {
        "grow_mode": "single_sided",
        "wave_angle": -1.0471975803375244,
        "start_uv": [
            0.3341345489025116,
            -0.0021439960692077875
        ],
        "end_uv": [
            0.2509021461009979,
            -0.000658783596009016
        ],
        "start_dir": [
            -0.981848418712616
        ],
        "end_dir": [
            -1.5849099159240723
        ],
        "init_height": 0.2,
        "sil_spline": {
            "parameters": {
                "key_xs": [
                    0.0,
                    0.05263157933950424,
                    0.10526315867900848,
                    0.15789473056793213,
                    0.21052631735801697,
                    0.2631579041481018,
                    0.31578946113586426,
                    0.3684210479259491,
                    0.42105263471603394,
                    0.4736842215061188,
                    0.5263158082962036,
                    0.5789473652839661,
                    0.6315789222717285,
                    0.6842105388641357,
                    0.7368420958518982,
                    0.7894736528396606,
                    0.8421052694320679,
                    0.8947368264198303,
                    0.9473684430122375,
                    1.0
                ],
                "key_ys": [
                    0.12156748026609421,
                    0.14997360110282898,
                    0.163932204246521,
                    0.16870668530464172,
                    0.18253618478775024,
                    0.191183939576149,
                    0.20465095341205597,
                    0.23396292328834534,
                    0.2414277344942093,
                    0.2912755310535431,
                    0.20868593454360962,
                    0.19049149751663208,
                    0.1769796460866928,
                    0.16344963014125824,
                    0.1583314687013626,
                    0.144293874502182,
                    0.137912780046463,
                    0.13174590468406677,
                    0.11995220929384232,
                    0.1124124750494957
                ],
                "key_ts": [
                    0.0044055841863155365,
                    -0.006095249205827713,
                    0.01903556101024151,
                    -0.017734477296471596,
                    0.013630942441523075,
                    -0.002343617146834731,
                    0.024040454998612404,
                    -0.013636735267937183,
                    -0.005199976731091738,
                    0.02961304970085621,
                    -0.007540086749941111,
                    -0.005573077127337456,
                    -0.009135033935308456,
                    -0.011055593378841877,
                    -0.009182452224195004,
                    -0.004670734982937574,
                    -0.009438692592084408,
                    -0.0026873601600527763,
                    -0.004604131914675236,
                    0.0003372083592694253
                ]
            },
            "optimizer_parameters": {
                "y_lr": 0.05,
                "t_lr": 0.05,
                "scheduler_step_size": 10,
                "scheduler_gamma": 0.99
            }
        },
        "thickness_spline": {
            "parameters": {
                "key_xs": [
                    0.0,
                    0.30000001192092896,
                    0.5,
                    0.699999988079071,
                    1.0
                ],
                "key_ys": [
                    0.0,
                    0.029999999329447746,
                    0.03999999910593033,
                    0.029999999329447746,
                    0.0
                ],
                "key_ts": [
                    0.05000000074505806,
                    0.009999999776482582,
                    0.0,
                    -0.009999999776482582,
                    -0.05000000074505806
                ]
            },
            "optimizer_parameters": {
                "y_lr": 0.05,
                "t_lr": 0.05,
                "scheduler_step_size": 10,
                "scheduler_gamma": 0.99
            }
        },
        "uv_reshape_bb": {
            "uv": [
                0.0,
                0.3333333333333333
            ],
            "size": [
                0.3138020833333333,
                0.3138020833333333
            ]
        }
    },
    "optimizer_parameters": {
        "uv_lr": 0.005,
        "dir_lr": 0.05,
        "scheduler_step_size": 10,
        "scheduler_gamma": 0.99
    }
}