{
    "parameters": {
        "grow_mode": "single_sided",
        "wave_angle": -1.0471975803375244,
        "start_uv": [
            0.40593764185905457,
            1.0009750127792358
        ],
        "end_uv": [
            0.583580732345581,
            1.0005587339401245
        ],
        "start_dir": [
            -0.22389888763427734
        ],
        "end_dir": [
            0.010008554905653
        ],
        "init_height": 0.2,
        "sil_spline": {
            "parameters": {
                "key_xs": [
                    0.0,
                    0.05263157933950424,
                    0.10526315867900848,
                    0.15789473056793213,
                    0.21052631735801697,
                    0.2631579041481018,
                    0.31578946113586426,
                    0.3684210479259491,
                    0.42105263471603394,
                    0.4736842215061188,
                    0.5263158082962036,
                    0.5789473652839661,
                    0.6315789222717285,
                    0.6842105388641357,
                    0.7368420958518982,
                    0.7894736528396606,
                    0.8421052694320679,
                    0.8947368264198303,
                    0.9473684430122375,
                    1.0
                ],
                "key_ys": [
                    0.3314668834209442,
                    0.4360770285129547,
                    0.42808499932289124,
                    0.5217946767807007,
                    0.5266680121421814,
                    0.6218835115432739,
                    0.6036405563354492,
                    0.6896401643753052,
                    0.723371148109436,
                    0.7221052646636963,
                    0.7247467041015625,
                    0.815375030040741,
                    0.8270077705383301,
                    0.8144646883010864,
                    0.9112505912780762,
                    0.934997022151947,
                    0.9514728784561157,
                    0.9273792505264282,
                    0.8554369211196899,
                    0.6421347260475159
                ],
                "key_ts": [
                    0.02275889553129673,
                    -0.013917628675699234,
                    0.0011201446177437901,
                    0.00622456893324852,
                    0.0023069665767252445,
                    -0.0007397548761218786,
                    0.005334958434104919,
                    0.0018368029268458486,
                    0.008606718853116035,
                    0.011996547691524029,
                    0.002489521401003003,
                    0.0006009260541759431,
                    -0.004844218492507935,
                    0.0066656507551670074,
                    0.002732924185693264,
                    0.0021590988617390394,
                    -0.003909568767994642,
                    0.005349249113351107,
                    -0.0029331061523407698,
                    -0.005382797215133905
                ]
            },
            "optimizer_parameters": {
                "y_lr": 0.05,
                "t_lr": 0.05,
                "scheduler_step_size": 10,
                "scheduler_gamma": 0.99
            }
        },
        "thickness_spline": {
            "parameters": {
                "key_xs": [
                    0.0,
                    0.10000000149011612,
                    0.5,
                    0.8999999761581421,
                    1.0
                ],
                "key_ys": [
                    0.0,
                    0.03999999910593033,
                    0.05000000074505806,
                    0.03999999910593033,
                    0.0
                ],
                "key_ts": [
                    0.07999999821186066,
                    0.019999999552965164,
                    0.0,
                    -0.019999999552965164,
                    -0.07999999821186066
                ]
            },
            "optimizer_parameters": {
                "y_lr": 0.05,
                "t_lr": 0.05,
                "scheduler_step_size": 10,
                "scheduler_gamma": 0.99
            }
        },
        "uv_reshape_bb": {
            "uv": [
                0.3333333333333333,
                0.3333333333333333
            ],
            "size": [
                0.3138020833333333,
                0.3138020833333333
            ]
        }
    },
    "optimizer_parameters": {
        "uv_lr": 0.005,
        "dir_lr": 0.05,
        "scheduler_step_size": 10,
        "scheduler_gamma": 0.99
    }
}