{
    "parameters": {
        "grow_mode": "single_sided",
        "wave_angle": -1.0471975803375244,
        "start_uv": [
            0.5241855382919312,
            -0.003284105332568288
        ],
        "end_uv": [
            0.4466172754764557,
            -0.0031071749981492758
        ],
        "start_dir": [
            -0.24961106479167938
        ],
        "end_dir": [
            -0.4463212490081787
        ],
        "init_height": 0.2,
        "sil_spline": {
            "parameters": {
                "key_xs": [
                    0.0,
                    0.05263157933950424,
                    0.10526315867900848,
                    0.15789473056793213,
                    0.21052631735801697,
                    0.2631579041481018,
                    0.31578946113586426,
                    0.3684210479259491,
                    0.42105263471603394,
                    0.4736842215061188,
                    0.5263158082962036,
                    0.5789473652839661,
                    0.6315789222717285,
                    0.6842105388641357,
                    0.7368420958518982,
                    0.7894736528396606,
                    0.8421052694320679,
                    0.8947368264198303,
                    0.9473684430122375,
                    1.0
                ],
                "key_ys": [
                    0.3440602719783783,
                    0.5527903437614441,
                    0.623526394367218,
                    0.7302203178405762,
                    0.7821257710456848,
                    0.8436062932014465,
                    0.7967211008071899,
                    0.7573031783103943,
                    0.7137166857719421,
                    0.6702296733856201,
                    0.6450120806694031,
                    0.5686390399932861,
                    0.5557113885879517,
                    0.47043898701667786,
                    0.4586448073387146,
                    0.3775593340396881,
                    0.3302781581878662,
                    0.28856608271598816,
                    0.2553381323814392,
                    0.24091406166553497
                ],
                "key_ts": [
                    0.014380071312189102,
                    -0.02312387526035309,
                    0.006299722008407116,
                    0.0029143355786800385,
                    0.00245572067797184,
                    0.00015936513955239207,
                    -0.005949299782514572,
                    -0.0072004771791398525,
                    -0.00333064841106534,
                    0.0034284398425370455,
                    -0.018094750121235847,
                    0.008895454928278923,
                    -0.01328745111823082,
                    -0.0014112074859440327,
                    -0.0055147274397313595,
                    -0.002969080815091729,
                    -0.0071921758353710175,
                    -0.0005846624844707549,
                    -0.005422076676040888,
                    0.00013129334547556937
                ]
            },
            "optimizer_parameters": {
                "y_lr": 0.05,
                "t_lr": 0.05,
                "scheduler_step_size": 10,
                "scheduler_gamma": 0.99
            }
        },
        "thickness_spline": {
            "parameters": {
                "key_xs": [
                    0.0,
                    1.0
                ],
                "key_ys": [
                    0.0,
                    0.0
                ],
                "key_ts": [
                    0.0,
                    0.0
                ]
            },
            "optimizer_parameters": {
                "y_lr": 0,
                "t_lr": 0,
                "scheduler_step_size": 0,
                "scheduler_gamma": 0
            }
        },
        "uv_reshape_bb": {
            "uv": [
                0.6666666666666666,
                0.0
            ],
            "size": [
                0.3138020833333333,
                0.3138020833333333
            ]
        }
    },
    "optimizer_parameters": {
        "uv_lr": 0.005,
        "dir_lr": 0.05,
        "scheduler_step_size": 10,
        "scheduler_gamma": 0.99
    }
}