{
    "parameters": {
        "grow_mode": "single_sided",
        "wave_angle": -1.0471975803375244,
        "start_uv": [
            0.19477172195911407,
            -6.152832065708935e-05
        ],
        "end_uv": [
            0.09910773485898972,
            -2.8465239665820263e-05
        ],
        "start_dir": [
            -0.05934024974703789
        ],
        "end_dir": [
            -0.8755516409873962
        ],
        "init_height": 0.2,
        "sil_spline": {
            "parameters": {
                "key_xs": [
                    0.0,
                    0.05263157933950424,
                    0.10526315867900848,
                    0.15789473056793213,
                    0.21052631735801697,
                    0.2631579041481018,
                    0.31578946113586426,
                    0.3684210479259491,
                    0.42105263471603394,
                    0.4736842215061188,
                    0.5263158082962036,
                    0.5789473652839661,
                    0.6315789222717285,
                    0.6842105388641357,
                    0.7368420958518982,
                    0.7894736528396606,
                    0.8421052694320679,
                    0.8947368264198303,
                    0.9473684430122375,
                    1.0
                ],
                "key_ys": [
                    0.04530754312872887,
                    0.07591886818408966,
                    0.15111017227172852,
                    0.24057269096374512,
                    0.310252845287323,
                    0.3830990195274353,
                    0.4464544653892517,
                    0.5048664212226868,
                    0.5574668645858765,
                    0.5961520075798035,
                    0.7075945734977722,
                    0.7031830549240112,
                    0.6475915908813477,
                    0.6034481525421143,
                    0.5543236136436462,
                    0.4858228862285614,
                    0.42757323384284973,
                    0.37651610374450684,
                    0.1821538358926773,
                    0.1455884426832199
                ],
                "key_ts": [
                    -0.008365258574485779,
                    0.011471608653664589,
                    -0.002976788906380534,
                    0.015162129886448383,
                    -0.0022705583833158016,
                    0.010150318965315819,
                    0.012617929838597775,
                    0.004101971164345741,
                    0.01782509684562683,
                    -0.019298462197184563,
                    0.031835414469242096,
                    -0.02713320031762123,
                    -0.0028434228152036667,
                    -0.008262167684733868,
                    -0.01350843720138073,
                    -0.014602932147681713,
                    0.004678053315728903,
                    -0.007449752185493708,
                    -0.003811739617958665,
                    0.0062058186158537865
                ]
            },
            "optimizer_parameters": {
                "y_lr": 0.05,
                "t_lr": 0.05,
                "scheduler_step_size": 10,
                "scheduler_gamma": 0.99
            }
        },
        "thickness_spline": {
            "parameters": {
                "key_xs": [
                    0.0,
                    0.30000001192092896,
                    0.5,
                    0.699999988079071,
                    1.0
                ],
                "key_ys": [
                    0.0,
                    0.029999999329447746,
                    0.03999999910593033,
                    0.029999999329447746,
                    0.0
                ],
                "key_ts": [
                    0.05000000074505806,
                    0.009999999776482582,
                    0.0,
                    -0.009999999776482582,
                    -0.05000000074505806
                ]
            },
            "optimizer_parameters": {
                "y_lr": 0.05,
                "t_lr": 0.05,
                "scheduler_step_size": 10,
                "scheduler_gamma": 0.99
            }
        },
        "uv_reshape_bb": {
            "uv": [
                0.3333333333333333,
                0.0
            ],
            "size": [
                0.3333333333333333,
                0.3333333333333333
            ]
        }
    },
    "optimizer_parameters": {
        "uv_lr": 0.005,
        "dir_lr": 0.05,
        "scheduler_step_size": 10,
        "scheduler_gamma": 0.99
    }
}