{
    "parameters": {
        "grow_mode": "single_sided",
        "wave_angle": -1.0471975803375244,
        "start_uv": [
            -0.0006376061355695128,
            -0.00012788872118107975
        ],
        "end_uv": [
            -0.00045836917706765234,
            1.0000752210617065
        ],
        "start_dir": [
            0.9040126204490662
        ],
        "end_dir": [
            -0.7141478061676025
        ],
        "init_height": 0.2,
        "sil_spline": {
            "parameters": {
                "key_xs": [
                    0.0,
                    0.05263157933950424,
                    0.10526315867900848,
                    0.15789473056793213,
                    0.21052631735801697,
                    0.2631579041481018,
                    0.31578946113586426,
                    0.3684210479259491,
                    0.42105263471603394,
                    0.4736842215061188,
                    0.5263158082962036,
                    0.5789473652839661,
                    0.6315789222717285,
                    0.6842105388641357,
                    0.7368420958518982,
                    0.7894736528396606,
                    0.8421052694320679,
                    0.8947368264198303,
                    0.9473684430122375,
                    1.0
                ],
                "key_ys": [
                    0.042373690754175186,
                    0.02449970506131649,
                    1.0614603757858276,
                    1.3802522420883179,
                    1.558728575706482,
                    1.8444585800170898,
                    1.7266207933425903,
                    1.3296362161636353,
                    0.9461945295333862,
                    0.7041457891464233,
                    0.5734372735023499,
                    0.6806737184524536,
                    1.4213361740112305,
                    1.6190340518951416,
                    1.900709629058838,
                    1.6858934164047241,
                    1.3064067363739014,
                    0.6938652396202087,
                    0.00284570618532598,
                    0.07847419381141663
                ],
                "key_ts": [
                    0.015785135328769684,
                    -0.019500762224197388,
                    0.025205396115779877,
                    -0.016263166442513466,
                    -0.012216616421937943,
                    0.021237650886178017,
                    -0.03524065762758255,
                    -0.012255440466105938,
                    -0.014136701822280884,
                    -0.003142888657748699,
                    -0.023533685132861137,
                    0.02992020547389984,
                    -0.009402365423738956,
                    0.021890535950660706,
                    0.038321420550346375,
                    -0.014986486174166203,
                    0.002174224006012082,
                    -0.02268005907535553,
                    0.02307669073343277,
                    -0.012552979402244091
                ]
            },
            "optimizer_parameters": {
                "y_lr": 0.05,
                "t_lr": 0.05,
                "scheduler_step_size": 10,
                "scheduler_gamma": 0.99
            }
        },
        "thickness_spline": {
            "parameters": {
                "key_xs": [
                    0.0,
                    0.30000001192092896,
                    0.5,
                    0.699999988079071,
                    1.0
                ],
                "key_ys": [
                    0.0,
                    0.009999999776482582,
                    0.012000000104308128,
                    0.009999999776482582,
                    0.0
                ],
                "key_ts": [
                    0.009999999776482582,
                    0.0020000000949949026,
                    0.0,
                    -0.0020000000949949026,
                    -0.009999999776482582
                ]
            },
            "optimizer_parameters": {
                "y_lr": 0.05,
                "t_lr": 0.05,
                "scheduler_step_size": 10,
                "scheduler_gamma": 0.99
            }
        },
        "uv_reshape_bb": {
            "uv": [
                0.0,
                0.6666666666666666
            ],
            "size": [
                0.3333333333333333,
                0.3333333333333333
            ]
        }
    },
    "optimizer_parameters": {
        "uv_lr": 0.005,
        "dir_lr": 0.05,
        "scheduler_step_size": 10,
        "scheduler_gamma": 0.99
    }
}