{
    "parameters": {
        "grow_mode": "single_sided",
        "wave_angle": -1.0471975803375244,
        "start_uv": [
            0.09765034168958664,
            1.0001474618911743
        ],
        "end_uv": [
            0.4758065342903137,
            1.0001139640808105
        ],
        "start_dir": [
            0.5834323167800903
        ],
        "end_dir": [
            -0.09977945685386658
        ],
        "init_height": 0.2,
        "sil_spline": {
            "parameters": {
                "key_xs": [
                    0.0,
                    0.05263157933950424,
                    0.10526315867900848,
                    0.15789473056793213,
                    0.21052631735801697,
                    0.2631579041481018,
                    0.31578946113586426,
                    0.3684210479259491,
                    0.42105263471603394,
                    0.4736842215061188,
                    0.5263158082962036,
                    0.5789473652839661,
                    0.6315789222717285,
                    0.6842105388641357,
                    0.7368420958518982,
                    0.7894736528396606,
                    0.8421052694320679,
                    0.8947368264198303,
                    0.9473684430122375,
                    1.0
                ],
                "key_ys": [
                    0.23990507423877716,
                    0.29802945256233215,
                    0.3185155987739563,
                    0.35421672463417053,
                    0.3801489472389221,
                    0.39890289306640625,
                    0.41078680753707886,
                    0.42098042368888855,
                    0.4116283655166626,
                    0.6983321905136108,
                    0.6426023840904236,
                    0.6056044697761536,
                    0.5480355620384216,
                    0.496061235666275,
                    0.44234442710876465,
                    0.4162997603416443,
                    0.38634857535362244,
                    0.3043650686740875,
                    0.12902504205703735,
                    0.019437167793512344
                ],
                "key_ts": [
                    -0.00796346552670002,
                    0.019561273977160454,
                    0.01525605097413063,
                    -0.024007033556699753,
                    0.02902180701494217,
                    -0.00661314744502306,
                    -0.014727883972227573,
                    0.02615051344037056,
                    -0.015684183686971664,
                    -0.028272664174437523,
                    0.00989891029894352,
                    -0.017693642526865005,
                    -0.0066038500517606735,
                    -0.017215734347701073,
                    -0.01614854298532009,
                    0.02290111593902111,
                    -0.003819238394498825,
                    -0.021122172474861145,
                    -0.025925666093826294,
                    0.028117064386606216
                ]
            },
            "optimizer_parameters": {
                "y_lr": 0.05,
                "t_lr": 0.05,
                "scheduler_step_size": 10,
                "scheduler_gamma": 0.99
            }
        },
        "thickness_spline": {
            "parameters": {
                "key_xs": [
                    0.0,
                    0.10000000149011612,
                    0.5,
                    0.8999999761581421,
                    1.0
                ],
                "key_ys": [
                    0.0,
                    0.03999999910593033,
                    0.05000000074505806,
                    0.03999999910593033,
                    0.0
                ],
                "key_ts": [
                    0.07999999821186066,
                    0.019999999552965164,
                    0.0,
                    -0.019999999552965164,
                    -0.07999999821186066
                ]
            },
            "optimizer_parameters": {
                "y_lr": 0.05,
                "t_lr": 0.05,
                "scheduler_step_size": 10,
                "scheduler_gamma": 0.99
            }
        },
        "uv_reshape_bb": {
            "uv": [
                0.0,
                0.3333333333333333
            ],
            "size": [
                0.3333333333333333,
                0.3333333333333333
            ]
        }
    },
    "optimizer_parameters": {
        "uv_lr": 0.005,
        "dir_lr": 0.05,
        "scheduler_step_size": 10,
        "scheduler_gamma": 0.99
    }
}