{
    "parameters": {
        "origin_xy": [
            -0.2847283184528351,
            0.05326276272535324
        ],
        "origin_z": 0.0,
        "length_x": 2.2737538814544678,
        "length_y": 0.0,
        "length_z": 0.0,
        "uv_reshape_bb": {
            "uv": [
                0.0,
                0.0
            ],
            "size": [
                0.3333333333333333,
                0.3333333333333333
            ]
        },
        "top_spline": {
            "parameters": {
                "key_xs": [
                    0.0,
                    0.05263157933950424,
                    0.10526315867900848,
                    0.15789473056793213,
                    0.21052631735801697,
                    0.2631579041481018,
                    0.31578946113586426,
                    0.3684210479259491,
                    0.42105263471603394,
                    0.4736842215061188,
                    0.5263158082962036,
                    0.5789473652839661,
                    0.6315789222717285,
                    0.6842105388641357,
                    0.7368420958518982,
                    0.7894736528396606,
                    0.8421052694320679,
                    0.8947368264198303,
                    0.9473684430122375,
                    1.0
                ],
                "key_ys": [
                    0.0760708674788475,
                    0.1036786288022995,
                    0.15301649272441864,
                    0.19617345929145813,
                    0.23253992199897766,
                    0.27719759941101074,
                    0.3136729300022125,
                    0.3532482087612152,
                    0.37036076188087463,
                    0.38055890798568726,
                    0.36957991123199463,
                    0.355326771736145,
                    0.3348873257637024,
                    0.29288992285728455,
                    0.2519710063934326,
                    0.19435575604438782,
                    0.13696423172950745,
                    0.07700613141059875,
                    0.016459845006465912,
                    -0.03183414041996002
                ],
                "key_ts": [
                    -0.05095059052109718,
                    0.013926814310252666,
                    0.22502459585666656,
                    0.02710575796663761,
                    0.14454415440559387,
                    0.14718018472194672,
                    0.12389670312404633,
                    0.13470539450645447,
                    0.29590490460395813,
                    -0.037060681730508804,
                    0.1097237765789032,
                    -0.18942034244537354,
                    -0.07288708537817001,
                    -0.23533956706523895,
                    -0.15004301071166992,
                    -0.17126697301864624,
                    -0.1326168179512024,
                    -0.15214858949184418,
                    -0.10635047405958176,
                    0.10269962251186371
                ]
            },
            "optimizer_parameters": {
                "y_lr": 0.05,
                "t_lr": 0.05,
                "scheduler_step_size": 10,
                "scheduler_gamma": 0.99
            }
        },
        "bottom_spline": {
            "parameters": {
                "key_xs": [
                    0.0,
                    0.05263157933950424,
                    0.10526315867900848,
                    0.15789473056793213,
                    0.21052631735801697,
                    0.2631579041481018,
                    0.31578946113586426,
                    0.3684210479259491,
                    0.42105263471603394,
                    0.4736842215061188,
                    0.5263158082962036,
                    0.5789473652839661,
                    0.6315789222717285,
                    0.6842105388641357,
                    0.7368420958518982,
                    0.7894736528396606,
                    0.8421052694320679,
                    0.8947368264198303,
                    0.9473684430122375,
                    1.0
                ],
                "key_ys": [
                    0.16425353288650513,
                    0.19129084050655365,
                    0.24734844267368317,
                    0.3183266222476959,
                    0.38233938813209534,
                    0.4250246286392212,
                    0.4630579948425293,
                    0.4981204867362976,
                    0.5322936177253723,
                    0.5522205829620361,
                    0.557829737663269,
                    0.5574324131011963,
                    0.5574896335601807,
                    0.5426115989685059,
                    0.5199087858200073,
                    0.48651283979415894,
                    0.44092512130737305,
                    0.3865925073623657,
                    0.1645648330450058,
                    0.03182700276374817
                ],
                "key_ts": [
                    -0.034434981644153595,
                    -0.027776991948485374,
                    0.2229878455400467,
                    0.25719553232192993,
                    0.013576211407780647,
                    0.1783619225025177,
                    0.15654802322387695,
                    0.21026809513568878,
                    0.18268661201000214,
                    0.13458697497844696,
                    -0.08479250967502594,
                    -0.021336300298571587,
                    -0.01377431396394968,
                    -0.0848725363612175,
                    -0.14664050936698914,
                    -0.11370020359754562,
                    -0.12515534460544586,
                    0.048718079924583435,
                    -0.34276509284973145,
                    0.2165525257587433
                ]
            },
            "optimizer_parameters": {
                "y_lr": 0.05,
                "t_lr": 0.05,
                "scheduler_step_size": 10,
                "scheduler_gamma": 0.99
            }
        },
        "thickness_spline": {
            "parameters": {
                "key_xs": [
                    0.0,
                    0.10000000149011612,
                    0.20000000298023224,
                    0.30000001192092896,
                    0.4000000059604645,
                    0.6000000238418579,
                    0.699999988079071,
                    0.800000011920929,
                    0.8999999761581421,
                    1.0
                ],
                "key_ys": [
                    0.0,
                    0.6000000238418579,
                    0.75,
                    0.8299999833106995,
                    0.8999999761581421,
                    0.8500000238418579,
                    0.75,
                    0.6000000238418579,
                    0.4000000059604645,
                    0.0
                ],
                "key_ts": [
                    5.0,
                    4.0,
                    2.0,
                    1.0,
                    0.10000000149011612,
                    -0.10000000149011612,
                    -0.5,
                    -0.699999988079071,
                    -1.0,
                    -4.0
                ]
            },
            "optimizer_parameters": {
                "y_lr": 0.05,
                "t_lr": 0.05,
                "scheduler_step_size": 10,
                "scheduler_gamma": 0.99
            }
        },