{
    "parameters": {
        "grow_mode": "double_sided",
        "wave_angle": -1.0471975803375244,
        "start_uv": [
            0.5157248973846436,
            0.35177183151245117
        ],
        "end_uv": [
            0.5121446251869202,
            0.4638426601886749
        ],
        "start_dir": [
            0.22525708377361298
        ],
        "end_dir": [
            -0.42435789108276367
        ],
        "init_height": 0.2,
        "sil_spline": {
            "parameters": {
                "key_xs": [
                    0.0,
                    0.05263157933950424,
                    0.10526315867900848,
                    0.15789473056793213,
                    0.21052631735801697,
                    0.2631579041481018,
                    0.31578946113586426,
                    0.3684210479259491,
                    0.42105263471603394,
                    0.4736842215061188,
                    0.5263158082962036,
                    0.5789473652839661,
                    0.6315789222717285,
                    0.6842105388641357,
                    0.7368420958518982,
                    0.7894736528396606,
                    0.8421052694320679,
                    0.8947368264198303,
                    0.9473684430122375,
                    1.0
                ],
                "key_ys": [
                    0.03478680178523064,
                    0.0623432956635952,
                    0.13932587206363678,
                    0.1930931955575943,
                    0.23214495182037354,
                    0.25681930780410767,
                    0.28290218114852905,
                    0.3074578642845154,
                    0.3351621925830841,
                    0.36611148715019226,
                    0.38201525807380676,
                    0.4068484902381897,
                    0.4388371706008911,
                    0.47255581617355347,
                    0.4251419007778168,
                    0.28532490134239197,
                    0.1631384789943695,
                    0.1566537320613861,
                    0.14068135619163513,
                    0.1372131109237671
                ],
                "key_ts": [
                    -0.029598983004689217,
                    0.031138388440012932,
                    -0.015266265720129013,
                    0.025849157944321632,
                    -0.0050138006918132305,
                    0.01242134440690279,
                    0.01091490127146244,
                    -0.0010479161283001304,
                    0.021061593666672707,
                    0.01454705186188221,
                    -0.002133613685145974,
                    0.02710704505443573,
                    -0.017957530915737152,
                    0.0298414658755064,
                    -0.02131478302180767,
                    -0.01872730813920498,
                    0.015492085367441177,
                    -0.004144044127315283,
                    -0.0072150505147874355,
                    0.002113005146384239
                ]
            },
            "optimizer_parameters": {
                "y_lr": 0.05,
                "t_lr": 0.05,
                "scheduler_step_size": 10,
                "scheduler_gamma": 0.99
            }
        },
        "thickness_spline": {
            "parameters": {
                "key_xs": [
                    0.0,
                    0.30000001192092896,
                    0.5,
                    0.699999988079071,
                    1.0
                ],
                "key_ys": [
                    0.0,
                    0.009999999776482582,
                    0.013000000268220901,
                    0.009999999776482582,
                    0.0
                ],
                "key_ts": [
                    0.009999999776482582,
                    0.0020000000949949026,
                    0.0,
                    -0.0020000000949949026,
                    -0.009999999776482582
                ]
            },
            "optimizer_parameters": {
                "y_lr": 0.05,
                "t_lr": 0.05,
                "scheduler_step_size": 10,
                "scheduler_gamma": 0.99
            }
        },
        "uv_reshape_bb": {
            "uv": [
                0.3333333333333333,
                0.6666666666666666
            ],
            "size": [
                0.3333333333333333,
                0.3333333333333333
            ]
        }
    },
    "optimizer_parameters": {
        "uv_lr": 0.005,
        "dir_lr": 0.05,
        "scheduler_step_size": 10,
        "scheduler_gamma": 0.99
    }
}