{
    "parameters": {
        "grow_mode": "double_sided",
        "wave_angle": -1.0471975803375244,
        "start_uv": [
            0.5080471634864807,
            0.04799097776412964
        ],
        "end_uv": [
            0.4887439012527466,
            0.07376565039157867
        ],
        "start_dir": [
            0.5895484089851379
        ],
        "end_dir": [
            -1.183307409286499
        ],
        "init_height": 0.2,
        "sil_spline": {
            "parameters": {
                "key_xs": [
                    0.0,
                    0.05263157933950424,
                    0.10526315867900848,
                    0.15789473056793213,
                    0.21052631735801697,
                    0.2631579041481018,
                    0.31578946113586426,
                    0.3684210479259491,
                    0.42105263471603394,
                    0.4736842215061188,
                    0.5263158082962036,
                    0.5789473652839661,
                    0.6315789222717285,
                    0.6842105388641357,
                    0.7368420958518982,
                    0.7894736528396606,
                    0.8421052694320679,
                    0.8947368264198303,
                    0.9473684430122375,
                    1.0
                ],
                "key_ys": [
                    0.11401057243347168,
                    0.13958045840263367,
                    0.3219718337059021,
                    0.41977399587631226,
                    0.5164580941200256,
                    0.6241810321807861,
                    0.7000150680541992,
                    0.785279393196106,
                    1.1259949207305908,
                    1.093106746673584,
                    1.0595325231552124,
                    1.0219556093215942,
                    0.9841457605361938,
                    0.9287188053131104,
                    0.8601733446121216,
                    0.7887759208679199,
                    0.7328340411186218,
                    0.29277321696281433,
                    0.21751442551612854,
                    0.2015235871076584
                ],
                "key_ts": [
                    -0.01491638831794262,
                    0.004560723435133696,
                    0.018557962030172348,
                    -0.003967204596847296,
                    0.0018201876664534211,
                    0.004710488021373749,
                    0.011696379631757736,
                    -0.01633692905306816,
                    -0.01802837662398815,
                    -0.007429455406963825,
                    -0.005189567804336548,
                    -0.008410941809415817,
                    -0.0006339228712022305,
                    -0.01740691065788269,
                    0.004048286937177181,
                    -0.013924235478043556,
                    0.012417938560247421,
                    -0.03270828351378441,
                    0.019409121945500374,
                    0.0038314692210406065
                ]
            },
            "optimizer_parameters": {
                "y_lr": 0.05,
                "t_lr": 0.05,
                "scheduler_step_size": 10,
                "scheduler_gamma": 0.99
            }
        },
        "thickness_spline": {
            "parameters": {
                "key_xs": [
                    0.0,
                    1.0
                ],
                "key_ys": [
                    0.0,
                    0.0
                ],
                "key_ts": [
                    0.0,
                    0.0
                ]
            },
            "optimizer_parameters": {
                "y_lr": 0,
                "t_lr": 0,
                "scheduler_step_size": 0,
                "scheduler_gamma": 0
            }
        },
        "uv_reshape_bb": {
            "uv": [
                0.3333333333333333,
                0.3333333333333333
            ],
            "size": [
                0.3333333333333333,
                0.3333333333333333
            ]
        }
    },
    "optimizer_parameters": {
        "uv_lr": 0.005,
        "dir_lr": 0.05,
        "scheduler_step_size": 10,
        "scheduler_gamma": 0.99
    }
}