{
    "0_body_mask.png": [
        [
            0.4612203110354063,
            0.4846639952294777
        ],
        [
            0.8035448810445301,
            0.47984252241244774
        ]
    ],
    "0_caudal_fin_mask.png": [
        [
            0.5034081981844181,
            0.43042242603789116
        ],
        [
            0.5389665602100137,
            0.6094196043701267
        ]
    ],
    "0_dorsal_fin_mask.png": [
        [
            0.5618685560909057,
            0.6232813387190876
        ],
        [
            0.660708748840019,
            0.6437725981914648
        ]
    ],
    "0_pectoral_fin_mask.png": [
        [
            0.6239450186101658,
            0.470199576778388
        ],
        [
            0.6287664914271958,
            0.5033472023954686
        ]
    ],
    "0_pelvic_fin_mask.png": [
        [
            0.5811544473590253,
            0.3816050137654632
        ],
        [
            0.5709088176228369,
            0.38341306607184955
        ]
    ]
}