{
    "parameters": {
        "grow_mode": "single_sided",
        "wave_angle": -1.0471975803375244,
        "start_uv": [
            0.2258204072713852,
            -0.0004043873050250113
        ],
        "end_uv": [
            0.1566053330898285,
            -0.0004874942824244499
        ],
        "start_dir": [
            0.1797168105840683
        ],
        "end_dir": [
            -0.37612655758857727
        ],
        "init_height": 0.2,
        "sil_spline": {
            "parameters": {
                "key_xs": [
                    0.0,
                    0.05263157933950424,
                    0.10526315867900848,
                    0.15789473056793213,
                    0.21052631735801697,
                    0.2631579041481018,
                    0.31578946113586426,
                    0.3684210479259491,
                    0.42105263471603394,
                    0.4736842215061188,
                    0.5263158082962036,
                    0.5789473652839661,
                    0.6315789222717285,
                    0.6842105388641357,
                    0.7368420958518982,
                    0.7894736528396606,
                    0.8421052694320679,
                    0.8947368264198303,
                    0.9473684430122375,
                    1.0
                ],
                "key_ys": [
                    0.24128538370132446,
                    0.329799085855484,
                    0.39864128828048706,
                    0.4518880248069763,
                    0.5046314597129822,
                    0.5420404672622681,
                    0.5770390629768372,
                    0.6167060732841492,
                    0.5861840844154358,
                    0.5655163526535034,
                    0.5486484169960022,
                    0.5318862199783325,
                    0.5178511738777161,
                    0.49425047636032104,
                    0.47047117352485657,
                    0.4476715624332428,
                    0.4171198904514313,
                    0.38917064666748047,
                    0.35803040862083435,
                    0.32379359006881714
                ],
                "key_ts": [
                    0.001138211926445365,
                    -4.875733793596737e-05,
                    0.006943902000784874,
                    0.007547624409198761,
                    0.013174811378121376,
                    0.008025221526622772,
                    0.013740235939621925,
                    0.0030317548662424088,
                    -0.014038411900401115,
                    -0.014333643950521946,
                    -0.01211987342685461,
                    -0.010664856992661953,
                    -0.015253396704792976,
                    -0.010513138957321644,
                    -0.00928641576319933,
                    -0.008921804837882519,
                    -0.00941914226859808,
                    0.0030923252925276756,
                    -0.004094259813427925,
                    0.0002697518211789429
                ]
            },
            "optimizer_parameters": {
                "y_lr": 0.05,
                "t_lr": 0.05,
                "scheduler_step_size": 10,
                "scheduler_gamma": 0.99
            }
        },
        "thickness_spline": {
            "parameters": {
                "key_xs": [
                    0.0,
                    0.30000001192092896,
                    0.5,
                    0.699999988079071,
                    1.0
                ],
                "key_ys": [
                    0.0,
                    0.029999999329447746,
                    0.03999999910593033,
                    0.029999999329447746,
                    0.0
                ],
                "key_ts": [
                    0.05000000074505806,
                    0.009999999776482582,
                    0.0,
                    -0.009999999776482582,
                    -0.05000000074505806
                ]
            },
            "optimizer_parameters": {
                "y_lr": 0.05,
                "t_lr": 0.05,
                "scheduler_step_size": 10,
                "scheduler_gamma": 0.99
            }
        },
        "uv_reshape_bb": {
            "uv": [
                0.0,
                0.3333333333333333
            ],
            "size": [
                0.3333333333333333,
                0.3333333333333333
            ]
        }
    },
    "optimizer_parameters": {
        "uv_lr": 0.005,
        "dir_lr": 0.05,
        "scheduler_step_size": 10,
        "scheduler_gamma": 0.99
    }
}