{
    "parameters": {
        "grow_mode": "single_sided",
        "wave_angle": -1.0471975803375244,
        "start_uv": [
            0.037910524755716324,
            -0.00015640449419151992
        ],
        "end_uv": [
            0.025044694542884827,
            1.0001654624938965
        ],
        "start_dir": [
            1.2064396142959595
        ],
        "end_dir": [
            -0.9297762513160706
        ],
        "init_height": 0.2,
        "sil_spline": {
            "parameters": {
                "key_xs": [
                    0.0,
                    0.05263157933950424,
                    0.10526315867900848,
                    0.15789473056793213,
                    0.21052631735801697,
                    0.2631579041481018,
                    0.31578946113586426,
                    0.3684210479259491,
                    0.42105263471603394,
                    0.4736842215061188,
                    0.5263158082962036,
                    0.5789473652839661,
                    0.6315789222717285,
                    0.6842105388641357,
                    0.7368420958518982,
                    0.7894736528396606,
                    0.8421052694320679,
                    0.8947368264198303,
                    0.9473684430122375,
                    1.0
                ],
                "key_ys": [
                    0.030974332243204117,
                    0.07927137613296509,
                    0.1355445683002472,
                    0.4869869351387024,
                    1.2384241819381714,
                    1.044640064239502,
                    1.023378610610962,
                    1.0223467350006104,
                    1.01176917552948,
                    0.9905439019203186,
                    0.9579415917396545,
                    0.9252129197120667,
                    0.8826103210449219,
                    0.8353145122528076,
                    0.8838045597076416,
                    1.2469173669815063,
                    0.8426170945167542,
                    0.3348000943660736,
                    0.11339998990297318,
                    0.08134211599826813
                ],
                "key_ts": [
                    0.0005405590636655688,
                    0.0034258828964084387,
                    -0.005618678405880928,
                    0.007372066378593445,
                    -0.014138677157461643,
                    0.0010893148137256503,
                    -0.01165168359875679,
                    -0.0010542174568399787,
                    -0.013590376824140549,
                    -0.011470410041511059,
                    -0.002565538277849555,
                    -0.006320557557046413,
                    -0.0020757263991981745,
                    -0.0056448993273079395,
                    0.013479913584887981,
                    0.001943357870914042,
                    0.0009153971332125366,
                    -0.007225168868899345,
                    0.006223034579306841,
                    0.0005269668181426823
                ]
            },
            "optimizer_parameters": {
                "y_lr": 0.05,
                "t_lr": 0.05,
                "scheduler_step_size": 10,
                "scheduler_gamma": 0.99
            }
        },
        "thickness_spline": {
            "parameters": {
                "key_xs": [
                    0.0,
                    0.30000001192092896,
                    0.5,
                    0.699999988079071,
                    1.0
                ],
                "key_ys": [
                    0.0,
                    0.009999999776482582,
                    0.012000000104308128,
                    0.009999999776482582,
                    0.0
                ],
                "key_ts": [
                    0.009999999776482582,
                    0.0020000000949949026,
                    0.0,
                    -0.0020000000949949026,
                    -0.009999999776482582
                ]
            },
            "optimizer_parameters": {
                "y_lr": 0.05,
                "t_lr": 0.05,
                "scheduler_step_size": 10,
                "scheduler_gamma": 0.99
            }
        },
        "uv_reshape_bb": {
            "uv": [
                0.0,
                0.6666666666666666
            ],
            "size": [
                0.3333333333333333,
                0.3333333333333333
            ]
        }
    },
    "optimizer_parameters": {
        "uv_lr": 0.005,
        "dir_lr": 0.05,
        "scheduler_step_size": 10,
        "scheduler_gamma": 0.99
    }
}