{
    "parameters": {
        "grow_mode": "single_sided",
        "wave_angle": -1.0471975803375244,
        "start_uv": [
            0.2050946205854416,
            1.0004246234893799
        ],
        "end_uv": [
            0.5152646899223328,
            1.0010792016983032
        ],
        "start_dir": [
            1.1694679260253906
        ],
        "end_dir": [
            0.22618810832500458
        ],
        "init_height": 0.2,
        "sil_spline": {
            "parameters": {
                "key_xs": [
                    0.0,
                    0.05263157933950424,
                    0.10526315867900848,
                    0.15789473056793213,
                    0.21052631735801697,
                    0.2631579041481018,
                    0.31578946113586426,
                    0.3684210479259491,
                    0.42105263471603394,
                    0.4736842215061188,
                    0.5263158082962036,
                    0.5789473652839661,
                    0.6315789222717285,
                    0.6842105388641357,
                    0.7368420958518982,
                    0.7894736528396606,
                    0.8421052694320679,
                    0.8947368264198303,
                    0.9473684430122375,
                    1.0
                ],
                "key_ys": [
                    -0.003779388964176178,
                    0.07423708587884903,
                    0.33466649055480957,
                    0.3940718173980713,
                    0.4425736963748932,
                    0.5011053681373596,
                    0.5553616881370544,
                    0.6086902022361755,
                    0.669367253780365,
                    0.7263051271438599,
                    0.7776160836219788,
                    0.8313625454902649,
                    0.8591760993003845,
                    0.8586527109146118,
                    0.8270732760429382,
                    0.6937708258628845,
                    0.5686183571815491,
                    0.46546536684036255,
                    0.36208948493003845,
                    0.20829713344573975
                ],
                "key_ts": [
                    -0.00435021473094821,
                    0.004969707224518061,
                    0.009564973413944244,
                    0.005005208309739828,
                    0.00661080377176404,
                    0.018196595832705498,
                    0.01894295960664749,
                    0.012250385247170925,
                    0.017423154786229134,
                    0.013760009780526161,
                    0.00788650382310152,
                    -0.0023442255333065987,
                    -0.004388326779007912,
                    -0.00525803305208683,
                    -0.01144102681428194,
                    -0.009552424773573875,
                    -0.007051979657262564,
                    -0.005214876029640436,
                    -0.012356279417872429,
                    0.00044968389556743205
                ]
            },
            "optimizer_parameters": {
                "y_lr": 0.05,
                "t_lr": 0.05,
                "scheduler_step_size": 10,
                "scheduler_gamma": 0.99
            }
        },
        "thickness_spline": {
            "parameters": {
                "key_xs": [
                    0.0,
                    0.10000000149011612,
                    0.5,
                    0.8999999761581421,
                    1.0
                ],
                "key_ys": [
                    0.0,
                    0.03999999910593033,
                    0.05000000074505806,
                    0.03999999910593033,
                    0.0
                ],
                "key_ts": [
                    0.07999999821186066,
                    0.019999999552965164,
                    0.0,
                    -0.019999999552965164,
                    -0.07999999821186066
                ]
            },
            "optimizer_parameters": {
                "y_lr": 0.05,
                "t_lr": 0.05,
                "scheduler_step_size": 10,
                "scheduler_gamma": 0.99
            }
        },
        "uv_reshape_bb": {
            "uv": [
                0.3333333333333333,
                0.0
            ],
            "size": [
                0.3333333333333333,
                0.3333333333333333
            ]
        }
    },
    "optimizer_parameters": {
        "uv_lr": 0.005,
        "dir_lr": 0.05,
        "scheduler_step_size": 10,
        "scheduler_gamma": 0.99
    }
}