{
    "parameters": {
        "origin_xy": [
            -0.8795466423034668,
            0.018322380259633064
        ],
        "origin_z": 0.0,
        "length_x": 2.6860947608947754,
        "length_y": 0.0,
        "length_z": 0.0,
        "uv_reshape_bb": {
            "uv": [
                0.0,
                0.0
            ],
            "size": [
                0.3333333333333333,
                0.3333333333333333
            ]
        },
        "top_spline": {
            "parameters": {
                "key_xs": [
                    0.0,
                    0.05263157933950424,
                    0.10526315867900848,
                    0.15789473056793213,
                    0.21052631735801697,
                    0.2631579041481018,
                    0.31578946113586426,
                    0.3684210479259491,
                    0.42105263471603394,
                    0.4736842215061188,
                    0.5263158082962036,
                    0.5789473652839661,
                    0.6315789222717285,
                    0.6842105388641357,
                    0.7368420958518982,
                    0.7894736528396606,
                    0.8421052694320679,
                    0.8947368264198303,
                    0.9473684430122375,
                    1.0
                ],
                "key_ys": [
                    0.12118913978338242,
                    0.18382515013217926,
                    0.2017449587583542,
                    0.28709134459495544,
                    0.4193568527698517,
                    0.5286495089530945,
                    0.6053739786148071,
                    0.6752808094024658,
                    0.724352240562439,
                    0.7715433835983276,
                    0.7942783832550049,
                    0.7943834066390991,
                    0.7824094891548157,
                    0.7388231158256531,
                    0.6751309633255005,
                    0.5806649923324585,
                    0.4756898283958435,
                    0.37895870208740234,
                    0.20597758889198303,
                    0.12883023917675018
                ],
                "key_ts": [
                    0.0724567249417305,
                    -0.134843111038208,
                    0.23563842475414276,
                    0.16688445210456848,
                    0.21124494075775146,
                    0.16953568160533905,
                    0.13093367218971252,
                    0.17618584632873535,
                    0.11309155076742172,
                    0.21002884209156036,
                    -0.12320735305547714,
                    0.11401982605457306,
                    -0.11161148548126221,
                    -0.13260892033576965,
                    -0.16237220168113708,
                    -0.1537027508020401,
                    -0.19550512731075287,
                    0.08667247742414474,
                    -0.3493473529815674,
                    0.15304118394851685
                ]
            },
            "optimizer_parameters": {
                "y_lr": 0.05,
                "t_lr": 0.05,
                "scheduler_step_size": 10,
                "scheduler_gamma": 0.99
            }
        },
        "bottom_spline": {
            "parameters": {
                "key_xs": [
                    0.0,
                    0.05263157933950424,
                    0.10526315867900848,
                    0.15789473056793213,
                    0.21052631735801697,
                    0.2631579041481018,
                    0.31578946113586426,
                    0.3684210479259491,
                    0.42105263471603394,
                    0.4736842215061188,
                    0.5263158082962036,
                    0.5789473652839661,
                    0.6315789222717285,
                    0.6842105388641357,
                    0.7368420958518982,
                    0.7894736528396606,
                    0.8421052694320679,
                    0.8947368264198303,
                    0.9473684430122375,
                    1.0
                ],
                "key_ys": [
                    0.14062899351119995,
                    0.24274545907974243,
                    0.23587878048419952,
                    0.31039074063301086,
                    0.4426588714122772,
                    0.5471551418304443,
                    0.616928219795227,
                    0.6656239628791809,
                    0.6974737048149109,
                    0.7171365022659302,
                    0.731093168258667,
                    0.7306115031242371,
                    0.7291858196258545,
                    0.6939021944999695,
                    0.650998592376709,
                    0.5833257436752319,
                    0.4737268388271332,
                    0.2877236604690552,
                    0.09262937307357788,
                    -0.1320713758468628
                ],
                "key_ts": [
                    0.054381001740694046,
                    -0.13177751004695892,
                    0.22176429629325867,
                    0.013099403120577335,
                    0.31680673360824585,
                    0.05386296659708023,
                    0.1626560389995575,
                    0.1463838666677475,
                    0.143922358751297,
                    0.09813719242811203,
                    -0.04760110378265381,
                    0.021490098908543587,
                    -0.10254297405481339,
                    -0.10986950248479843,
                    -0.1188548281788826,
                    -0.14660820364952087,
                    -0.14974285662174225,
                    -0.3321002125740051,
                    0.0018018067348748446,
                    0.15386183559894562
                ]
            },
            "optimizer_parameters": {
                "y_lr": 0.05,
                "t_lr": 0.05,
                "scheduler_step_size": 10,
                "scheduler_gamma": 0.99
            }
        },
        "thickness_spline": {
            "parameters": {
                "key_xs": [
                    0.0,
                    0.10000000149011612,
                    0.20000000298023224,
                    0.30000001192092896,
                    0.4000000059604645,
                    0.6000000238418579,
                    0.699999988079071,
                    0.800000011920929,
                    0.8999999761581421,
                    1.0
                ],
                "key_ys": [
                    0.0,
                    0.6000000238418579,
                    0.75,
                    0.8299999833106995,
                    0.8999999761581421,
                    0.8500000238418579,
                    0.75,
                    0.6000000238418579,
                    0.4000000059604645,
                    0.0
                ],
                "key_ts": [
                    5.0,
                    4.0,
                    2.0,
                    1.0,
                    0.10000000149011612,
                    -0.10000000149011612,
                    -0.5,
                    -0.699999988079071,
                    -1.0,
                    -4.0
                ]
            },
            "optimizer_parameters": {
                "y_lr": 0.05,
                "t_lr": 0.05,
                "scheduler_step_size": 10,
                "scheduler_gamma": 0.99
            }
        },
        "stream_spline": {
            "parameters": {
                "key_xs": [
                    0.0,
                    0.10000000149011612,
                    0.20000000298023224,
                    0.30000001192092896,
                    0.4000000059604645,
                    0.6000000238418579,
                    0.699999988079071,
                    0.800000011920929,
                    0.8999999761581421,
                    1.0
                ],