{
    "parameters": {
        "grow_mode": "double_sided",
        "wave_angle": -1.2000000476837158,
        "start_uv": [
            0.5730960369110107,
            0.27492135763168335
        ],
        "end_uv": [
            0.5830932855606079,
            0.35612279176712036
        ],
        "start_dir": [
            0.9646425843238831
        ],
        "end_dir": [
            -0.6260862946510315
        ],
        "init_height": 0.2,
        "sil_spline": {
            "parameters": {
                "key_xs": [
                    0.0,
                    0.05263157933950424,
                    0.10526315867900848,
                    0.15789473056793213,
                    0.21052631735801697,
                    0.2631579041481018,
                    0.31578946113586426,
                    0.3684210479259491,
                    0.42105263471603394,
                    0.4736842215061188,
                    0.5263158082962036,
                    0.5789473652839661,
                    0.6315789222717285,
                    0.6842105388641357,
                    0.7368420958518982,
                    0.7894736528396606,
                    0.8421052694320679,
                    0.8947368264198303,
                    0.9473684430122375,
                    1.0
                ],
                "key_ys": [
                    -0.004338870290666819,
                    0.007673277519643307,
                    0.046859025955200195,
                    0.43796807527542114,
                    0.5204470157623291,
                    0.5892509818077087,
                    0.6392407417297363,
                    0.6958085298538208,
                    0.7491431832313538,
                    0.8039317727088928,
                    0.860687792301178,
                    0.9089981913566589,
                    0.9785323143005371,
                    1.0432112216949463,
                    1.0587750673294067,
                    0.9679375290870667,
                    0.8344610333442688,
                    0.17369244992733002,
                    0.13971875607967377,
                    0.12744499742984772
                ],
                "key_ts": [
                    -0.007740046363323927,
                    0.004861060064285994,
                    -0.0004990099696442485,
                    0.016560053452849388,
                    0.0010944847017526627,
                    0.011252275668084621,
                    0.0033368896692991257,
                    0.003360802074894309,
                    0.011191117577254772,
                    -0.009550303220748901,
                    0.017293505370616913,
                    0.013499417342245579,
                    0.004650598857551813,
                    0.006535444874316454,
                    -0.004110781475901604,
                    0.004479090683162212,
                    -0.014265550300478935,
                    -0.0022812969982624054,
                    0.006432692985981703,
                    0.0006673568277619779
                ]
            },
            "optimizer_parameters": {
                "y_lr": 0.05,
                "t_lr": 0.05,
                "scheduler_step_size": 10,
                "scheduler_gamma": 0.99
            }
        },
        "thickness_spline": {
            "parameters": {
                "key_xs": [
                    0.0,
                    0.30000001192092896,
                    0.5,
                    0.699999988079071,
                    1.0
                ],
                "key_ys": [
                    0.0,
                    0.009999999776482582,
                    0.013000000268220901,
                    0.009999999776482582,
                    0.0
                ],
                "key_ts": [
                    0.009999999776482582,
                    0.0020000000949949026,
                    0.0,
                    -0.0020000000949949026,
                    -0.009999999776482582
                ]
            },
            "optimizer_parameters": {
                "y_lr": 0.05,
                "t_lr": 0.05,
                "scheduler_step_size": 10,
                "scheduler_gamma": 0.99
            }
        },
        "uv_reshape_bb": {
            "uv": [
                0.3333333333333333,
                0.3333333333333333
            ],
            "size": [
                0.3333333333333333,
                0.3333333333333333
            ]
        }
    },
    "optimizer_parameters": {
        "uv_lr": 0.005,
        "dir_lr": 0.05,
        "scheduler_step_size": 10,
        "scheduler_gamma": 0.99
    }
}