{
    "parameters": {
        "grow_mode": "double_sided",
        "wave_angle": -0.20000000298023224,
        "start_uv": [
            0.6731163263320923,
            0.04253656417131424
        ],
        "end_uv": [
            0.6484366059303284,
            0.05149725452065468
        ],
        "start_dir": [
            -0.9126314520835876
        ],
        "end_dir": [
            -0.734240710735321
        ],
        "init_height": 0.2,
        "sil_spline": {
            "parameters": {
                "key_xs": [
                    0.0,
                    0.05263157933950424,
                    0.10526315867900848,
                    0.15789473056793213,
                    0.21052631735801697,
                    0.2631579041481018,
                    0.31578946113586426,
                    0.3684210479259491,
                    0.42105263471603394,
                    0.4736842215061188,
                    0.5263158082962036,
                    0.5789473652839661,
                    0.6315789222717285,
                    0.6842105388641357,
                    0.7368420958518982,
                    0.7894736528396606,
                    0.8421052694320679,
                    0.8947368264198303,
                    0.9473684430122375,
                    1.0
                ],
                "key_ys": [
                    0.6118602752685547,
                    0.5612426400184631,
                    0.6107184886932373,
                    0.6130617260932922,
                    0.6370012164115906,
                    0.652708113193512,
                    0.668289065361023,
                    0.7821148633956909,
                    0.5837354063987732,
                    0.5826296210289001,
                    0.5950838327407837,
                    0.5964657664299011,
                    0.588992714881897,
                    0.5733448266983032,
                    0.5705071687698364,
                    0.5543047189712524,
                    0.5674411654472351,
                    0.5372514724731445,
                    0.5319614410400391,
                    0.5258175134658813
                ],
                "key_ts": [
                    0.004284888971596956,
                    0.0075300694443285465,
                    0.005652263294905424,
                    -0.0006540531758219004,
                    0.0022679020185023546,
                    0.00246165762655437,
                    0.005715651903301477,
                    0.005127910058945417,
                    -0.003727759700268507,
                    0.0082632377743721,
                    -0.0023677118588238955,
                    -0.0012494985712692142,
                    -0.0029956449288874865,
                    -0.0003933472034987062,
                    -0.0029566665180027485,
                    -0.006299509201198816,
                    -0.004478922579437494,
                    -0.005331592634320259,
                    -0.004987308289855719,
                    -0.0007434757426381111
                ]
            },
            "optimizer_parameters": {
                "y_lr": 0.05,
                "t_lr": 0.05,
                "scheduler_step_size": 10,
                "scheduler_gamma": 0.99
            }
        },
        "thickness_spline": {
            "parameters": {
                "key_xs": [
                    0.0,
                    1.0
                ],
                "key_ys": [
                    0.0,
                    0.0
                ],
                "key_ts": [
                    0.0,
                    0.0
                ]
            },
            "optimizer_parameters": {
                "y_lr": 0,
                "t_lr": 0,
                "scheduler_step_size": 0,
                "scheduler_gamma": 0
            }
        },
        "uv_reshape_bb": {
            "uv": [
                0.3333333333333333,
                0.6666666666666666
            ],
            "size": [
                0.3333333333333333,
                0.3333333333333333
            ]
        }
    },
    "optimizer_parameters": {
        "uv_lr": 0.005,
        "dir_lr": 0.05,
        "scheduler_step_size": 10,
        "scheduler_gamma": 0.99
    }
}