{
    "parameters": {
        "start_uv": [
            0.09767350554466248,
            1.0001429319381714
        ],
        "end_uv": [
            0.47583574056625366,
            1.0005652904510498
        ],
        "start_dir": [
            0.5913973450660706
        ],
        "end_dir": [
            0.4829085171222687
        ],
        "init_height": 0.2,
        "sil_spline": {
            "parameters": {
                "key_xs": [
                    0.0,
                    0.05263157933950424,
                    0.10526315867900848,
                    0.15789473056793213,
                    0.21052631735801697,
                    0.2631579041481018,
                    0.31578946113586426,
                    0.3684210479259491,
                    0.42105263471603394,
                    0.4736842215061188,
                    0.5263158082962036,
                    0.5789473652839661,
                    0.6315789222717285,
                    0.6842105388641357,
                    0.7368420958518982,
                    0.7894736528396606,
                    0.8421052694320679,
                    0.8947368264198303,
                    0.9473684430122375,
                    1.0
                ],
                "key_ys": [
                    0.21735382080078125,
                    0.26679572463035583,
                    0.3201324939727783,
                    0.34277239441871643,
                    0.3745715916156769,
                    0.38849034905433655,
                    0.4237022399902344,
                    0.43557536602020264,
                    0.4555625021457672,
                    0.4424435794353485,
                    0.4748620390892029,
                    0.46510130167007446,
                    0.8017647862434387,
                    0.788412868976593,
                    0.6592632532119751,
                    0.5591506361961365,
                    0.5166811943054199,
                    0.5198270678520203,
                    0.401755690574646,
                    0.33656349778175354
                ],
                "key_ts": [
                    -0.005574549548327923,
                    0.007069816812872887,
                    0.00040977352182380855,
                    0.012957614846527576,
                    -0.005998979788273573,
                    0.011102184653282166,
                    0.0021332167088985443,
                    0.008068106137216091,
                    -0.006699847523123026,
                    0.007248663809150457,
                    0.008792150765657425,
                    -0.012764384038746357,
                    0.005949249491095543,
                    -0.006601018365472555,
                    0.01797989383339882,
                    -0.029223794117569923,
                    0.010885840281844139,
                    -0.011127392761409283,
                    0.01823190227150917,
                    -0.017861226573586464
                ]
            },
            "optimizer_parameters": {
                "y_lr": 0.05,
                "t_lr": 0.05,
                "scheduler_step_size": 10,
                "scheduler_gamma": 0.99
            }
        },
        "thickness_spline": {
            "parameters": {
                "key_xs": [
                    0.0,
                    0.1,
                    0.5,
                    0.9,
                    1.0
                ],
                "key_ys": [
                    0.0,
                    0.04,
                    0.05,
                    0.04,
                    0.0
                ],
                "key_ts": [
                    0.08,
                    0.02,
                    0.0,
                    -0.02,
                    -0.08
                ]
            },
            "optimizer_parameters": {
                "y_lr": 0.05,
                "t_lr": 0.05,
                "scheduler_step_size": 10,
                "scheduler_gamma": 0.99
            }
        }
    },
    "optimizer_parameters": {
        "uv_lr": 0.005,
        "dir_lr": 0.05,
        "scheduler_step_size": 10,
        "scheduler_gamma": 0.99
    }
}