{
    "parameters": {
        "grow_mode": "single_sided",
        "wave_angle": -1.0471975803375244,
        "start_uv": [
            0.33411842584609985,
            -0.0017831058939918876
        ],
        "end_uv": [
            0.251255065202713,
            -0.0015572375850751996
        ],
        "start_dir": [
            -1.7445042133331299
        ],
        "end_dir": [
            5.610513210296631
        ],
        "init_height": 0.2,
        "sil_spline": {
            "parameters": {
                "key_xs": [
                    0.0,
                    0.05263157933950424,
                    0.10526315867900848,
                    0.15789473056793213,
                    0.21052631735801697,
                    0.2631579041481018,
                    0.31578946113586426,
                    0.3684210479259491,
                    0.42105263471603394,
                    0.4736842215061188,
                    0.5263158082962036,
                    0.5789473652839661,
                    0.6315789222717285,
                    0.6842105388641357,
                    0.7368420958518982,
                    0.7894736528396606,
                    0.8421052694320679,
                    0.8947368264198303,
                    0.9473684430122375,
                    1.0
                ],
                "key_ys": [
                    -0.001543890917673707,
                    0.39601194858551025,
                    0.13657693564891815,
                    -0.023119768127799034,
                    -0.002613664837554097,
                    0.020369084551930428,
                    0.0288316048681736,
                    0.036343369632959366,
                    0.03658843785524368,
                    0.05217234417796135,
                    0.034019146114587784,
                    0.0022105432581156492,
                    -0.0029837049078196287,
                    -0.021703412756323814,
                    -0.021037893369793892,
                    -0.01968500204384327,
                    -0.0875844806432724,
                    -0.03154529631137848,
                    -0.023886969313025475,
                    -0.01231024507433176
                ],
                "key_ts": [
                    0.007738702464848757,
                    -0.030660804361104965,
                    0.023501642048358917,
                    -0.008746281266212463,
                    -0.0012908849166706204,
                    0.0015639965422451496,
                    0.0005628404906019568,
                    0.0027409172616899014,
                    -0.0010193859925493598,
                    0.0021578858140856028,
                    -0.002139260293915868,
                    -0.0018164290813729167,
                    -0.001164753339253366,
                    -0.0006235874607227743,
                    -0.001610803883522749,
                    0.007680957205593586,
                    0.0004202539857942611,
                    -0.0025518834590911865,
                    0.007630255073308945,
                    -0.005487652029842138
                ]
            },
            "optimizer_parameters": {
                "y_lr": 0.05,
                "t_lr": 0.05,
                "scheduler_step_size": 10,
                "scheduler_gamma": 0.99
            }
        },
        "thickness_spline": {
            "parameters": {
                "key_xs": [
                    0.0,
                    0.30000001192092896,
                    0.5,
                    0.699999988079071,
                    1.0
                ],
                "key_ys": [
                    0.0,
                    0.029999999329447746,
                    0.03999999910593033,
                    0.029999999329447746,
                    0.0
                ],
                "key_ts": [
                    0.05000000074505806,
                    0.009999999776482582,
                    0.0,
                    -0.009999999776482582,
                    -0.05000000074505806
                ]
            },
            "optimizer_parameters": {
                "y_lr": 0.05,
                "t_lr": 0.05,
                "scheduler_step_size": 10,
                "scheduler_gamma": 0.99
            }
        },
        "uv_reshape_bb": {
            "uv": [
                0.001953125,
                0.3352864583333333
            ],
            "size": [
                0.3138020833333333,
                0.3138020833333333
            ]
        }
    },
    "optimizer_parameters": {
        "uv_lr": 0.005,
        "dir_lr": 0.05,
        "scheduler_step_size": 10,
        "scheduler_gamma": 0.99
    }
}