{
    "parameters": {
        "grow_mode": "single_sided",
        "wave_angle": -1.0471975803375244,
        "start_uv": [
            -0.004251731093972921,
            -0.00010455580923007801
        ],
        "end_uv": [
            -0.004465293139219284,
            1.000003457069397
        ],
        "start_dir": [
            -0.06269751489162445
        ],
        "end_dir": [
            -2.2574081420898438
        ],
        "init_height": 0.2,
        "sil_spline": {
            "parameters": {
                "key_xs": [
                    0.0,
                    0.05263157933950424,
                    0.10526315867900848,
                    0.15789473056793213,
                    0.21052631735801697,
                    0.2631579041481018,
                    0.31578946113586426,
                    0.3684210479259491,
                    0.42105263471603394,
                    0.4736842215061188,
                    0.5263158082962036,
                    0.5789473652839661,
                    0.6315789222717285,
                    0.6842105388641357,
                    0.7368420958518982,
                    0.7894736528396606,
                    0.8421052694320679,
                    0.8947368264198303,
                    0.9473684430122375,
                    1.0
                ],
                "key_ys": [
                    0.1543712019920349,
                    0.13826923072338104,
                    0.14833053946495056,
                    0.15249642729759216,
                    0.1619614213705063,
                    0.1759888082742691,
                    0.20493240654468536,
                    0.2530413269996643,
                    0.3552394509315491,
                    0.8600842356681824,
                    0.10492907464504242,
                    0.013223073445260525,
                    0.06151237711310387,
                    0.05268058553338051,
                    -0.13403385877609253,
                    -0.19180329144001007,
                    -0.36156341433525085,
                    -0.6937792301177979,
                    -0.3343079090118408,
                    -0.25970104336738586
                ],
                "key_ts": [
                    -0.0029629322234541178,
                    0.0170033760368824,
                    -0.003134411759674549,
                    0.014754898846149445,
                    -0.0004311109660193324,
                    0.018538694828748703,
                    -0.023531313985586166,
                    0.02935568429529667,
                    -0.004528930876404047,
                    -0.019820326939225197,
                    -0.005812902934849262,
                    0.0013671072665601969,
                    0.00363566423766315,
                    -0.004609493538737297,
                    -0.004122898448258638,
                    0.009701482951641083,
                    0.0012988068629056215,
                    -0.0022653189953416586,
                    -0.030153624713420868,
                    0.013912506401538849
                ]
            },
            "optimizer_parameters": {
                "y_lr": 0.05,
                "t_lr": 0.05,
                "scheduler_step_size": 10,
                "scheduler_gamma": 0.99
            }
        },
        "thickness_spline": {
            "parameters": {
                "key_xs": [
                    0.0,
                    0.30000001192092896,
                    0.5,
                    0.699999988079071,
                    1.0
                ],
                "key_ys": [
                    0.0,
                    0.009999999776482582,
                    0.012000000104308128,
                    0.009999999776482582,
                    0.0
                ],
                "key_ts": [
                    0.009999999776482582,
                    0.0020000000949949026,
                    0.0,
                    -0.0020000000949949026,
                    -0.009999999776482582
                ]
            },
            "optimizer_parameters": {
                "y_lr": 0.05,
                "t_lr": 0.05,
                "scheduler_step_size": 10,
                "scheduler_gamma": 0.99
            }
        },
        "uv_reshape_bb": {
            "uv": [
                0.001953125,
                0.6686197916666666
            ],
            "size": [
                0.3138020833333333,
                0.3138020833333333
            ]
        }
    },
    "optimizer_parameters": {
        "uv_lr": 0.005,
        "dir_lr": 0.05,
        "scheduler_step_size": 10,
        "scheduler_gamma": 0.99
    }
}