{
    "parameters": {
        "grow_mode": "single_sided",
        "wave_angle": -1.0471975803375244,
        "start_uv": [
            0.3244699239730835,
            1.0024758577346802
        ],
        "end_uv": [
            0.38120511174201965,
            1.0000039339065552
        ],
        "start_dir": [
            -0.6559551954269409
        ],
        "end_dir": [
            -2.756380558013916
        ],
        "init_height": 0.2,
        "sil_spline": {
            "parameters": {
                "key_xs": [
                    0.0,
                    0.05263157933950424,
                    0.10526315867900848,
                    0.15789473056793213,
                    0.21052631735801697,
                    0.2631579041481018,
                    0.31578946113586426,
                    0.3684210479259491,
                    0.42105263471603394,
                    0.4736842215061188,
                    0.5263158082962036,
                    0.5789473652839661,
                    0.6315789222717285,
                    0.6842105388641357,
                    0.7368420958518982,
                    0.7894736528396606,
                    0.8421052694320679,
                    0.8947368264198303,
                    0.9473684430122375,
                    1.0
                ],
                "key_ys": [
                    0.16095741093158722,
                    0.14658747613430023,
                    0.14280225336551666,
                    0.13920804858207703,
                    0.1257542222738266,
                    0.11719779670238495,
                    0.1173212006688118,
                    0.1198144257068634,
                    -0.04685511067509651,
                    -0.03673555329442024,
                    -0.042862776666879654,
                    -0.03759040683507919,
                    -0.01734718680381775,
                    0.005745450966060162,
                    -0.09470123797655106,
                    -0.13940788805484772,
                    -0.16553756594657898,
                    -0.2218407392501831,
                    -0.03006494976580143,
                    -0.07349865138530731
                ],
                "key_ts": [
                    0.0022682095877826214,
                    0.007390949409455061,
                    -0.005543810781091452,
                    -0.001584229408763349,
                    0.004212765023112297,
                    -0.0021150237880647182,
                    0.0028261898551136255,
                    -0.001139261876232922,
                    0.00398417329415679,
                    -0.007096287328749895,
                    0.0024442521389573812,
                    0.00047580053796991706,
                    -0.0012684729881584644,
                    0.0025496447924524546,
                    -0.0026034601032733917,
                    -0.00015807509771548212,
                    -0.00016290142957586795,
                    -0.0006711004534736276,
                    -0.010265118442475796,
                    0.007638995535671711
                ]
            },
            "optimizer_parameters": {
                "y_lr": 0.05,
                "t_lr": 0.05,
                "scheduler_step_size": 10,
                "scheduler_gamma": 0.99
            }
        },
        "thickness_spline": {
            "parameters": {
                "key_xs": [
                    0.0,
                    0.10000000149011612,
                    0.5,
                    0.8999999761581421,
                    1.0
                ],
                "key_ys": [
                    0.0,
                    0.009999999776482582,
                    0.019999999552965164,
                    0.009999999776482582,
                    0.0
                ],
                "key_ts": [
                    0.019999999552965164,
                    0.009999999776482582,
                    0.0,
                    -0.009999999776482582,
                    -0.019999999552965164
                ]
            },
            "optimizer_parameters": {
                "y_lr": 0.05,
                "t_lr": 0.05,
                "scheduler_step_size": 10,
                "scheduler_gamma": 0.99
            }
        },
        "uv_reshape_bb": {
            "uv": [
                0.3352864583333333,
                0.001953125
            ],
            "size": [
                0.3138020833333333,
                0.3138020833333333
            ]
        }
    },
    "optimizer_parameters": {
        "uv_lr": 0.005,
        "dir_lr": 0.05,
        "scheduler_step_size": 10,
        "scheduler_gamma": 0.99
    }
}