{
    "parameters": {
        "grow_mode": "single_sided",
        "wave_angle": -1.0471975803375244,
        "start_uv": [
            0.4059305489063263,
            1.000280499458313
        ],
        "end_uv": [
            0.5835463404655457,
            1.0005135536193848
        ],
        "start_dir": [
            -0.20779484510421753
        ],
        "end_dir": [
            0.007256426848471165
        ],
        "init_height": 0.2,
        "sil_spline": {
            "parameters": {
                "key_xs": [
                    0.0,
                    0.05263157933950424,
                    0.10526315867900848,
                    0.15789473056793213,
                    0.21052631735801697,
                    0.2631579041481018,
                    0.31578946113586426,
                    0.3684210479259491,
                    0.42105263471603394,
                    0.4736842215061188,
                    0.5263158082962036,
                    0.5789473652839661,
                    0.6315789222717285,
                    0.6842105388641357,
                    0.7368420958518982,
                    0.7894736528396606,
                    0.8421052694320679,
                    0.8947368264198303,
                    0.9473684430122375,
                    1.0
                ],
                "key_ys": [
                    0.24451163411140442,
                    0.4367324113845825,
                    0.38544410467147827,
                    0.5007480978965759,
                    0.5234395265579224,
                    0.5947332382202148,
                    0.6199087500572205,
                    0.5797492861747742,
                    0.7219142317771912,
                    0.7219803929328918,
                    0.7157688140869141,
                    0.8079464435577393,
                    0.8332012891769409,
                    0.6213535070419312,
                    0.9107348322868347,
                    0.9352788329124451,
                    0.9511417746543884,
                    0.9199863076210022,
                    0.8207899928092957,
                    0.5558419823646545
                ],
                "key_ts": [
                    0.020151395350694656,
                    -0.011781757697463036,
                    0.00669031823053956,
                    -0.005108880344778299,
                    0.00919734500348568,
                    0.004217540379613638,
                    0.002546340227127075,
                    0.010085300542414188,
                    0.014487002044916153,
                    0.00892565492540598,
                    -0.007379542104899883,
                    0.0085562439635396,
                    0.0017237344291061163,
                    0.0019288196926936507,
                    0.00589193357154727,
                    -0.0014989478513598442,
                    -0.0013843228807672858,
                    -0.0049603888764977455,
                    -0.004783079493790865,
                    -0.0036357000935822725
                ]
            },
            "optimizer_parameters": {
                "y_lr": 0.05,
                "t_lr": 0.05,
                "scheduler_step_size": 10,
                "scheduler_gamma": 0.99
            }
        },
        "thickness_spline": {
            "parameters": {
                "key_xs": [
                    0.0,
                    0.10000000149011612,
                    0.5,
                    0.8999999761581421,
                    1.0
                ],
                "key_ys": [
                    0.0,
                    0.03999999910593033,
                    0.05000000074505806,
                    0.03999999910593033,
                    0.0
                ],
                "key_ts": [
                    0.07999999821186066,
                    0.019999999552965164,
                    0.0,
                    -0.019999999552965164,
                    -0.07999999821186066
                ]
            },
            "optimizer_parameters": {
                "y_lr": 0.05,
                "t_lr": 0.05,
                "scheduler_step_size": 10,
                "scheduler_gamma": 0.99
            }
        },
        "uv_reshape_bb": {
            "uv": [
                0.3352864583333333,
                0.3352864583333333
            ],
            "size": [
                0.3138020833333333,
                0.3138020833333333
            ]
        }
    },
    "optimizer_parameters": {
        "uv_lr": 0.005,
        "dir_lr": 0.05,
        "scheduler_step_size": 10,
        "scheduler_gamma": 0.99
    }
}