{
    "parameters": {
        "origin_xy": [
            -1.4573876857757568,
            0.23166808485984802
        ],
        "origin_z": 0.0,
        "length_x": 2.9306819438934326,
        "length_y": 0.0,
        "length_z": 0.0,
        "uv_reshape_bb": {
            "uv": [
                0.001953125,
                0.001953125
            ],
            "size": [
                0.3138020833333333,
                0.3138020833333333
            ]
        },
        "top_spline": {
            "parameters": {
                "key_xs": [
                    0.0,
                    0.05263157933950424,
                    0.10526315867900848,
                    0.15789473056793213,
                    0.21052631735801697,
                    0.2631579041481018,
                    0.31578946113586426,
                    0.3684210479259491,
                    0.42105263471603394,
                    0.4736842215061188,
                    0.5263158082962036,
                    0.5789473652839661,
                    0.6315789222717285,
                    0.6842105388641357,
                    0.7368420958518982,
                    0.7894736528396606,
                    0.8421052694320679,
                    0.8947368264198303,
                    0.9473684430122375,
                    1.0
                ],
                "key_ys": [
                    -0.010175302624702454,
                    -0.010477363131940365,
                    0.037818267941474915,
                    0.19995498657226562,
                    0.3203507959842682,
                    0.4390846788883209,
                    0.5388482809066772,
                    0.6153642535209656,
                    0.6935796141624451,
                    0.737267017364502,
                    0.7578770518302917,
                    0.7373606562614441,
                    0.6929616332054138,
                    0.6337674856185913,
                    0.5525393486022949,
                    0.431166410446167,
                    0.26328355073928833,
                    0.06901156157255173,
                    -0.09397026896476746,
                    0.020525172352790833
                ],
                "key_ts": [
                    -0.1125011146068573,
                    -0.014669062569737434,
                    0.22707873582839966,
                    0.25896552205085754,
                    0.10194036364555359,
                    0.20430032908916473,
                    0.2163601815700531,
                    0.12845052778720856,
                    0.20947934687137604,
                    0.021969720721244812,
                    -0.2693330943584442,
                    0.12846875190734863,
                    -0.16320081055164337,
                    -0.14144514501094818,
                    -0.20502915978431702,
                    -0.19026964902877808,
                    -0.1547553390264511,
                    -0.3120332360267639,
                    0.13646705448627472,
                    0.04529435932636261
                ]
            },
            "optimizer_parameters": {
                "y_lr": 0.05,
                "t_lr": 0.05,
                "scheduler_step_size": 10,
                "scheduler_gamma": 0.99
            }
        },
        "bottom_spline": {
            "parameters": {
                "key_xs": [
                    0.0,
                    0.05263157933950424,
                    0.10526315867900848,
                    0.15789473056793213,
                    0.21052631735801697,
                    0.2631579041481018,
                    0.31578946113586426,
                    0.3684210479259491,
                    0.42105263471603394,
                    0.4736842215061188,
                    0.5263158082962036,
                    0.5789473652839661,
                    0.6315789222717285,
                    0.6842105388641357,
                    0.7368420958518982,
                    0.7894736528396606,
                    0.8421052694320679,
                    0.8947368264198303,
                    0.9473684430122375,
                    1.0
                ],
                "key_ys": [
                    0.15543992817401886,
                    0.2296012043952942,
                    0.3582586646080017,
                    0.5514585971832275,
                    0.6900452375411987,
                    0.8010328412055969,
                    0.8789423704147339,
                    0.9477748870849609,
                    1.0094683170318604,
                    1.0552126169204712,
                    1.0726598501205444,
                    1.05328369140625,
                    1.0299791097640991,
                    0.9897973537445068,
                    0.9184769988059998,
                    0.8099770545959473,
                    0.6614863276481628,
                    0.4741973876953125,
                    0.22476807236671448,
                    -0.01994279772043228
                ],
                "key_ts": [
                    -0.05928468704223633,
                    -0.049566421657800674,
                    0.29850250482559204,
                    0.09854340553283691,
                    0.19977158308029175,
                    0.055617716163396835,
                    0.10142050683498383,
                    0.22489891946315765,
                    0.11422021687030792,
                    0.12104969471693039,
                    -0.2604218125343323,
                    0.048954933881759644,
                    -0.1494259238243103,
                    -0.1271306723356247,
                    -0.06941266357898712,
                    -0.19244301319122314,
                    -0.05752090737223625,
                    -0.19446144998073578,
                    -0.32119062542915344,
                    0.2048620581626892
                ]
            },
            "optimizer_parameters": {
                "y_lr": 0.05,
                "t_lr": 0.05,
                "scheduler_step_size": 10,
                "scheduler_gamma": 0.99
            }
        },
        "thickness_spline": {
            "parameters": {
                "key_xs": [
                    0.0,
                    0.10000000149011612,
                    0.20000000298023224,
                    0.30000001192092896,
                    0.4000000059604645,
                    0.6000000238418579,
                    0.699999988079071,
                    0.800000011920929,
                    0.8999999761581421,
                    1.0
                ],
                "key_ys": [
                    0.0,
                    0.6000000238418579,
                    0.75,
                    0.8299999833106995,
                    0.8999999761581421,
                    0.8500000238418579,
                    0.75,
                    0.6000000238418579,
                    0.4000000059604645,
                    0.0
                ],
                "key_ts": [
                    5.0,
                    4.0,
                    2.0,
                    1.0,
                    0.10000000149011612,
                    -0.10000000149011612,
                    -0.5,
                    -0.699999988079071,
                    -1.0,
                    -4.0
                ]
            },
            "optimizer_parameters": {
                "y_lr": 0.05,
                "t_lr": 0.05,
                "scheduler_step_size": 10,
                "scheduler_gamma": 0.99
            }
        },