{
    "parameters": {
        "grow_mode": "double_sided",
        "wave_angle": -1.2000000476837158,
        "start_uv": [
            0.5068413019180298,
            0.3104919493198395
        ],
        "end_uv": [
            0.5251103043556213,
            0.33011090755462646
        ],
        "start_dir": [
            -0.11143064498901367
        ],
        "end_dir": [
            -0.8485414385795593
        ],
        "init_height": 0.2,
        "sil_spline": {
            "parameters": {
                "key_xs": [
                    0.0,
                    0.05263157933950424,
                    0.10526315867900848,
                    0.15789473056793213,
                    0.21052631735801697,
                    0.2631579041481018,
                    0.31578946113586426,
                    0.3684210479259491,
                    0.42105263471603394,
                    0.4736842215061188,
                    0.5263158082962036,
                    0.5789473652839661,
                    0.6315789222717285,
                    0.6842105388641357,
                    0.7368420958518982,
                    0.7894736528396606,
                    0.8421052694320679,
                    0.8947368264198303,
                    0.9473684430122375,
                    1.0
                ],
                "key_ys": [
                    0.25148341059684753,
                    0.12876121699810028,
                    0.26466095447540283,
                    0.11359402537345886,
                    0.1557004153728485,
                    0.15159186720848083,
                    0.1306493580341339,
                    0.11918656527996063,
                    0.10485731810331345,
                    0.09153985232114792,
                    0.08346054702997208,
                    0.07775178551673889,
                    0.07470596581697464,
                    0.048650432378053665,
                    0.06242420896887779,
                    0.05723755061626434,
                    0.056369535624980927,
                    0.05496847257018089,
                    0.04119062051177025,
                    0.028181886300444603
                ],
                "key_ts": [
                    0.00043217750499024987,
                    0.015699755400419235,
                    0.0050084954127669334,
                    -0.003048685844987631,
                    0.00010138477955479175,
                    0.0015082326717674732,
                    0.0021937431301921606,
                    -0.002324177185073495,
                    0.0007069942657835782,
                    -0.00011525682202773169,
                    -0.0005133168888278306,
                    1.8482329323887825e-05,
                    -0.0013608412118628621,
                    -0.0006761231925338507,
                    0.0002455298963468522,
                    -0.0007365031633526087,
                    -0.001213539158925414,
                    7.648560858797282e-05,
                    -0.0013735551619902253,
                    0.0009740805253386497
                ]
            },
            "optimizer_parameters": {
                "y_lr": 0.05,
                "t_lr": 0.05,
                "scheduler_step_size": 10,
                "scheduler_gamma": 0.99
            }
        },
        "thickness_spline": {
            "parameters": {
                "key_xs": [
                    0.0,
                    0.30000001192092896,
                    0.5,
                    0.699999988079071,
                    1.0
                ],
                "key_ys": [
                    0.0,
                    0.009999999776482582,
                    0.013000000268220901,
                    0.009999999776482582,
                    0.0
                ],
                "key_ts": [
                    0.009999999776482582,
                    0.0020000000949949026,
                    0.0,
                    -0.0020000000949949026,
                    -0.009999999776482582
                ]
            },
            "optimizer_parameters": {
                "y_lr": 0.05,
                "t_lr": 0.05,
                "scheduler_step_size": 10,
                "scheduler_gamma": 0.99
            }
        },
        "uv_reshape_bb": {
            "uv": [
                0.3352864583333333,
                0.6686197916666666
            ],
            "size": [
                0.3138020833333333,
                0.3138020833333333
            ]
        }
    },
    "optimizer_parameters": {
        "uv_lr": 0.005,
        "dir_lr": 0.05,
        "scheduler_step_size": 10,
        "scheduler_gamma": 0.99
    }
}