{
    "parameters": {
        "grow_mode": "single_sided",
        "wave_angle": -1.0471975803375244,
        "start_uv": [
            0.5241929888725281,
            -0.003614720655605197
        ],
        "end_uv": [
            0.4466184377670288,
            -0.0028007016517221928
        ],
        "start_dir": [
            -0.01525746937841177
        ],
        "end_dir": [
            -1.4402217864990234
        ],
        "init_height": 0.2,
        "sil_spline": {
            "parameters": {
                "key_xs": [
                    0.0,
                    0.05263157933950424,
                    0.10526315867900848,
                    0.15789473056793213,
                    0.21052631735801697,
                    0.2631579041481018,
                    0.31578946113586426,
                    0.3684210479259491,
                    0.42105263471603394,
                    0.4736842215061188,
                    0.5263158082962036,
                    0.5789473652839661,
                    0.6315789222717285,
                    0.6842105388641357,
                    0.7368420958518982,
                    0.7894736528396606,
                    0.8421052694320679,
                    0.8947368264198303,
                    0.9473684430122375,
                    1.0
                ],
                "key_ys": [
                    0.03163815289735794,
                    0.061040982604026794,
                    0.27520665526390076,
                    0.6069182753562927,
                    0.855776309967041,
                    0.7222222685813904,
                    0.6017343997955322,
                    0.5036831498146057,
                    0.4164379835128784,
                    0.3250969350337982,
                    0.22825342416763306,
                    0.21381330490112305,
                    0.06297916173934937,
                    0.07002612948417664,
                    0.05606551468372345,
                    0.046059731394052505,
                    0.036814551800489426,
                    0.027061231434345245,
                    0.018185948953032494,
                    0.008223147131502628
                ],
                "key_ts": [
                    0.0007736016996204853,
                    0.005596499890089035,
                    0.003005494363605976,
                    0.013592025265097618,
                    0.004436167422682047,
                    -0.010981225408613682,
                    0.008917157538235188,
                    0.004032466560602188,
                    -0.02357752062380314,
                    0.011752796359360218,
                    -0.007232370786368847,
                    -0.005770623683929443,
                    0.0013904686784371734,
                    -0.008861756883561611,
                    -0.007125927601009607,
                    -0.0019047155510634184,
                    -0.0022298074327409267,
                    -0.005613123998045921,
                    0.0009868009947240353,
                    -0.0008386704139411449
                ]
            },
            "optimizer_parameters": {
                "y_lr": 0.05,
                "t_lr": 0.05,
                "scheduler_step_size": 10,
                "scheduler_gamma": 0.99
            }
        },
        "thickness_spline": {
            "parameters": {
                "key_xs": [
                    0.0,
                    1.0
                ],
                "key_ys": [
                    0.0,
                    0.0
                ],
                "key_ts": [
                    0.0,
                    0.0
                ]
            },
            "optimizer_parameters": {
                "y_lr": 0,
                "t_lr": 0,
                "scheduler_step_size": 0,
                "scheduler_gamma": 0
            }
        },
        "uv_reshape_bb": {
            "uv": [
                0.6686197916666666,
                0.001953125
            ],
            "size": [
                0.3138020833333333,
                0.3138020833333333
            ]
        }
    },
    "optimizer_parameters": {
        "uv_lr": 0.005,
        "dir_lr": 0.05,
        "scheduler_step_size": 10,
        "scheduler_gamma": 0.99
    }
}