{
    "parameters": {
        "grow_mode": "single_sided",
        "wave_angle": -1.0471975803375244,
        "start_uv": [
            0.43238142132759094,
            -0.0023621218279004097
        ],
        "end_uv": [
            0.020183414220809937,
            0.22854618728160858
        ],
        "start_dir": [
            -0.5709840059280396
        ],
        "end_dir": [
            0.4340699315071106
        ],
        "init_height": 0.2,
        "sil_spline": {
            "parameters": {
                "key_xs": [
                    0.0,
                    0.05263157933950424,
                    0.10526315867900848,
                    0.15789473056793213,
                    0.21052631735801697,
                    0.2631579041481018,
                    0.31578946113586426,
                    0.3684210479259491,
                    0.42105263471603394,
                    0.4736842215061188,
                    0.5263158082962036,
                    0.5789473652839661,
                    0.6315789222717285,
                    0.6842105388641357,
                    0.7368420958518982,
                    0.7894736528396606,
                    0.8421052694320679,
                    0.8947368264198303,
                    0.9473684430122375,
                    1.0
                ],
                "key_ys": [
                    0.2245367467403412,
                    0.2534795105457306,
                    0.3117743730545044,
                    0.3229551315307617,
                    0.3440457582473755,
                    0.34937334060668945,
                    0.34699469804763794,
                    0.36431071162223816,
                    0.35268452763557434,
                    0.3760795295238495,
                    0.3832606375217438,
                    0.3816128373146057,
                    0.37005046010017395,
                    0.352834016084671,
                    0.33380401134490967,
                    0.3035358190536499,
                    0.2714672088623047,
                    0.22481060028076172,
                    0.13514767587184906,
                    0.12012189626693726
                ],
                "key_ts": [
                    -7.024328806437552e-05,
                    0.0005303656216710806,
                    0.0010823302436619997,
                    -0.005002458579838276,
                    0.006649918854236603,
                    -0.007609970401972532,
                    0.005855724681168795,
                    -0.0030432206112891436,
                    -0.001664811046794057,
                    0.004326615482568741,
                    -0.010681851767003536,
                    0.009030248038470745,
                    -0.007837763987481594,
                    0.0036653156857937574,
                    -0.0009920275770127773,
                    -0.005226030480116606,
                    -0.0008828174322843552,
                    0.000317996134981513,
                    -0.0023750322870910168,
                    0.00020367327670101076
                ]
            },
            "optimizer_parameters": {
                "y_lr": 0.05,
                "t_lr": 0.05,
                "scheduler_step_size": 10,
                "scheduler_gamma": 0.99
            }
        },
        "thickness_spline": {
            "parameters": {
                "key_xs": [
                    0.0,
                    0.30000001192092896,
                    0.5,
                    0.699999988079071,
                    1.0
                ],
                "key_ys": [
                    0.0,
                    0.029999999329447746,
                    0.03999999910593033,
                    0.029999999329447746,
                    0.0
                ],
                "key_ts": [
                    0.05000000074505806,
                    0.009999999776482582,
                    0.0,
                    -0.009999999776482582,
                    -0.05000000074505806
                ]
            },
            "optimizer_parameters": {
                "y_lr": 0.05,
                "t_lr": 0.05,
                "scheduler_step_size": 10,
                "scheduler_gamma": 0.99
            }
        },
        "uv_reshape_bb": {
            "uv": [
                0.001953125,
                0.3352864583333333
            ],
            "size": [
                0.3138020833333333,
                0.3138020833333333
            ]
        }
    },
    "optimizer_parameters": {
        "uv_lr": 0.005,
        "dir_lr": 0.05,
        "scheduler_step_size": 10,
        "scheduler_gamma": 0.99
    }
}