{
    "parameters": {
        "grow_mode": "single_sided",
        "wave_angle": -1.0471975803375244,
        "start_uv": [
            -0.0033681541681289673,
            0.22712211310863495
        ],
        "end_uv": [
            -0.008729496039450169,
            1.005911111831665
        ],
        "start_dir": [
            0.3688674867153168
        ],
        "end_dir": [
            -2.7323131561279297
        ],
        "init_height": 0.2,
        "sil_spline": {
            "parameters": {
                "key_xs": [
                    0.0,
                    0.05263157933950424,
                    0.10526315867900848,
                    0.15789473056793213,
                    0.21052631735801697,
                    0.2631579041481018,
                    0.31578946113586426,
                    0.3684210479259491,
                    0.42105263471603394,
                    0.4736842215061188,
                    0.5263158082962036,
                    0.5789473652839661,
                    0.6315789222717285,
                    0.6842105388641357,
                    0.7368420958518982,
                    0.7894736528396606,
                    0.8421052694320679,
                    0.8947368264198303,
                    0.9473684430122375,
                    1.0
                ],
                "key_ys": [
                    0.6169001460075378,
                    0.4631307125091553,
                    0.33662015199661255,
                    0.2961975932121277,
                    0.28924325108528137,
                    0.29717132449150085,
                    0.3108994662761688,
                    0.8026143312454224,
                    0.1984049677848816,
                    0.14405789971351624,
                    -0.007838706485927105,
                    -0.034403350204229355,
                    -0.030567863956093788,
                    -0.017757901921868324,
                    -0.007819884456694126,
                    -0.009356234222650528,
                    -0.004587003495544195,
                    -0.025463910773396492,
                    -0.02386952005326748,
                    -0.021184056997299194
                ],
                "key_ts": [
                    0.006970892194658518,
                    -0.008935602381825447,
                    -0.0006924807676114142,
                    0.00011369599815225229,
                    -0.00357418623752892,
                    0.007973548956215382,
                    -0.007322452496737242,
                    -0.010041553527116776,
                    0.00733443908393383,
                    -0.0007877885946072638,
                    -0.00022474817524198443,
                    7.847957749618217e-05,
                    -6.281011883402243e-05,
                    -5.6063257943606004e-05,
                    7.140253728721291e-05,
                    5.2843475714325905e-05,
                    -0.00015099882148206234,
                    -8.642990724183619e-05,
                    -2.4728660719119944e-05,
                    0.0002700899203773588
                ]
            },
            "optimizer_parameters": {
                "y_lr": 0.05,
                "t_lr": 0.05,
                "scheduler_step_size": 10,
                "scheduler_gamma": 0.99
            }
        },
        "thickness_spline": {
            "parameters": {
                "key_xs": [
                    0.0,
                    0.30000001192092896,
                    0.5,
                    0.699999988079071,
                    1.0
                ],
                "key_ys": [
                    0.0,
                    0.009999999776482582,
                    0.012000000104308128,
                    0.009999999776482582,
                    0.0
                ],
                "key_ts": [
                    0.009999999776482582,
                    0.0020000000949949026,
                    0.0,
                    -0.0020000000949949026,
                    -0.009999999776482582
                ]
            },
            "optimizer_parameters": {
                "y_lr": 0.05,
                "t_lr": 0.05,
                "scheduler_step_size": 10,
                "scheduler_gamma": 0.99
            }
        },
        "uv_reshape_bb": {
            "uv": [
                0.001953125,
                0.6686197916666666
            ],
            "size": [
                0.3138020833333333,
                0.3138020833333333
            ]
        }
    },
    "optimizer_parameters": {
        "uv_lr": 0.005,
        "dir_lr": 0.05,
        "scheduler_step_size": 10,
        "scheduler_gamma": 0.99
    }
}