{
    "parameters": {
        "grow_mode": "single_sided",
        "wave_angle": -1.0471975803375244,
        "start_uv": [
            0.06021792069077492,
            0.9319120049476624
        ],
        "end_uv": [
            0.7435899376869202,
            1.000586748123169
        ],
        "start_dir": [
            0.3952457308769226
        ],
        "end_dir": [
            0.41519418358802795
        ],
        "init_height": 0.2,
        "sil_spline": {
            "parameters": {
                "key_xs": [
                    0.0,
                    0.05263157933950424,
                    0.10526315867900848,
                    0.15789473056793213,
                    0.21052631735801697,
                    0.2631579041481018,
                    0.31578946113586426,
                    0.3684210479259491,
                    0.42105263471603394,
                    0.4736842215061188,
                    0.5263158082962036,
                    0.5789473652839661,
                    0.6315789222717285,
                    0.6842105388641357,
                    0.7368420958518982,
                    0.7894736528396606,
                    0.8421052694320679,
                    0.8947368264198303,
                    0.9473684430122375,
                    1.0
                ],
                "key_ys": [
                    0.14767366647720337,
                    0.2619583010673523,
                    0.30728691816329956,
                    0.3215515613555908,
                    0.3245485723018646,
                    0.341530442237854,
                    0.3497726321220398,
                    0.37117740511894226,
                    0.3875545859336853,
                    0.40356871485710144,
                    0.3812883794307709,
                    0.3428781032562256,
                    0.30790460109710693,
                    0.2640644907951355,
                    0.23720645904541016,
                    0.20241893827915192,
                    0.14621329307556152,
                    0.10580574721097946,
                    0.1100136935710907,
                    0.06980325281620026
                ],
                "key_ts": [
                    0.0005240396712906659,
                    0.006322168745100498,
                    -0.008476885966956615,
                    0.006373129785060883,
                    -0.000469535356387496,
                    -0.009770514443516731,
                    0.003722965018823743,
                    -0.007433664053678513,
                    -0.007604319602251053,
                    -0.007493040524423122,
                    0.006300980690866709,
                    0.002861814806237817,
                    0.008009000681340694,
                    0.0010124263353645802,
                    0.006192146800458431,
                    -0.005733543075621128,
                    -0.0016810559900477529,
                    -0.009716236032545567,
                    0.0037055781576782465,
                    -0.001554412068799138
                ]
            },
            "optimizer_parameters": {
                "y_lr": 0.05,
                "t_lr": 0.05,
                "scheduler_step_size": 10,
                "scheduler_gamma": 0.99
            }
        },
        "thickness_spline": {
            "parameters": {
                "key_xs": [
                    0.0,
                    0.10000000149011612,
                    0.5,
                    0.8999999761581421,
                    1.0
                ],
                "key_ys": [
                    0.0,
                    0.03999999910593033,
                    0.05000000074505806,
                    0.03999999910593033,
                    0.0
                ],
                "key_ts": [
                    0.07999999821186066,
                    0.019999999552965164,
                    0.0,
                    -0.019999999552965164,
                    -0.07999999821186066
                ]
            },
            "optimizer_parameters": {
                "y_lr": 0.05,
                "t_lr": 0.05,
                "scheduler_step_size": 10,
                "scheduler_gamma": 0.99
            }
        },
        "uv_reshape_bb": {
            "uv": [
                0.3352864583333333,
                0.001953125
            ],
            "size": [
                0.3138020833333333,
                0.3138020833333333
            ]
        }
    },
    "optimizer_parameters": {
        "uv_lr": 0.005,
        "dir_lr": 0.05,
        "scheduler_step_size": 10,
        "scheduler_gamma": 0.99
    }
}