{
    "parameters": {
        "origin_xy": [
            -1.2462660074234009,
            0.010874764993786812
        ],
        "origin_z": 0.0,
        "length_x": 2.7292098999023438,
        "length_y": 0.0,
        "length_z": 0.0,
        "uv_reshape_bb": {
            "uv": [
                0.001953125,
                0.001953125
            ],
            "size": [
                0.3138020833333333,
                0.3138020833333333
            ]
        },
        "top_spline": {
            "parameters": {
                "key_xs": [
                    0.0,
                    0.05263157933950424,
                    0.10526315867900848,
                    0.15789473056793213,
                    0.21052631735801697,
                    0.2631579041481018,
                    0.31578946113586426,
                    0.3684210479259491,
                    0.42105263471603394,
                    0.4736842215061188,
                    0.5263158082962036,
                    0.5789473652839661,
                    0.6315789222717285,
                    0.6842105388641357,
                    0.7368420958518982,
                    0.7894736528396606,
                    0.8421052694320679,
                    0.8947368264198303,
                    0.9473684430122375,
                    1.0
                ],
                "key_ys": [
                    0.3022688925266266,
                    0.2666289806365967,
                    0.26124003529548645,
                    0.3735336363315582,
                    0.506589412689209,
                    0.5919159054756165,
                    0.6362820863723755,
                    0.6624472737312317,
                    0.6839808225631714,
                    0.7025241255760193,
                    0.7067222595214844,
                    0.6977797150611877,
                    0.6856671571731567,
                    0.6421093344688416,
                    0.5486873388290405,
                    0.42257460951805115,
                    0.26855847239494324,
                    0.09228374809026718,
                    -0.06340362131595612,
                    -0.20559808611869812
                ],
                "key_ts": [
                    -0.11020498722791672,
                    0.02682148665189743,
                    -0.06057877466082573,
                    0.32954373955726624,
                    0.02378900721669197,
                    0.21014663577079773,
                    0.10370233654975891,
                    0.003076856257393956,
                    0.013918411917984486,
                    0.27101531624794006,
                    0.06296927481889725,
                    -0.11202945560216904,
                    0.0502871610224247,
                    -0.2361893206834793,
                    -0.05440939962863922,
                    -0.20977097749710083,
                    -0.19250057637691498,
                    -0.2716793417930603,
                    -0.249628484249115,
                    0.22846835851669312
                ]
            },
            "optimizer_parameters": {
                "y_lr": 0.05,
                "t_lr": 0.05,
                "scheduler_step_size": 10,
                "scheduler_gamma": 0.99
            }
        },
        "bottom_spline": {
            "parameters": {
                "key_xs": [
                    0.0,
                    0.05263157933950424,
                    0.10526315867900848,
                    0.15789473056793213,
                    0.21052631735801697,
                    0.2631579041481018,
                    0.31578946113586426,
                    0.3684210479259491,
                    0.42105263471603394,
                    0.4736842215061188,
                    0.5263158082962036,
                    0.5789473652839661,
                    0.6315789222717285,
                    0.6842105388641357,
                    0.7368420958518982,
                    0.7894736528396606,
                    0.8421052694320679,
                    0.8947368264198303,
                    0.9473684430122375,
                    1.0
                ],
                "key_ys": [
                    -0.15822027623653412,
                    -0.12085852771997452,
                    -0.046421900391578674,
                    0.07817371934652328,
                    0.22374534606933594,
                    0.4211661219596863,
                    0.5329031348228455,
                    0.6110730767250061,
                    0.6884996891021729,
                    0.7440178990364075,
                    0.7556098699569702,
                    0.7549657225608826,
                    0.7277336716651917,
                    0.6677758693695068,
                    0.5962132811546326,
                    0.5221802592277527,
                    0.4465811848640442,
                    0.3637958765029907,
                    0.28693506121635437,
                    0.19459998607635498
                ],
                "key_ts": [
                    -0.14292293787002563,
                    0.11440078914165497,
                    0.12382280081510544,
                    0.2835244834423065,
                    0.15532557666301727,
                    0.2812656760215759,
                    0.02658509649336338,
                    0.23137353360652924,
                    0.19474969804286957,
                    -0.012467609718441963,
                    -0.10223881900310516,
                    0.004420249257236719,
                    -0.14304126799106598,
                    -0.15596836805343628,
                    -0.13445430994033813,
                    -0.18857210874557495,
                    -0.0996488407254219,
                    -0.18408972024917603,
                    -0.11172143369913101,
                    0.08162465691566467
                ]
            },
            "optimizer_parameters": {
                "y_lr": 0.05,
                "t_lr": 0.05,
                "scheduler_step_size": 10,
                "scheduler_gamma": 0.99
            }
        },
        "thickness_spline": {
            "parameters": {
                "key_xs": [
                    0.0,
                    0.10000000149011612,
                    0.20000000298023224,
                    0.30000001192092896,
                    0.4000000059604645,
                    0.6000000238418579,
                    0.699999988079071,
                    0.800000011920929,
                    0.8999999761581421,
                    1.0
                ],
                "key_ys": [
                    0.0,
                    0.6000000238418579,
                    0.75,
                    0.8299999833106995,
                    0.8999999761581421,
                    0.8500000238418579,
                    0.75,
                    0.6000000238418579,
                    0.4000000059604645,
                    0.0
                ],
                "key_ts": [
                    5.0,
                    4.0,
                    2.0,
                    1.0,
                    0.10000000149011612,
                    -0.10000000149011612,
                    -0.5,
                    -0.699999988079071,
                    -1.0,
                    -4.0
                ]
            },
            "optimizer_parameters": {
                "y_lr": 0.05,
                "t_lr": 0.05,
                "scheduler_step_size": 10,
                "scheduler_gamma": 0.99
            }
        },