{
    "parameters": {
        "grow_mode": "double_sided",
        "wave_angle": -1.2000000476837158,
        "start_uv": [
            0.6244201064109802,
            0.2767859399318695
        ],
        "end_uv": [
            0.6212731003761292,
            0.31008270382881165
        ],
        "start_dir": [
            0.7516204118728638
        ],
        "end_dir": [
            -0.6299149394035339
        ],
        "init_height": 0.2,
        "sil_spline": {
            "parameters": {
                "key_xs": [
                    0.0,
                    0.05263157933950424,
                    0.10526315867900848,
                    0.15789473056793213,
                    0.21052631735801697,
                    0.2631579041481018,
                    0.31578946113586426,
                    0.3684210479259491,
                    0.42105263471603394,
                    0.4736842215061188,
                    0.5263158082962036,
                    0.5789473652839661,
                    0.6315789222717285,
                    0.6842105388641357,
                    0.7368420958518982,
                    0.7894736528396606,
                    0.8421052694320679,
                    0.8947368264198303,
                    0.9473684430122375,
                    1.0
                ],
                "key_ys": [
                    0.1925782412290573,
                    0.26538124680519104,
                    0.33457058668136597,
                    0.34273502230644226,
                    0.3384941518306732,
                    0.33587056398391724,
                    0.3341463804244995,
                    0.33662137389183044,
                    0.33217549324035645,
                    0.32216933369636536,
                    0.3159390091896057,
                    0.3117041289806366,
                    0.3069099187850952,
                    0.31594738364219666,
                    0.30855345726013184,
                    0.3096020221710205,
                    0.31444767117500305,
                    0.31765225529670715,
                    0.36349937319755554,
                    0.2806124985218048
                ],
                "key_ts": [
                    0.00020163753652013838,
                    0.0018582415068522096,
                    0.007407182361930609,
                    -0.0069389911368489265,
                    0.00270400894805789,
                    0.0006634847377426922,
                    -0.0049398913979530334,
                    0.007386998273432255,
                    -0.009229956194758415,
                    0.0013202711706981063,
                    -0.0053052231669425964,
                    0.003063503187149763,
                    -0.007868191227316856,
                    0.009274554438889027,
                    -0.005694644525647163,
                    0.0007047592662274837,
                    0.0038556570652872324,
                    -0.005977872293442488,
                    0.0023379253689199686,
                    0.0011006890563294291
                ]
            },
            "optimizer_parameters": {
                "y_lr": 0.05,
                "t_lr": 0.05,
                "scheduler_step_size": 10,
                "scheduler_gamma": 0.99
            }
        },
        "thickness_spline": {
            "parameters": {
                "key_xs": [
                    0.0,
                    0.30000001192092896,
                    0.5,
                    0.699999988079071,
                    1.0
                ],
                "key_ys": [
                    0.0,
                    0.009999999776482582,
                    0.013000000268220901,
                    0.009999999776482582,
                    0.0
                ],
                "key_ts": [
                    0.009999999776482582,
                    0.0020000000949949026,
                    0.0,
                    -0.0020000000949949026,
                    -0.009999999776482582
                ]
            },
            "optimizer_parameters": {
                "y_lr": 0.05,
                "t_lr": 0.05,
                "scheduler_step_size": 10,
                "scheduler_gamma": 0.99
            }
        },
        "uv_reshape_bb": {
            "uv": [
                0.3352864583333333,
                0.3352864583333333
            ],
            "size": [
                0.3138020833333333,
                0.3138020833333333
            ]
        }
    },
    "optimizer_parameters": {
        "uv_lr": 0.005,
        "dir_lr": 0.05,
        "scheduler_step_size": 10,
        "scheduler_gamma": 0.99
    }
}