{
    "parameters": {
        "start_uv": [
            0.19480085372924805,
            0.0
        ],
        "end_uv": [
            0.09911854565143585,
            0.0
        ],
        "start_dir": [
            -0.32804954051971436
        ],
        "end_dir": [
            -1.8069666624069214
        ],
        "init_height": 0.2,
        "sil_spline": {
            "parameters": {
                "key_xs": [
                    0.0,
                    0.05263157933950424,
                    0.10526315867900848,
                    0.15789473056793213,
                    0.21052631735801697,
                    0.2631579041481018,
                    0.31578946113586426,
                    0.3684210479259491,
                    0.42105263471603394,
                    0.4736842215061188,
                    0.5263158082962036,
                    0.5789473652839661,
                    0.6315789222717285,
                    0.6842105388641357,
                    0.7368420958518982,
                    0.7894736528396606,
                    0.8421052694320679,
                    0.8947368264198303,
                    0.9473684430122375,
                    1.0
                ],
                "key_ys": [
                    0.0007907843682914972,
                    0.16242988407611847,
                    0.5759856700897217,
                    0.7282238006591797,
                    0.7169054746627808,
                    0.6647999882698059,
                    0.5634466409683228,
                    0.4985538721084595,
                    0.3979998826980591,
                    0.3823927938938141,
                    0.13326549530029297,
                    0.09704041481018066,
                    0.09329906851053238,
                    0.046470098197460175,
                    0.042948540300130844,
                    0.042785096913576126,
                    0.0291591789573431,
                    -0.023806722834706306,
                    0.03381267189979553,
                    0.018612639978528023
                ],
                "key_ts": [
                    -1.3148794174194336,
                    -3.640641927719116,
                    3.6501851081848145,
                    3.854962110519409,
                    -2.145186424255371,
                    -1.5555813312530518,
                    -1.2515188455581665,
                    -0.8727064728736877,
                    -3.1108012199401855,
                    1.0337547063827515,
                    -1.0906225442886353,
                    -1.6507927179336548,
                    0.19396977126598358,
                    -0.056572429835796356,
                    -0.18212173879146576,
                    -0.24135182797908783,
                    0.05765146762132645,
                    0.08631768077611923,
                    -0.24800780415534973,
                    -0.3040902614593506
                ]
            },
            "optimizer_parameters": {
                "y_lr": 0.05,
                "t_lr": 0.05,
                "scheduler_step_size": 10,
                "scheduler_gamma": 0.99
            }
        }
    },
    "optimizer_parameters": {
        "uv_lr": 0.005,
        "dir_lr": 0.05,
        "scheduler_step_size": 10,
        "scheduler_gamma": 0.99
    }
}