{
    "parameters": {
        "start_uv": [
            0.0,
            -0.00012407424219418317
        ],
        "end_uv": [
            0.0,
            1.0000126361846924
        ],
        "start_dir": [
            0.856842041015625
        ],
        "end_dir": [
            -0.6085489392280579
        ],
        "init_height": 0.2,
        "sil_spline": {
            "parameters": {
                "key_xs": [
                    0.0,
                    0.05263157933950424,
                    0.10526315867900848,
                    0.15789473056793213,
                    0.21052631735801697,
                    0.2631579041481018,
                    0.31578946113586426,
                    0.3684210479259491,
                    0.42105263471603394,
                    0.4736842215061188,
                    0.5263158082962036,
                    0.5789473652839661,
                    0.6315789222717285,
                    0.6842105388641357,
                    0.7368420958518982,
                    0.7894736528396606,
                    0.8421052694320679,
                    0.8947368264198303,
                    0.9473684430122375,
                    1.0
                ],
                "key_ys": [
                    0.024021554738283157,
                    0.059030674397945404,
                    1.170060634613037,
                    1.400118350982666,
                    1.590070128440857,
                    1.8145766258239746,
                    1.7059897184371948,
                    1.380490779876709,
                    1.009159803390503,
                    0.7531036138534546,
                    0.6116835474967957,
                    0.48580196499824524,
                    1.1908068656921387,
                    1.4883732795715332,
                    1.7001091241836548,
                    1.87311851978302,
                    1.5912179946899414,
                    1.2468645572662354,
                    0.3688969910144806,
                    0.02491992898285389
                ],
                "key_ts": [
                    -1.0654395818710327,
                    4.599044322967529,
                    1.162068486213684,
                    0.6677032113075256,
                    1.8566596508026123,
                    1.5593637228012085,
                    -6.743860721588135,
                    -5.147670269012451,
                    -3.827061653137207,
                    -2.952529191970825,
                    -1.6035383939743042,
                    -6.607458114624023,
                    6.849292755126953,
                    3.0084805488586426,
                    3.371824264526367,
                    -0.3525327444076538,
                    -3.269348621368408,
                    -2.9537036418914795,
                    -4.693983554840088,
                    1.6070302724838257
                ]
            },
            "optimizer_parameters": {
                "y_lr": 0.05,
                "t_lr": 0.05,
                "scheduler_step_size": 10,
                "scheduler_gamma": 0.99
            }
        }
    },
    "optimizer_parameters": {
        "uv_lr": 0.005,
        "dir_lr": 0.05,
        "scheduler_step_size": 10,
        "scheduler_gamma": 0.99
    }
}