{
    "parameters": {
        "start_uv": [
            0.09764931350946426,
            1.0
        ],
        "end_uv": [
            0.4757896661758423,
            1.0
        ],
        "start_dir": [
            0.714246928691864
        ],
        "end_dir": [
            0.3951890468597412
        ],
        "init_height": 0.2,
        "sil_spline": {
            "parameters": {
                "key_xs": [
                    0.0,
                    0.05263157933950424,
                    0.10526315867900848,
                    0.15789473056793213,
                    0.21052631735801697,
                    0.2631579041481018,
                    0.31578946113586426,
                    0.3684210479259491,
                    0.42105263471603394,
                    0.4736842215061188,
                    0.5263158082962036,
                    0.5789473652839661,
                    0.6315789222717285,
                    0.6842105388641357,
                    0.7368420958518982,
                    0.7894736528396606,
                    0.8421052694320679,
                    0.8947368264198303,
                    0.9473684430122375,
                    1.0
                ],
                "key_ys": [
                    -0.050072476267814636,
                    0.25504615902900696,
                    0.3025461733341217,
                    0.3362457752227783,
                    0.3663012981414795,
                    0.4005664885044098,
                    0.41860219836235046,
                    0.4415360391139984,
                    0.4553264081478119,
                    0.44658583402633667,
                    0.4706387519836426,
                    0.45744770765304565,
                    0.6032220125198364,
                    0.7641015648841858,
                    0.6411523222923279,
                    0.41817182302474976,
                    0.5752107501029968,
                    0.46018943190574646,
                    0.3689430356025696,
                    0.05758792161941528
                ],
                "key_ts": [
                    -0.81895911693573,
                    -0.8826178908348083,
                    1.3313387632369995,
                    -0.6455357670783997,
                    0.18318147957324982,
                    -0.2640288174152374,
                    0.6707402467727661,
                    0.9116870164871216,
                    -0.6405607461929321,
                    1.3564859628677368,
                    1.0210459232330322,
                    -0.40385177731513977,
                    9.69567584991455,
                    -5.859294414520264,
                    -8.24601936340332,
                    1.554724097251892,
                    0.771413266658783,
                    0.4896009564399719,
                    0.026576608419418335,
                    0.6876562833786011
                ]
            },
            "optimizer_parameters": {
                "y_lr": 0.05,
                "t_lr": 0.05,
                "scheduler_step_size": 10,
                "scheduler_gamma": 0.99
            }
        }
    },
    "optimizer_parameters": {
        "uv_lr": 0.005,
        "dir_lr": 0.05,
        "scheduler_step_size": 10,
        "scheduler_gamma": 0.99
    }
}