{
    "parameters": {
        "start_uv": [
            0.5436737537384033,
            0.3391319215297699
        ],
        "end_uv": [
            0.5404239296913147,
            0.4586262106895447
        ],
        "start_dir": [
            0.09895363450050354
        ],
        "end_dir": [
            -1.575526475906372
        ],
        "init_height": 0.2,
        "sil_spline": {
            "parameters": {
                "key_xs": [
                    0.0,
                    0.05263157933950424,
                    0.10526315867900848,
                    0.15789473056793213,
                    0.21052631735801697,
                    0.2631579041481018,
                    0.31578946113586426,
                    0.3684210479259491,
                    0.42105263471603394,
                    0.4736842215061188,
                    0.5263158082962036,
                    0.5789473652839661,
                    0.6315789222717285,
                    0.6842105388641357,
                    0.7368420958518982,
                    0.7894736528396606,
                    0.8421052694320679,
                    0.8947368264198303,
                    0.9473684430122375,
                    1.0
                ],
                "key_ys": [
                    0.23147663474082947,
                    0.23752786219120026,
                    0.2822544574737549,
                    0.3285874128341675,
                    0.3690430819988251,
                    0.4207265377044678,
                    0.4686228632926941,
                    0.3657834529876709,
                    0.24308520555496216,
                    0.12913204729557037,
                    0.10402528941631317,
                    0.11463049054145813,
                    0.09900355339050293,
                    0.08919860422611237,
                    0.05578982084989548,
                    0.04721137508749962,
                    0.05312133952975273,
                    0.013078082352876663,
                    0.03408141806721687,
                    0.028014399111270905
                ],
                "key_ts": [
                    -1.731430172920227,
                    1.0255132913589478,
                    0.81107497215271,
                    1.3158397674560547,
                    0.3360237777233124,
                    1.1794201135635376,
                    0.6780619621276855,
                    -0.34444618225097656,
                    -1.218327522277832,
                    0.23000721633434296,
                    -0.30537211894989014,
                    -0.30813121795654297,
                    -0.10595440119504929,
                    -0.04072777181863785,
                    -0.1596916764974594,
                    -0.009843066334724426,
                    -0.09337803721427917,
                    -0.22917158901691437,
                    -0.12015460431575775,
                    -0.25663328170776367
                ]
            },
            "optimizer_parameters": {
                "y_lr": 0.05,
                "t_lr": 0.05,
                "scheduler_step_size": 10,
                "scheduler_gamma": 0.99
            }
        }
    },
    "optimizer_parameters": {
        "uv_lr": 0.005,
        "dir_lr": 0.05,
        "scheduler_step_size": 10,
        "scheduler_gamma": 0.99
    }
}