{
    "parameters": {
        "start_uv": [
            0.5162668824195862,
            0.04196237772703171
        ],
        "end_uv": [
            0.500420331954956,
            0.06401431560516357
        ],
        "start_dir": [
            -0.0841064453125
        ],
        "end_dir": [
            -1.1175678968429565
        ],
        "init_height": 0.2,
        "sil_spline": {
            "parameters": {
                "key_xs": [
                    0.0,
                    0.05263157933950424,
                    0.10526315867900848,
                    0.15789473056793213,
                    0.21052631735801697,
                    0.2631579041481018,
                    0.31578946113586426,
                    0.3684210479259491,
                    0.42105263471603394,
                    0.4736842215061188,
                    0.5263158082962036,
                    0.5789473652839661,
                    0.6315789222717285,
                    0.6842105388641357,
                    0.7368420958518982,
                    0.7894736528396606,
                    0.8421052694320679,
                    0.8947368264198303,
                    0.9473684430122375,
                    1.0
                ],
                "key_ys": [
                    0.2036973088979721,
                    0.28738412261009216,
                    0.36455589532852173,
                    0.46101149916648865,
                    0.5710558295249939,
                    0.6561200022697449,
                    0.775648295879364,
                    1.102170467376709,
                    1.0901013612747192,
                    1.0717977285385132,
                    0.9872625470161438,
                    0.914700448513031,
                    0.8366727232933044,
                    0.7629987001419067,
                    0.6972313523292542,
                    0.3186480402946472,
                    0.24331006407737732,
                    0.19379326701164246,
                    0.1626472771167755,
                    0.16062869131565094
                ],
                "key_ts": [
                    -1.2533222436904907,
                    2.2911856174468994,
                    1.358994722366333,
                    1.2929575443267822,
                    1.542877197265625,
                    1.5428521633148193,
                    0.9827106595039368,
                    -3.011852264404297,
                    -0.7042732834815979,
                    0.8987387418746948,
                    -0.6220498085021973,
                    -1.0468766689300537,
                    -1.1161679029464722,
                    -1.0030642747879028,
                    0.8057013154029846,
                    -3.057868480682373,
                    -0.5255699753761292,
                    -0.43181344866752625,
                    -0.35635751485824585,
                    0.06656625121831894
                ]
            },
            "optimizer_parameters": {
                "y_lr": 0.05,
                "t_lr": 0.05,
                "scheduler_step_size": 10,
                "scheduler_gamma": 0.99
            }
        }
    },
    "optimizer_parameters": {
        "uv_lr": 0.005,
        "dir_lr": 0.05,
        "scheduler_step_size": 10,
        "scheduler_gamma": 0.99
    }
}