{
    "parameters": {
        "grow_mode": "single_sided",
        "wave_angle": -1.0471975803375244,
        "start_uv": [
            0.3341091573238373,
            -0.0017288546077907085
        ],
        "end_uv": [
            0.2529259920120239,
            -0.0015263233799487352
        ],
        "start_dir": [
            -1.090191125869751
        ],
        "end_dir": [
            -1.4942129850387573
        ],
        "init_height": 0.2,
        "sil_spline": {
            "parameters": {
                "key_xs": [
                    0.0,
                    0.05263157933950424,
                    0.10526315867900848,
                    0.15789473056793213,
                    0.21052631735801697,
                    0.2631579041481018,
                    0.31578946113586426,
                    0.3684210479259491,
                    0.42105263471603394,
                    0.4736842215061188,
                    0.5263158082962036,
                    0.5789473652839661,
                    0.6315789222717285,
                    0.6842105388641357,
                    0.7368420958518982,
                    0.7894736528396606,
                    0.8421052694320679,
                    0.8947368264198303,
                    0.9473684430122375,
                    1.0
                ],
                "key_ys": [
                    0.17479215562343597,
                    0.18448249995708466,
                    0.18761557340621948,
                    0.19947095215320587,
                    0.2055228054523468,
                    0.2085731476545334,
                    0.22763831913471222,
                    0.23834267258644104,
                    0.24862661957740784,
                    0.28712552785873413,
                    0.21652324497699738,
                    0.19973447918891907,
                    0.18675470352172852,
                    0.17541922628879547,
                    0.16703182458877563,
                    0.15711696445941925,
                    0.14838488399982452,
                    0.14318343997001648,
                    0.13405917584896088,
                    0.12583020329475403
                ],
                "key_ts": [
                    -0.0018632025457918644,
                    0.007749833166599274,
                    -0.018573027104139328,
                    0.006777868140488863,
                    0.00446351757273078,
                    0.0018894990207627416,
                    0.0006160669727250934,
                    -0.0016022195341065526,
                    0.006860058289021254,
                    0.021495051681995392,
                    -0.021836919710040092,
                    -0.008096640929579735,
                    -0.012664062902331352,
                    -0.011579186655580997,
                    -0.00306101911701262,
                    -0.005777615588158369,
                    -0.010571962222456932,
                    -0.002486059907823801,
                    -0.004280544351786375,
                    1.894190972961951e-05
                ]
            },
            "optimizer_parameters": {
                "y_lr": 0.05,
                "t_lr": 0.05,
                "scheduler_step_size": 10,
                "scheduler_gamma": 0.99
            }
        },
        "thickness_spline": {
            "parameters": {
                "key_xs": [
                    0.0,
                    0.30000001192092896,
                    0.5,
                    0.699999988079071,
                    1.0
                ],
                "key_ys": [
                    0.0,
                    0.029999999329447746,
                    0.03999999910593033,
                    0.029999999329447746,
                    0.0
                ],
                "key_ts": [
                    0.05000000074505806,
                    0.009999999776482582,
                    0.0,
                    -0.009999999776482582,
                    -0.05000000074505806
                ]
            },
            "optimizer_parameters": {
                "y_lr": 0.05,
                "t_lr": 0.05,
                "scheduler_step_size": 10,
                "scheduler_gamma": 0.99
            }
        },
        "uv_reshape_bb": {
            "uv": [
                0.0,
                0.3333333333333333
            ],
            "size": [
                0.3138020833333333,
                0.3138020833333333
            ]
        }
    },
    "optimizer_parameters": {
        "uv_lr": 0.005,
        "dir_lr": 0.05,
        "scheduler_step_size": 10,
        "scheduler_gamma": 0.99
    }
}