{
    "parameters": {
        "grow_mode": "single_sided",
        "wave_angle": -1.0471975803375244,
        "start_uv": [
            -0.002717540832236409,
            -1.1382565389794763e-05
        ],
        "end_uv": [
            -0.001418675878085196,
            1.000149130821228
        ],
        "start_dir": [
            1.0089114904403687
        ],
        "end_dir": [
            1.1010146141052246
        ],
        "init_height": 0.2,
        "sil_spline": {
            "parameters": {
                "key_xs": [
                    0.0,
                    0.05263157933950424,
                    0.10526315867900848,
                    0.15789473056793213,
                    0.21052631735801697,
                    0.2631579041481018,
                    0.31578946113586426,
                    0.3684210479259491,
                    0.42105263471603394,
                    0.4736842215061188,
                    0.5263158082962036,
                    0.5789473652839661,
                    0.6315789222717285,
                    0.6842105388641357,
                    0.7368420958518982,
                    0.7894736528396606,
                    0.8421052694320679,
                    0.8947368264198303,
                    0.9473684430122375,
                    1.0
                ],
                "key_ys": [
                    0.5645254850387573,
                    0.5603421926498413,
                    0.5739285945892334,
                    0.5845392942428589,
                    0.5997248888015747,
                    0.5969361662864685,
                    0.6068942546844482,
                    0.6196668744087219,
                    0.6437624096870422,
                    0.6470784544944763,
                    0.6538982391357422,
                    0.6732126474380493,
                    0.6794523596763611,
                    0.6821353435516357,
                    0.6958553194999695,
                    0.7055260539054871,
                    0.7175562977790833,
                    0.7231357097625732,
                    0.7320145964622498,
                    0.754612386226654
                ],
                "key_ts": [
                    0.0028105094097554684,
                    -0.0006330892210826278,
                    0.005937367677688599,
                    -0.0018799842800945044,
                    0.000883959059137851,
                    0.004260971210896969,
                    0.0003222164523322135,
                    0.006480546202510595,
                    0.006431512534618378,
                    0.007926997728645802,
                    -0.0029574627988040447,
                    0.001482902909629047,
                    0.002555283484980464,
                    -0.006080350372940302,
                    0.013959183357656002,
                    -0.007897932082414627,
                    0.010155863128602505,
                    0.0031904957722872496,
                    -0.004090535454452038,
                    -0.00412312988191843
                ]
            },
            "optimizer_parameters": {
                "y_lr": 0.05,
                "t_lr": 0.05,
                "scheduler_step_size": 10,
                "scheduler_gamma": 0.99
            }
        },
        "thickness_spline": {
            "parameters": {
                "key_xs": [
                    0.0,
                    0.30000001192092896,
                    0.5,
                    0.699999988079071,
                    1.0
                ],
                "key_ys": [
                    0.0,
                    0.009999999776482582,
                    0.012000000104308128,
                    0.009999999776482582,
                    0.0
                ],
                "key_ts": [
                    0.009999999776482582,
                    0.0020000000949949026,
                    0.0,
                    -0.0020000000949949026,
                    -0.009999999776482582
                ]
            },
            "optimizer_parameters": {
                "y_lr": 0.05,
                "t_lr": 0.05,
                "scheduler_step_size": 10,
                "scheduler_gamma": 0.99
            }
        },
        "uv_reshape_bb": {
            "uv": [
                0.0,
                0.6666666666666666
            ],
            "size": [
                0.3138020833333333,
                0.3138020833333333
            ]
        }
    },
    "optimizer_parameters": {
        "uv_lr": 0.005,
        "dir_lr": 0.05,
        "scheduler_step_size": 10,
        "scheduler_gamma": 0.99
    }
}