{
    "parameters": {
        "grow_mode": "single_sided",
        "wave_angle": -1.0471975803375244,
        "start_uv": [
            0.324395090341568,
            1.001291275024414
        ],
        "end_uv": [
            0.3812028169631958,
            1.0003376007080078
        ],
        "start_dir": [
            -0.42290180921554565
        ],
        "end_dir": [
            0.6947563290596008
        ],
        "init_height": 0.2,
        "sil_spline": {
            "parameters": {
                "key_xs": [
                    0.0,
                    0.05263157933950424,
                    0.10526315867900848,
                    0.15789473056793213,
                    0.21052631735801697,
                    0.2631579041481018,
                    0.31578946113586426,
                    0.3684210479259491,
                    0.42105263471603394,
                    0.4736842215061188,
                    0.5263158082962036,
                    0.5789473652839661,
                    0.6315789222717285,
                    0.6842105388641357,
                    0.7368420958518982,
                    0.7894736528396606,
                    0.8421052694320679,
                    0.8947368264198303,
                    0.9473684430122375,
                    1.0
                ],
                "key_ys": [
                    0.16554449498653412,
                    0.16270633041858673,
                    0.15977896749973297,
                    0.15811459720134735,
                    0.15738807618618011,
                    0.1574152112007141,
                    0.1541721522808075,
                    0.16212981939315796,
                    0.17033672332763672,
                    0.16598042845726013,
                    0.18491780757904053,
                    0.17738990485668182,
                    0.19382412731647491,
                    0.20461569726467133,
                    0.2032877802848816,
                    0.21306638419628143,
                    0.21939875185489655,
                    0.22769799828529358,
                    0.22862651944160461,
                    0.23720590770244598
                ],
                "key_ts": [
                    0.005697221495211124,
                    0.002170783467590809,
                    -0.01491616666316986,
                    0.002966582775115967,
                    0.003962620161473751,
                    0.005349151324480772,
                    0.008903906680643559,
                    0.004844989627599716,
                    -0.0038096983917057514,
                    0.0036171956453472376,
                    0.0048247575759887695,
                    0.005059125833213329,
                    0.002007893519476056,
                    0.005022287834435701,
                    -0.0014588147168979049,
                    -0.007950126193463802,
                    0.003580852411687374,
                    0.004008459392935038,
                    -0.006510086823254824,
                    -0.0029661853332072496
                ]
            },
            "optimizer_parameters": {
                "y_lr": 0.05,
                "t_lr": 0.05,
                "scheduler_step_size": 10,
                "scheduler_gamma": 0.99
            }
        },
        "thickness_spline": {
            "parameters": {
                "key_xs": [
                    0.0,
                    0.10000000149011612,
                    0.5,
                    0.8999999761581421,
                    1.0
                ],
                "key_ys": [
                    0.0,
                    0.03999999910593033,
                    0.05000000074505806,
                    0.03999999910593033,
                    0.0
                ],
                "key_ts": [
                    0.07999999821186066,
                    0.019999999552965164,
                    0.0,
                    -0.019999999552965164,
                    -0.07999999821186066
                ]
            },
            "optimizer_parameters": {
                "y_lr": 0.05,
                "t_lr": 0.05,
                "scheduler_step_size": 10,
                "scheduler_gamma": 0.99
            }
        },
        "uv_reshape_bb": {
            "uv": [
                0.3333333333333333,
                0.0
            ],
            "size": [
                0.3138020833333333,
                0.3138020833333333
            ]
        }
    },
    "optimizer_parameters": {
        "uv_lr": 0.005,
        "dir_lr": 0.05,
        "scheduler_step_size": 10,
        "scheduler_gamma": 0.99
    }
}