{
    "parameters": {
        "grow_mode": "single_sided",
        "wave_angle": -1.0471975803375244,
        "start_uv": [
            0.4059296250343323,
            1.0033538341522217
        ],
        "end_uv": [
            0.5835728645324707,
            1.0033472776412964
        ],
        "start_dir": [
            -0.3056483566761017
        ],
        "end_dir": [
            0.013849098235368729
        ],
        "init_height": 0.2,
        "sil_spline": {
            "parameters": {
                "key_xs": [
                    0.0,
                    0.05263157933950424,
                    0.10526315867900848,
                    0.15789473056793213,
                    0.21052631735801697,
                    0.2631579041481018,
                    0.31578946113586426,
                    0.3684210479259491,
                    0.42105263471603394,
                    0.4736842215061188,
                    0.5263158082962036,
                    0.5789473652839661,
                    0.6315789222717285,
                    0.6842105388641357,
                    0.7368420958518982,
                    0.7894736528396606,
                    0.8421052694320679,
                    0.8947368264198303,
                    0.9473684430122375,
                    1.0
                ],
                "key_ys": [
                    0.45726457238197327,
                    0.5373409390449524,
                    0.5492677688598633,
                    0.6499699950218201,
                    0.6071808338165283,
                    0.7182106971740723,
                    0.7314964532852173,
                    0.7308180332183838,
                    0.720867395401001,
                    0.8187693357467651,
                    0.8286601305007935,
                    0.8226838707923889,
                    0.8157328367233276,
                    0.9145374894142151,
                    0.9254851341247559,
                    0.9424492716789246,
                    0.9287349581718445,
                    0.9005813002586365,
                    0.8187283277511597,
                    0.6457843780517578
                ],
                "key_ts": [
                    0.016884995624423027,
                    -0.01609727181494236,
                    0.009183530695736408,
                    -0.006139957346022129,
                    0.006905075162649155,
                    0.0011722247581928968,
                    0.001754444558173418,
                    -0.005610412452369928,
                    0.005951527040451765,
                    0.01638524979352951,
                    -0.006512695457786322,
                    0.008961600251495838,
                    -0.004206821322441101,
                    0.009859676472842693,
                    -0.0020744053181260824,
                    -0.005534746218472719,
                    0.0004986367421224713,
                    -0.0010670677293092012,
                    -0.0016149330185726285,
                    -0.005255977623164654
                ]
            },
            "optimizer_parameters": {
                "y_lr": 0.05,
                "t_lr": 0.05,
                "scheduler_step_size": 10,
                "scheduler_gamma": 0.99
            }
        },
        "thickness_spline": {
            "parameters": {
                "key_xs": [
                    0.0,
                    0.10000000149011612,
                    0.5,
                    0.8999999761581421,
                    1.0
                ],
                "key_ys": [
                    0.0,
                    0.03999999910593033,
                    0.05000000074505806,
                    0.03999999910593033,
                    0.0
                ],
                "key_ts": [
                    0.07999999821186066,
                    0.019999999552965164,
                    0.0,
                    -0.019999999552965164,
                    -0.07999999821186066
                ]
            },
            "optimizer_parameters": {
                "y_lr": 0.05,
                "t_lr": 0.05,
                "scheduler_step_size": 10,
                "scheduler_gamma": 0.99
            }
        },
        "uv_reshape_bb": {
            "uv": [
                0.3333333333333333,
                0.3333333333333333
            ],
            "size": [
                0.3138020833333333,
                0.3138020833333333
            ]
        }
    },
    "optimizer_parameters": {
        "uv_lr": 0.005,
        "dir_lr": 0.05,
        "scheduler_step_size": 10,
        "scheduler_gamma": 0.99
    }
}