{
    "parameters": {
        "origin_xy": [
            -1.4573869705200195,
            0.23081117868423462
        ],
        "origin_z": 0.0,
        "length_x": 2.930668354034424,
        "length_y": 0.0,
        "length_z": 0.0,
        "uv_reshape_bb": {
            "uv": [
                0.0,
                0.0
            ],
            "size": [
                0.3138020833333333,
                0.3138020833333333
            ]
        },
        "top_spline": {
            "parameters": {
                "key_xs": [
                    0.0,
                    0.05263157933950424,
                    0.10526315867900848,
                    0.15789473056793213,
                    0.21052631735801697,
                    0.2631579041481018,
                    0.31578946113586426,
                    0.3684210479259491,
                    0.42105263471603394,
                    0.4736842215061188,
                    0.5263158082962036,
                    0.5789473652839661,
                    0.6315789222717285,
                    0.6842105388641357,
                    0.7368420958518982,
                    0.7894736528396606,
                    0.8421052694320679,
                    0.8947368264198303,
                    0.9473684430122375,
                    1.0
                ],
                "key_ys": [
                    -0.008245152421295643,
                    -0.009510083124041557,
                    0.039044808596372604,
                    0.20111657679080963,
                    0.3215046525001526,
                    0.4401686489582062,
                    0.5399488806724548,
                    0.616411566734314,
                    0.6945905089378357,
                    0.7382596731185913,
                    0.7588284015655518,
                    0.738349199295044,
                    0.6939732432365417,
                    0.6348153948783875,
                    0.5536544322967529,
                    0.4322928488254547,
                    0.26447534561157227,
                    0.07018826901912689,
                    -0.09236857295036316,
                    0.02184123545885086
                ],
                "key_ts": [
                    -0.121568962931633,
                    -0.008606996387243271,
                    0.2251245230436325,
                    0.25835126638412476,
                    0.10119637101888657,
                    0.2048414796590805,
                    0.21701784431934357,
                    0.12828510999679565,
                    0.20932874083518982,
                    0.022771790623664856,
                    -0.26999542117118835,
                    0.1260659098625183,
                    -0.16323548555374146,
                    -0.14132605493068695,
                    -0.2037430852651596,
                    -0.19034388661384583,
                    -0.15368036925792694,
                    -0.314913809299469,
                    0.14304985105991364,
                    0.044971685856580734
                ]
            },
            "optimizer_parameters": {
                "y_lr": 0.05,
                "t_lr": 0.05,
                "scheduler_step_size": 10,
                "scheduler_gamma": 0.99
            }
        },
        "bottom_spline": {
            "parameters": {
                "key_xs": [
                    0.0,
                    0.05263157933950424,
                    0.10526315867900848,
                    0.15789473056793213,
                    0.21052631735801697,
                    0.2631579041481018,
                    0.31578946113586426,
                    0.3684210479259491,
                    0.42105263471603394,
                    0.4736842215061188,
                    0.5263158082962036,
                    0.5789473652839661,
                    0.6315789222717285,
                    0.6842105388641357,
                    0.7368420958518982,
                    0.7894736528396606,
                    0.8421052694320679,
                    0.8947368264198303,
                    0.9473684430122375,
                    1.0
                ],
                "key_ys": [
                    0.15543417632579803,
                    0.22886285185813904,
                    0.3577660024166107,
                    0.5509006977081299,
                    0.6893899440765381,
                    0.8003526329994202,
                    0.8782501220703125,
                    0.9470710754394531,
                    1.0087075233459473,
                    1.0544826984405518,
                    1.071913480758667,
                    1.0525236129760742,
                    1.0292285680770874,
                    0.9890530109405518,
                    0.9177513122558594,
                    0.809346616268158,
                    0.660873532295227,
                    0.4736020863056183,
                    0.22464945912361145,
                    -0.01950647123157978
                ],
                "key_ts": [
                    -0.06711762398481369,
                    -0.046070411801338196,
                    0.2990143895149231,
                    0.09691151976585388,
                    0.1988656222820282,
                    0.053587205708026886,
                    0.09686733782291412,
                    0.23209458589553833,
                    0.11162545531988144,
                    0.12312494963407516,
                    -0.2528449296951294,
                    0.052459996193647385,
                    -0.14430785179138184,
                    -0.12424105405807495,
                    -0.0680406466126442,
                    -0.1913110464811325,
                    -0.05530732125043869,
                    -0.1939184069633484,
                    -0.31949254870414734,
                    0.20381465554237366
                ]
            },
            "optimizer_parameters": {
                "y_lr": 0.05,
                "t_lr": 0.05,
                "scheduler_step_size": 10,
                "scheduler_gamma": 0.99
            }
        },
        "thickness_spline": {
            "parameters": {
                "key_xs": [
                    0.0,
                    0.10000000149011612,
                    0.20000000298023224,
                    0.30000001192092896,
                    0.4000000059604645,
                    0.6000000238418579,
                    0.699999988079071,
                    0.800000011920929,
                    0.8999999761581421,
                    1.0
                ],
                "key_ys": [
                    0.0,
                    0.6000000238418579,
                    0.75,
                    0.8299999833106995,
                    0.8999999761581421,
                    0.8500000238418579,
                    0.75,
                    0.6000000238418579,
                    0.4000000059604645,
                    0.0
                ],
                "key_ts": [
                    5.0,
                    4.0,
                    2.0,
                    1.0,
                    0.10000000149011612,
                    -0.10000000149011612,
                    -0.5,
                    -0.699999988079071,
                    -1.0,
                    -4.0
                ]
            },
            "optimizer_parameters": {
                "y_lr": 0.05,
                "t_lr": 0.05,
                "scheduler_step_size": 10,
                "scheduler_gamma": 0.99
            }
        },
        "stream_spline": {
            "parameters": {
                "key_xs": [
                    0.0,
                    0.10000000149011612,
                    0.20000000298023224,
                    0.30000001192092896,
                    0.4000000059604645,
                    0.6000000238418579,
                    0.699999988079071,
                    0.800000011920929,
                    0.8999999761581421,
                    1.0
                ],