{
    "parameters": {
        "grow_mode": "double_sided",
        "wave_angle": -1.2000000476837158,
        "start_uv": [
            0.5068569183349609,
            0.31052714586257935
        ],
        "end_uv": [
            0.5251249074935913,
            0.330105185508728
        ],
        "start_dir": [
            -0.17464199662208557
        ],
        "end_dir": [
            0.09174497425556183
        ],
        "init_height": 0.2,
        "sil_spline": {
            "parameters": {
                "key_xs": [
                    0.0,
                    0.05263157933950424,
                    0.10526315867900848,
                    0.15789473056793213,
                    0.21052631735801697,
                    0.2631579041481018,
                    0.31578946113586426,
                    0.3684210479259491,
                    0.42105263471603394,
                    0.4736842215061188,
                    0.5263158082962036,
                    0.5789473652839661,
                    0.6315789222717285,
                    0.6842105388641357,
                    0.7368420958518982,
                    0.7894736528396606,
                    0.8421052694320679,
                    0.8947368264198303,
                    0.9473684430122375,
                    1.0
                ],
                "key_ys": [
                    0.2601175606250763,
                    0.25494086742401123,
                    0.25600558519363403,
                    0.2555781304836273,
                    0.2563585638999939,
                    0.2568526268005371,
                    0.2568918466567993,
                    0.2571905851364136,
                    0.27554869651794434,
                    0.2759087085723877,
                    0.28093692660331726,
                    0.29063209891319275,
                    0.2738358974456787,
                    0.28302615880966187,
                    0.2814042866230011,
                    0.301160991191864,
                    0.3125244379043579,
                    0.30731385946273804,
                    0.3099081516265869,
                    0.32113561034202576
                ],
                "key_ts": [
                    0.00105095945764333,
                    0.00914167519658804,
                    0.0002945333835668862,
                    0.004999969154596329,
                    0.003342503448948264,
                    -0.0020703263580799103,
                    0.0023606440518051386,
                    0.0026603643782436848,
                    0.0003271155001129955,
                    0.0044257622212171555,
                    -0.004025236237794161,
                    -0.0020398276392370462,
                    0.004303951747715473,
                    -0.007541463244706392,
                    -0.017654895782470703,
                    0.011191612109541893,
                    -0.0023337663151323795,
                    -0.0020565141458064318,
                    -0.010511287488043308,
                    -0.003979128785431385
                ]
            },
            "optimizer_parameters": {
                "y_lr": 0.05,
                "t_lr": 0.05,
                "scheduler_step_size": 10,
                "scheduler_gamma": 0.99
            }
        },
        "thickness_spline": {
            "parameters": {
                "key_xs": [
                    0.0,
                    0.30000001192092896,
                    0.5,
                    0.699999988079071,
                    1.0
                ],
                "key_ys": [
                    0.0,
                    0.009999999776482582,
                    0.013000000268220901,
                    0.009999999776482582,
                    0.0
                ],
                "key_ts": [
                    0.009999999776482582,
                    0.0020000000949949026,
                    0.0,
                    -0.0020000000949949026,
                    -0.009999999776482582
                ]
            },
            "optimizer_parameters": {
                "y_lr": 0.05,
                "t_lr": 0.05,
                "scheduler_step_size": 10,
                "scheduler_gamma": 0.99
            }
        },
        "uv_reshape_bb": {
            "uv": [
                0.3333333333333333,
                0.6666666666666666
            ],
            "size": [
                0.3138020833333333,
                0.3138020833333333
            ]
        }
    },
    "optimizer_parameters": {
        "uv_lr": 0.005,
        "dir_lr": 0.05,
        "scheduler_step_size": 10,
        "scheduler_gamma": 0.99
    }
}