{
    "parameters": {
        "grow_mode": "single_sided",
        "wave_angle": -1.0471975803375244,
        "start_uv": [
            0.5241947770118713,
            -0.0028081510681658983
        ],
        "end_uv": [
            0.44665396213531494,
            -0.002085926942527294
        ],
        "start_dir": [
            -0.27050453424453735
        ],
        "end_dir": [
            -0.27548453211784363
        ],
        "init_height": 0.2,
        "sil_spline": {
            "parameters": {
                "key_xs": [
                    0.0,
                    0.05263157933950424,
                    0.10526315867900848,
                    0.15789473056793213,
                    0.21052631735801697,
                    0.2631579041481018,
                    0.31578946113586426,
                    0.3684210479259491,
                    0.42105263471603394,
                    0.4736842215061188,
                    0.5263158082962036,
                    0.5789473652839661,
                    0.6315789222717285,
                    0.6842105388641357,
                    0.7368420958518982,
                    0.7894736528396606,
                    0.8421052694320679,
                    0.8947368264198303,
                    0.9473684430122375,
                    1.0
                ],
                "key_ys": [
                    0.49074044823646545,
                    0.5551137924194336,
                    0.6148033738136292,
                    0.664584755897522,
                    0.7279143929481506,
                    0.7572428584098816,
                    0.7830745577812195,
                    0.8316543698310852,
                    0.8037198781967163,
                    0.774280846118927,
                    0.7463931441307068,
                    0.7200254797935486,
                    0.6580224633216858,
                    0.6492838263511658,
                    0.6352676749229431,
                    0.5697312355041504,
                    0.5378162860870361,
                    0.49801498651504517,
                    0.47297412157058716,
                    0.46337056159973145
                ],
                "key_ts": [
                    0.0059472499415278435,
                    -0.002177593996748328,
                    0.0073783244006335735,
                    0.0007013132562860847,
                    0.0005792921292595565,
                    0.007114963605999947,
                    0.002982633886858821,
                    0.010492561385035515,
                    -0.00478674890473485,
                    -0.009428268298506737,
                    -0.0022827100474387407,
                    -0.010877322405576706,
                    0.003098876914009452,
                    -0.0019383737817406654,
                    -0.01459332276135683,
                    -0.0013965974794700742,
                    -0.00564406905323267,
                    0.004643664229661226,
                    -0.004224008414894342,
                    -0.002463155658915639
                ]
            },
            "optimizer_parameters": {
                "y_lr": 0.05,
                "t_lr": 0.05,
                "scheduler_step_size": 10,
                "scheduler_gamma": 0.99
            }
        },
        "thickness_spline": {
            "parameters": {
                "key_xs": [
                    0.0,
                    1.0
                ],
                "key_ys": [
                    0.0,
                    0.0
                ],
                "key_ts": [
                    0.0,
                    0.0
                ]
            },
            "optimizer_parameters": {
                "y_lr": 0,
                "t_lr": 0,
                "scheduler_step_size": 0,
                "scheduler_gamma": 0
            }
        },
        "uv_reshape_bb": {
            "uv": [
                0.6666666666666666,
                0.0
            ],
            "size": [
                0.3138020833333333,
                0.3138020833333333
            ]
        }
    },
    "optimizer_parameters": {
        "uv_lr": 0.005,
        "dir_lr": 0.05,
        "scheduler_step_size": 10,
        "scheduler_gamma": 0.99
    }
}