{
    "parameters": {
        "start_uv": [
            1.0009021759033203,
            0.0
        ],
        "end_uv": [
            0.16711774468421936,
            0.0
        ],
        "start_dir": [
            -0.3202552795410156
        ],
        "end_dir": [
            -0.8800434470176697
        ],
        "init_height": 0.2,
        "sil_spline": {
            "parameters": {
                "key_xs": [
                    0.0,
                    0.05263157933950424,
                    0.10526315867900848,
                    0.15789473056793213,
                    0.21052631735801697,
                    0.2631579041481018,
                    0.31578946113586426,
                    0.3684210479259491,
                    0.42105263471603394,
                    0.4736842215061188,
                    0.5263158082962036,
                    0.5789473652839661,
                    0.6315789222717285,
                    0.6842105388641357,
                    0.7368420958518982,
                    0.7894736528396606,
                    0.8421052694320679,
                    0.8947368264198303,
                    0.9473684430122375,
                    1.0
                ],
                "key_ys": [
                    0.10258935391902924,
                    -0.010109735652804375,
                    -0.009255543351173401,
                    -0.008234133943915367,
                    -0.007022778037935495,
                    -0.007080442737787962,
                    -0.00907799694687128,
                    -0.011379556730389595,
                    -0.01058038417249918,
                    -0.013399518094956875,
                    -0.014443461783230305,
                    -0.014838502742350101,
                    -0.017427632585167885,
                    -0.020066503435373306,
                    -0.020254332572221756,
                    -0.018500028178095818,
                    -0.01566665805876255,
                    -0.024653268977999687,
                    0.8321318030357361,
                    0.6272125244140625
                ],
                "key_ts": [
                    -5.474278926849365,
                    2.262777805328369,
                    0.9440733790397644,
                    0.3228175938129425,
                    0.22154253721237183,
                    0.11830464750528336,
                    0.011713575571775436,
                    0.0883796364068985,
                    -0.053502440452575684,
                    -0.057540975511074066,
                    -0.029513966292142868,
                    -0.14324532449245453,
                    0.028812799602746964,
                    0.057773932814598083,
                    -0.014386020600795746,
                    0.025922004133462906,
                    0.7251348495483398,
                    1.4966609477996826,
                    0.6579517722129822,
                    -6.372783660888672
                ]
            },
            "optimizer_parameters": {
                "y_lr": 0.05,
                "t_lr": 0.05,
                "scheduler_step_size": 20,
                "scheduler_gamma": 0.99
            }
        }
    },
    "optimizer_parameters": {
        "uv_lr": 0.005,
        "dir_lr": 0.005,
        "scheduler_step_size": 20,
        "scheduler_gamma": 0.99
    }
}