{
    "parameters": {
        "start_uv": [
            0.0,
            0.24865305423736572
        ],
        "end_uv": [
            0.0,
            0.8940849900245667
        ],
        "start_dir": [
            0.7682281136512756
        ],
        "end_dir": [
            -0.4846622049808502
        ],
        "init_height": 0.2,
        "sil_spline": {
            "parameters": {
                "key_xs": [
                    0.0,
                    0.05263157933950424,
                    0.10526315867900848,
                    0.15789473056793213,
                    0.21052631735801697,
                    0.2631579041481018,
                    0.31578946113586426,
                    0.3684210479259491,
                    0.42105263471603394,
                    0.4736842215061188,
                    0.5263158082962036,
                    0.5789473652839661,
                    0.6315789222717285,
                    0.6842105388641357,
                    0.7368420958518982,
                    0.7894736528396606,
                    0.8421052694320679,
                    0.8947368264198303,
                    0.9473684430122375,
                    1.0
                ],
                "key_ys": [
                    0.9517213702201843,
                    1.2253179550170898,
                    1.4436873197555542,
                    1.6019783020019531,
                    1.7917442321777344,
                    1.8583155870437622,
                    1.6060644388198853,
                    1.3142151832580566,
                    0.9948478937149048,
                    0.7728939056396484,
                    0.6528876423835754,
                    0.5989022254943848,
                    0.7740942239761353,
                    1.3856489658355713,
                    1.5748082399368286,
                    1.749563217163086,
                    1.916382908821106,
                    1.6997734308242798,
                    1.4215558767318726,
                    0.8855550289154053
                ],
                "key_ts": [
                    -1.164108395576477,
                    3.855787754058838,
                    -0.05000372976064682,
                    1.170210361480713,
                    3.0582683086395264,
                    -2.7491493225097656,
                    -6.142258167266846,
                    -7.481838226318359,
                    -4.287604331970215,
                    -2.8434298038482666,
                    -1.9413087368011475,
                    -1.088342547416687,
                    10.668924331665039,
                    -1.3253505229949951,
                    0.5247113108634949,
                    2.4886577129364014,
                    2.503176689147949,
                    -0.756291925907135,
                    0.7412145137786865,
                    -5.456796169281006
                ]
            },
            "optimizer_parameters": {
                "y_lr": 0.05,
                "t_lr": 0.05,
                "scheduler_step_size": 20,
                "scheduler_gamma": 0.99
            }
        }
    },
    "optimizer_parameters": {
        "uv_lr": 0.005,
        "dir_lr": 0.005,
        "scheduler_step_size": 20,
        "scheduler_gamma": 0.99
    }
}