{
    "parameters": {
        "start_uv": [
            0.07014613598585129,
            1.0
        ],
        "end_uv": [
            0.46284157037734985,
            1.0
        ],
        "start_dir": [
            0.13451038300991058
        ],
        "end_dir": [
            -0.4140463173389435
        ],
        "init_height": 0.2,
        "sil_spline": {
            "parameters": {
                "key_xs": [
                    0.0,
                    0.05263157933950424,
                    0.10526315867900848,
                    0.15789473056793213,
                    0.21052631735801697,
                    0.2631579041481018,
                    0.31578946113586426,
                    0.3684210479259491,
                    0.42105263471603394,
                    0.4736842215061188,
                    0.5263158082962036,
                    0.5789473652839661,
                    0.6315789222717285,
                    0.6842105388641357,
                    0.7368420958518982,
                    0.7894736528396606,
                    0.8421052694320679,
                    0.8947368264198303,
                    0.9473684430122375,
                    1.0
                ],
                "key_ys": [
                    0.4818083941936493,
                    0.24045825004577637,
                    0.32886573672294617,
                    0.36065104603767395,
                    0.3803252875804901,
                    0.48548248410224915,
                    0.683802604675293,
                    0.6562914252281189,
                    0.6296058297157288,
                    0.6106966137886047,
                    0.533855676651001,
                    0.5212898254394531,
                    0.4670775830745697,
                    0.43095171451568604,
                    0.4194992184638977,
                    0.3562440872192383,
                    0.24802741408348083,
                    0.20886419713497162,
                    0.1270609050989151,
                    0.06572847068309784
                ],
                "key_ts": [
                    -6.746288776397705,
                    4.413702011108398,
                    -0.13799142837524414,
                    -0.4260110557079315,
                    -2.3163466453552246,
                    3.1996350288391113,
                    -1.3305606842041016,
                    -0.7054881453514099,
                    -0.11379549652338028,
                    -1.4990512132644653,
                    -0.7195571660995483,
                    -0.301850289106369,
                    -0.9946309924125671,
                    -0.34271541237831116,
                    0.4432913661003113,
                    0.608984112739563,
                    0.7812570333480835,
                    0.2730422914028168,
                    -1.3961206674575806,
                    -0.9207735657691956
                ]
            },
            "optimizer_parameters": {
                "y_lr": 0.05,
                "t_lr": 0.05,
                "scheduler_step_size": 20,
                "scheduler_gamma": 0.99
            }
        }
    },
    "optimizer_parameters": {
        "uv_lr": 0.005,
        "dir_lr": 0.005,
        "scheduler_step_size": 20,
        "scheduler_gamma": 0.99
    }
}