{
    "parameters": {
        "start_uv": [
            0.5176267027854919,
            0.24952416121959686
        ],
        "end_uv": [
            0.5630539059638977,
            0.429747998714447
        ],
        "start_dir": [
            -0.10115755349397659
        ],
        "end_dir": [
            0.2614705264568329
        ],
        "init_height": 0.2,
        "sil_spline": {
            "parameters": {
                "key_xs": [
                    0.0,
                    0.05263157933950424,
                    0.10526315867900848,
                    0.15789473056793213,
                    0.21052631735801697,
                    0.2631579041481018,
                    0.31578946113586426,
                    0.3684210479259491,
                    0.42105263471603394,
                    0.4736842215061188,
                    0.5263158082962036,
                    0.5789473652839661,
                    0.6315789222717285,
                    0.6842105388641357,
                    0.7368420958518982,
                    0.7894736528396606,
                    0.8421052694320679,
                    0.8947368264198303,
                    0.9473684430122375,
                    1.0
                ],
                "key_ys": [
                    0.7186711430549622,
                    0.35469046235084534,
                    0.4399154484272003,
                    0.43955254554748535,
                    0.44599586725234985,
                    0.4453461468219757,
                    0.44774991273880005,
                    0.4401521682739258,
                    0.44776907563209534,
                    0.4528302550315857,
                    0.46206530928611755,
                    0.46929460763931274,
                    0.4749213457107544,
                    0.48228347301483154,
                    0.477622389793396,
                    0.4907493591308594,
                    0.49202799797058105,
                    0.4922592341899872,
                    0.5024724006652832,
                    0.5078533291816711
                ],
                "key_ts": [
                    -6.923478126525879,
                    7.357381820678711,
                    0.2782723009586334,
                    0.13133560121059418,
                    0.029300061985850334,
                    0.03559732437133789,
                    0.023373879492282867,
                    0.06515621393918991,
                    0.23109453916549683,
                    0.020684098824858665,
                    0.028208008036017418,
                    -0.018740395084023476,
                    0.023375045508146286,
                    -6.454566755564883e-05,
                    -0.028715010732412338,
                    -0.3493777811527252,
                    -0.46143636107444763,
                    -0.18833553791046143,
                    -0.2712749242782593,
                    -0.026825595647096634
                ]
            },
            "optimizer_parameters": {
                "y_lr": 0.05,
                "t_lr": 0.05,
                "scheduler_step_size": 20,
                "scheduler_gamma": 0.99
            }
        }
    },
    "optimizer_parameters": {
        "uv_lr": 0.005,
        "dir_lr": 0.005,
        "scheduler_step_size": 20,
        "scheduler_gamma": 0.99
    }
}