{
    "parameters": {
        "start_uv": [
            1.005590558052063,
            0.0
        ],
        "end_uv": [
            0.4490434527397156,
            0.0
        ],
        "start_dir": [
            -0.13729898631572723
        ],
        "end_dir": [
            -1.179043173789978
        ],
        "init_height": 0.2,
        "sil_spline": {
            "parameters": {
                "key_xs": [
                    0.0,
                    0.05263157933950424,
                    0.10526315867900848,
                    0.15789473056793213,
                    0.21052631735801697,
                    0.2631579041481018,
                    0.31578946113586426,
                    0.3684210479259491,
                    0.42105263471603394,
                    0.4736842215061188,
                    0.5263158082962036,
                    0.5789473652839661,
                    0.6315789222717285,
                    0.6842105388641357,
                    0.7368420958518982,
                    0.7894736528396606,
                    0.8421052694320679,
                    0.8947368264198303,
                    0.9473684430122375,
                    1.0
                ],
                "key_ys": [
                    0.10738179087638855,
                    -0.006712601985782385,
                    -0.004587027244269848,
                    -0.002683704486116767,
                    -0.011087537743151188,
                    -0.01650821603834629,
                    -0.012239450588822365,
                    0.0011379722272977233,
                    -0.03153156489133835,
                    -0.03518570959568024,
                    -0.03342888876795769,
                    -0.034268077462911606,
                    -0.03327242657542229,
                    -0.020558174699544907,
                    -0.008052009157836437,
                    -0.035890113562345505,
                    1.0822476148605347,
                    1.027636170387268,
                    0.8948467969894409,
                    0.6446151733398438
                ],
                "key_ts": [
                    -5.46011209487915,
                    2.1529974937438965,
                    0.9644783139228821,
                    0.21670001745224,
                    0.3587808609008789,
                    -0.12587764859199524,
                    -0.17842493951320648,
                    0.02064839005470276,
                    -0.00027637911261990666,
                    -0.08626692742109299,
                    -0.12289868295192719,
                    0.025722136721014977,
                    0.0636933445930481,
                    0.07245485484600067,
                    0.6165744066238403,
                    1.0045902729034424,
                    -0.13260193169116974,
                    -2.039074182510376,
                    4.296189785003662,
                    -6.182101726531982
                ]
            },
            "optimizer_parameters": {
                "y_lr": 0.05,
                "t_lr": 0.05,
                "scheduler_step_size": 20,
                "scheduler_gamma": 0.99
            }
        }
    },
    "optimizer_parameters": {
        "uv_lr": 0.005,
        "dir_lr": 0.005,
        "scheduler_step_size": 20,
        "scheduler_gamma": 0.99
    }
}