{
    "parameters": {
        "grow_mode": "single_sided",
        "wave_angle": -1.0471975803375244,
        "start_uv": [
            0.4306368827819824,
            -0.0011533154174685478
        ],
        "end_uv": [
            0.020075684413313866,
            -0.0007553018513135612
        ],
        "start_dir": [
            -0.5675265789031982
        ],
        "end_dir": [
            0.32126614451408386
        ],
        "init_height": 0.2,
        "sil_spline": {
            "parameters": {
                "key_xs": [
                    0.0,
                    0.05263157933950424,
                    0.10526315867900848,
                    0.15789473056793213,
                    0.21052631735801697,
                    0.2631579041481018,
                    0.31578946113586426,
                    0.3684210479259491,
                    0.42105263471603394,
                    0.4736842215061188,
                    0.5263158082962036,
                    0.5789473652839661,
                    0.6315789222717285,
                    0.6842105388641357,
                    0.7368420958518982,
                    0.7894736528396606,
                    0.8421052694320679,
                    0.8947368264198303,
                    0.9473684430122375,
                    1.0
                ],
                "key_ys": [
                    0.21150526404380798,
                    0.22053766250610352,
                    0.2578999400138855,
                    0.2591838240623474,
                    0.2763756513595581,
                    0.27545279264450073,
                    0.2757452130317688,
                    0.28940990567207336,
                    0.28531962633132935,
                    0.31472691893577576,
                    0.31732338666915894,
                    0.32186198234558105,
                    0.31884458661079407,
                    0.3035183250904083,
                    0.2918166518211365,
                    0.2657439708709717,
                    0.2346896082162857,
                    0.18583045899868011,
                    0.10582424700260162,
                    0.08758118748664856
                ],
                "key_ts": [
                    -0.01402078103274107,
                    -9.512290853308514e-05,
                    0.022678671404719353,
                    -0.03041417896747589,
                    0.04549684375524521,
                    -0.05425465852022171,
                    0.07582852989435196,
                    -0.0527799129486084,
                    -0.00640432583168149,
                    0.05050106719136238,
                    -0.017664149403572083,
                    0.07640113681554794,
                    -0.07508092373609543,
                    0.02875291369855404,
                    -0.007822569459676743,
                    -0.03598763048648834,
                    -0.004933460149914026,
                    -0.007479686755686998,
                    0.0004661864950321615,
                    -0.004543535877019167
                ]
            },
            "optimizer_parameters": {
                "y_lr": 0.05,
                "t_lr": 0.05,
                "scheduler_step_size": 10,
                "scheduler_gamma": 0.99
            }
        },
        "thickness_spline": {
            "parameters": {
                "key_xs": [
                    0.0,
                    0.30000001192092896,
                    0.5,
                    0.699999988079071,
                    1.0
                ],
                "key_ys": [
                    0.0,
                    0.029999999329447746,
                    0.03999999910593033,
                    0.029999999329447746,
                    0.0
                ],
                "key_ts": [
                    0.05000000074505806,
                    0.009999999776482582,
                    0.0,
                    -0.009999999776482582,
                    -0.05000000074505806
                ]
            },
            "optimizer_parameters": {
                "y_lr": 0.05,
                "t_lr": 0.05,
                "scheduler_step_size": 10,
                "scheduler_gamma": 0.99
            }
        },
        "uv_reshape_bb": {
            "uv": [
                0.001953125,
                0.3352864583333333
            ],
            "size": [
                0.3138020833333333,
                0.3138020833333333
            ]
        }
    },
    "optimizer_parameters": {
        "uv_lr": 0.005,
        "dir_lr": 0.05,
        "scheduler_step_size": 10,
        "scheduler_gamma": 0.99
    }
}