{
    "parameters": {
        "grow_mode": "single_sided",
        "wave_angle": -1.0471975803375244,
        "start_uv": [
            -0.005937288515269756,
            -0.0004141924437135458
        ],
        "end_uv": [
            -0.006375323515385389,
            1.0003606081008911
        ],
        "start_dir": [
            0.2517329752445221
        ],
        "end_dir": [
            -2.5895094871520996
        ],
        "init_height": 0.2,
        "sil_spline": {
            "parameters": {
                "key_xs": [
                    0.0,
                    0.05263157933950424,
                    0.10526315867900848,
                    0.15789473056793213,
                    0.21052631735801697,
                    0.2631579041481018,
                    0.31578946113586426,
                    0.3684210479259491,
                    0.42105263471603394,
                    0.4736842215061188,
                    0.5263158082962036,
                    0.5789473652839661,
                    0.6315789222717285,
                    0.6842105388641357,
                    0.7368420958518982,
                    0.7894736528396606,
                    0.8421052694320679,
                    0.8947368264198303,
                    0.9473684430122375,
                    1.0
                ],
                "key_ys": [
                    0.6016975045204163,
                    0.4163268208503723,
                    0.34069639444351196,
                    0.3012596368789673,
                    0.2968827188014984,
                    0.3054242432117462,
                    0.31206178665161133,
                    0.8126635551452637,
                    0.2652391493320465,
                    0.1836542934179306,
                    -0.06303386390209198,
                    0.05160963907837868,
                    0.035786647349596024,
                    0.0329677052795887,
                    0.027103157714009285,
                    -0.13694731891155243,
                    -0.17505525052547455,
                    -0.24414047598838806,
                    -0.33882954716682434,
                    -0.5117109417915344
                ],
                "key_ts": [
                    -0.03499068692326546,
                    0.05445145443081856,
                    -0.04021318629384041,
                    0.01724103093147278,
                    -0.009720146656036377,
                    0.05149954557418823,
                    -0.048122160136699677,
                    -0.05533502623438835,
                    0.04974451661109924,
                    -0.020728979259729385,
                    0.0009515612618997693,
                    1.4932213616702938e-06,
                    -0.00011844958498841152,
                    -2.199935079261195e-05,
                    0.0001201494233100675,
                    -0.0006651158910244703,
                    -0.008473318070173264,
                    0.02757301740348339,
                    -0.014487385749816895,
                    -0.008462085388600826
                ]
            },
            "optimizer_parameters": {
                "y_lr": 0.05,
                "t_lr": 0.05,
                "scheduler_step_size": 10,
                "scheduler_gamma": 0.99
            }
        },
        "thickness_spline": {
            "parameters": {
                "key_xs": [
                    0.0,
                    0.30000001192092896,
                    0.5,
                    0.699999988079071,
                    1.0
                ],
                "key_ys": [
                    0.0,
                    0.009999999776482582,
                    0.012000000104308128,
                    0.009999999776482582,
                    0.0
                ],
                "key_ts": [
                    0.009999999776482582,
                    0.0020000000949949026,
                    0.0,
                    -0.0020000000949949026,
                    -0.009999999776482582
                ]
            },
            "optimizer_parameters": {
                "y_lr": 0.05,
                "t_lr": 0.05,
                "scheduler_step_size": 10,
                "scheduler_gamma": 0.99
            }
        },
        "uv_reshape_bb": {
            "uv": [
                0.001953125,
                0.6686197916666666
            ],
            "size": [
                0.3138020833333333,
                0.3138020833333333
            ]
        }
    },
    "optimizer_parameters": {
        "uv_lr": 0.005,
        "dir_lr": 0.05,
        "scheduler_step_size": 10,
        "scheduler_gamma": 0.99
    }
}