{
    "parameters": {
        "grow_mode": "single_sided",
        "wave_angle": -1.0471975803375244,
        "start_uv": [
            0.05946649983525276,
            1.000053882598877
        ],
        "end_uv": [
            0.743596613407135,
            1.0005780458450317
        ],
        "start_dir": [
            0.3697674870491028
        ],
        "end_dir": [
            0.3401179611682892
        ],
        "init_height": 0.2,
        "sil_spline": {
            "parameters": {
                "key_xs": [
                    0.0,
                    0.05263157933950424,
                    0.10526315867900848,
                    0.15789473056793213,
                    0.21052631735801697,
                    0.2631579041481018,
                    0.31578946113586426,
                    0.3684210479259491,
                    0.42105263471603394,
                    0.4736842215061188,
                    0.5263158082962036,
                    0.5789473652839661,
                    0.6315789222717285,
                    0.6842105388641357,
                    0.7368420958518982,
                    0.7894736528396606,
                    0.8421052694320679,
                    0.8947368264198303,
                    0.9473684430122375,
                    1.0
                ],
                "key_ys": [
                    0.14613094925880432,
                    0.2556878924369812,
                    0.29596608877182007,
                    0.3024939000606537,
                    0.29939693212509155,
                    0.2967715263366699,
                    0.3130277991294861,
                    0.32062414288520813,
                    0.3424909710884094,
                    0.33413296937942505,
                    0.31564071774482727,
                    0.2736245095729828,
                    0.2504155933856964,
                    0.20112960040569305,
                    0.1958419233560562,
                    0.15969175100326538,
                    0.11175467818975449,
                    0.0836704894900322,
                    0.09226658195257187,
                    0.050356898456811905
                ],
                "key_ts": [
                    -0.0004905117093585432,
                    0.043716005980968475,
                    -0.0729493498802185,
                    0.05235198885202408,
                    0.0012018471024930477,
                    -0.06365565955638885,
                    0.04129716753959656,
                    -0.025751424953341484,
                    -0.012416518293321133,
                    -0.045914728194475174,
                    -0.004367601126432419,
                    -0.044412851333618164,
                    0.007981432601809502,
                    -0.029810072854161263,
                    0.03357922285795212,
                    0.018955230712890625,
                    0.025004209950566292,
                    -0.02876739203929901,
                    0.028679877519607544,
                    -0.030314890667796135
                ]
            },
            "optimizer_parameters": {
                "y_lr": 0.05,
                "t_lr": 0.05,
                "scheduler_step_size": 10,
                "scheduler_gamma": 0.99
            }
        },
        "thickness_spline": {
            "parameters": {
                "key_xs": [
                    0.0,
                    0.10000000149011612,
                    0.5,
                    0.8999999761581421,
                    1.0
                ],
                "key_ys": [
                    0.0,
                    0.03999999910593033,
                    0.05000000074505806,
                    0.03999999910593033,
                    0.0
                ],
                "key_ts": [
                    0.07999999821186066,
                    0.019999999552965164,
                    0.0,
                    -0.019999999552965164,
                    -0.07999999821186066
                ]
            },
            "optimizer_parameters": {
                "y_lr": 0.05,
                "t_lr": 0.05,
                "scheduler_step_size": 10,
                "scheduler_gamma": 0.99
            }
        },
        "uv_reshape_bb": {
            "uv": [
                0.3352864583333333,
                0.001953125
            ],
            "size": [
                0.3138020833333333,
                0.3138020833333333
            ]
        }
    },
    "optimizer_parameters": {
        "uv_lr": 0.005,
        "dir_lr": 0.05,
        "scheduler_step_size": 10,
        "scheduler_gamma": 0.99
    }
}