{
    "parameters": {
        "origin_xy": [
            -1.2462660074234009,
            0.010874826461076736
        ],
        "origin_z": 0.0,
        "length_x": 2.7292098999023438,
        "length_y": 0.0,
        "length_z": 0.0,
        "uv_reshape_bb": {
            "uv": [
                0.001953125,
                0.001953125
            ],
            "size": [
                0.3138020833333333,
                0.3138020833333333
            ]
        },
        "top_spline": {
            "parameters": {
                "key_xs": [
                    0.0,
                    0.05263157933950424,
                    0.10526315867900848,
                    0.15789473056793213,
                    0.21052631735801697,
                    0.2631579041481018,
                    0.31578946113586426,
                    0.3684210479259491,
                    0.42105263471603394,
                    0.4736842215061188,
                    0.5263158082962036,
                    0.5789473652839661,
                    0.6315789222717285,
                    0.6842105388641357,
                    0.7368420958518982,
                    0.7894736528396606,
                    0.8421052694320679,
                    0.8947368264198303,
                    0.9473684430122375,
                    1.0
                ],
                "key_ys": [
                    0.3022688925266266,
                    0.2666289210319519,
                    0.2612399458885193,
                    0.37353357672691345,
                    0.5065893530845642,
                    0.5919159650802612,
                    0.6362820267677307,
                    0.6624472141265869,
                    0.6839807629585266,
                    0.7025240659713745,
                    0.7067222595214844,
                    0.697779655456543,
                    0.6856672167778015,
                    0.642109215259552,
                    0.548687219619751,
                    0.42257457971572876,
                    0.2685583829879761,
                    0.09228367358446121,
                    -0.06340359896421432,
                    -0.20559854805469513
                ],
                "key_ts": [
                    -0.1102050393819809,
                    0.02682250179350376,
                    -0.06057862937450409,
                    0.3295436501502991,
                    0.02378920093178749,
                    0.21014703810214996,
                    0.10370219498872757,
                    0.003076710505411029,
                    0.013918362557888031,
                    0.27101555466651917,
                    0.06296917796134949,
                    -0.11202903091907501,
                    0.05028684437274933,
                    -0.23618949949741364,
                    -0.05440936237573624,
                    -0.20977063477039337,
                    -0.19250072538852692,
                    -0.2716793119907379,
                    -0.24962842464447021,
                    0.22846834361553192
                ]
            },
            "optimizer_parameters": {
                "y_lr": 0.05,
                "t_lr": 0.05,
                "scheduler_step_size": 10,
                "scheduler_gamma": 0.99
            }
        },
        "bottom_spline": {
            "parameters": {
                "key_xs": [
                    0.0,
                    0.05263157933950424,
                    0.10526315867900848,
                    0.15789473056793213,
                    0.21052631735801697,
                    0.2631579041481018,
                    0.31578946113586426,
                    0.3684210479259491,
                    0.42105263471603394,
                    0.4736842215061188,
                    0.5263158082962036,
                    0.5789473652839661,
                    0.6315789222717285,
                    0.6842105388641357,
                    0.7368420958518982,
                    0.7894736528396606,
                    0.8421052694320679,
                    0.8947368264198303,
                    0.9473684430122375,
                    1.0
                ],
                "key_ys": [
                    -0.15822036564350128,
                    -0.12085842341184616,
                    -0.04642185941338539,
                    0.07817377150058746,
                    0.2237454056739807,
                    0.42116618156433105,
                    0.5329031944274902,
                    0.6110731363296509,
                    0.6884998083114624,
                    0.7440179586410522,
                    0.755609929561615,
                    0.7549658417701721,
                    0.7277336716651917,
                    0.6677759289741516,
                    0.5962132811546326,
                    0.5221803188323975,
                    0.44658124446868896,
                    0.3637959063053131,
                    0.28693509101867676,
                    0.19460001587867737
                ],
                "key_ts": [
                    -0.14292259514331818,
                    0.11440069228410721,
                    0.12382293492555618,
                    0.2835240960121155,
                    0.15532569587230682,
                    0.2812656760215759,
                    0.026585251092910767,
                    0.23137375712394714,
                    0.19474971294403076,
                    -0.012467930093407631,
                    -0.10224051773548126,
                    0.004419805482029915,
                    -0.14304150640964508,
                    -0.15596875548362732,
                    -0.13445454835891724,
                    -0.18857228755950928,
                    -0.09964881092309952,
                    -0.1840905100107193,
                    -0.1117202416062355,
                    0.08162422478199005
                ]
            },
            "optimizer_parameters": {
                "y_lr": 0.05,
                "t_lr": 0.05,
                "scheduler_step_size": 10,
                "scheduler_gamma": 0.99
            }
        },
        "thickness_spline": {
            "parameters": {
                "key_xs": [
                    0.0,
                    0.10000000149011612,
                    0.20000000298023224,
                    0.30000001192092896,
                    0.4000000059604645,
                    0.6000000238418579,
                    0.699999988079071,
                    0.800000011920929,
                    0.8999999761581421,
                    1.0
                ],
                "key_ys": [
                    0.0,
                    0.6000000238418579,
                    0.75,
                    0.8299999833106995,
                    0.8999999761581421,
                    0.8500000238418579,
                    0.75,
                    0.6000000238418579,
                    0.4000000059604645,
                    0.0
                ],
                "key_ts": [
                    5.0,
                    4.0,
                    2.0,
                    1.0,
                    0.10000000149011612,
                    -0.10000000149011612,
                    -0.5,
                    -0.699999988079071,
                    -1.0,
                    -4.0
                ]
            },
            "optimizer_parameters": {
                "y_lr": 0.05,
                "t_lr": 0.05,
                "scheduler_step_size": 10,
                "scheduler_gamma": 0.99
            }
        },