{
    "parameters": {
        "grow_mode": "double_sided",
        "wave_angle": -1.2000000476837158,
        "start_uv": [
            0.625908613204956,
            0.2761591970920563
        ],
        "end_uv": [
            0.6220791935920715,
            0.3109053075313568
        ],
        "start_dir": [
            0.6991715431213379
        ],
        "end_dir": [
            -0.6476865410804749
        ],
        "init_height": 0.2,
        "sil_spline": {
            "parameters": {
                "key_xs": [
                    0.0,
                    0.05263157933950424,
                    0.10526315867900848,
                    0.15789473056793213,
                    0.21052631735801697,
                    0.2631579041481018,
                    0.31578946113586426,
                    0.3684210479259491,
                    0.42105263471603394,
                    0.4736842215061188,
                    0.5263158082962036,
                    0.5789473652839661,
                    0.6315789222717285,
                    0.6842105388641357,
                    0.7368420958518982,
                    0.7894736528396606,
                    0.8421052694320679,
                    0.8947368264198303,
                    0.9473684430122375,
                    1.0
                ],
                "key_ys": [
                    0.19599765539169312,
                    0.2717379033565521,
                    0.34023430943489075,
                    0.34427040815353394,
                    0.34154969453811646,
                    0.33856746554374695,
                    0.3375726640224457,
                    0.3400629162788391,
                    0.33455890417099,
                    0.3250492811203003,
                    0.31880220770835876,
                    0.31457364559173584,
                    0.3098376989364624,
                    0.318831205368042,
                    0.31062549352645874,
                    0.311936616897583,
                    0.31634435057640076,
                    0.31890052556991577,
                    0.3642599880695343,
                    0.2883235514163971
                ],
                "key_ts": [
                    -0.0001752925309119746,
                    0.023650359362363815,
                    0.006679557729512453,
                    -0.013279073871672153,
                    0.00022346159676089883,
                    0.005056876689195633,
                    -0.013444886542856693,
                    0.03128362074494362,
                    -0.03485897183418274,
                    -0.0033453006763011217,
                    -0.014811448752880096,
                    -0.0012345383875072002,
                    -0.014202202670276165,
                    0.020502803847193718,
                    -3.7829475331818685e-05,
                    -0.002076414879411459,
                    0.006642279680818319,
                    -0.014513153582811356,
                    0.01084411796182394,
                    0.001962146256119013
                ]
            },
            "optimizer_parameters": {
                "y_lr": 0.05,
                "t_lr": 0.05,
                "scheduler_step_size": 10,
                "scheduler_gamma": 0.99
            }
        },
        "thickness_spline": {
            "parameters": {
                "key_xs": [
                    0.0,
                    0.30000001192092896,
                    0.5,
                    0.699999988079071,
                    1.0
                ],
                "key_ys": [
                    0.0,
                    0.009999999776482582,
                    0.013000000268220901,
                    0.009999999776482582,
                    0.0
                ],
                "key_ts": [
                    0.009999999776482582,
                    0.0020000000949949026,
                    0.0,
                    -0.0020000000949949026,
                    -0.009999999776482582
                ]
            },
            "optimizer_parameters": {
                "y_lr": 0.05,
                "t_lr": 0.05,
                "scheduler_step_size": 10,
                "scheduler_gamma": 0.99
            }
        },
        "uv_reshape_bb": {
            "uv": [
                0.3352864583333333,
                0.3352864583333333
            ],
            "size": [
                0.3138020833333333,
                0.3138020833333333
            ]
        }
    },
    "optimizer_parameters": {
        "uv_lr": 0.005,
        "dir_lr": 0.05,
        "scheduler_step_size": 10,
        "scheduler_gamma": 0.99
    }
}