{
    "0_anal_fin_mask.png": [
        [
            0.41317443035856816,
            0.3869951032536547
        ],
        [
            0.34147950205614414,
            0.42382661544039013
        ]
    ],
    "0_body_mask.png": [
        [
            0.23773272345381288,
            0.4724667040534074
        ],
        [
            0.9189825139161687,
            0.5367087649544493
        ]
    ],
    "0_caudal_fin_mask.png": [
        [
            0.23730827344036765,
            0.4317476759602873
        ],
        [
            0.2371495678798037,
            0.5099895173182871
        ]
    ],
    "0_dorsal2_fin_mask.png": [
        [
            0.3172958759645702,
            0.5309386513127212
        ],
        [
            0.37077964987460255,
            0.5677583413635446
        ]
    ],
    "0_dorsal_fin_mask.png": [
        [
            0.40140982306343403,
            0.5844224252227536
        ],
        [
            0.6750182094755874,
            0.661553327656806
        ]
    ],
    "0_pelvic_fin_mask.png": [
        [
            0.713613477310945,
            0.3787846507825692
        ],
        [
            0.6834594208038052,
            0.37021455051211893
        ]
    ]
}