{
    "parameters": {
        "grow_mode": "single_sided",
        "wave_angle": -1.0471975803375244,
        "start_uv": [
            0.4421524107456207,
            -0.004828990437090397
        ],
        "end_uv": [
            0.0573858916759491,
            0.0005568708875216544
        ],
        "start_dir": [
            -0.07716426998376846
        ],
        "end_dir": [
            -0.8418370485305786
        ],
        "init_height": 0.2,
        "sil_spline": {
            "parameters": {
                "key_xs": [
                    0.0,
                    0.05263157933950424,
                    0.10526315867900848,
                    0.15789473056793213,
                    0.21052631735801697,
                    0.2631579041481018,
                    0.31578946113586426,
                    0.3684210479259491,
                    0.42105263471603394,
                    0.4736842215061188,
                    0.5263158082962036,
                    0.5789473652839661,
                    0.6315789222717285,
                    0.6842105388641357,
                    0.7368420958518982,
                    0.7894736528396606,
                    0.8421052694320679,
                    0.8947368264198303,
                    0.9473684430122375,
                    1.0
                ],
                "key_ys": [
                    0.03188088536262512,
                    0.09178299456834793,
                    0.1710391789674759,
                    0.20410974323749542,
                    0.21911895275115967,
                    0.28835827112197876,
                    0.28948402404785156,
                    0.31770557165145874,
                    0.34222355484962463,
                    0.3259098529815674,
                    0.3368271589279175,
                    0.33692270517349243,
                    0.32821744680404663,
                    0.32561516761779785,
                    0.30819007754325867,
                    0.313777357339859,
                    0.30641472339630127,
                    0.2899503707885742,
                    0.2821645140647888,
                    0.2503778338432312
                ],
                "key_ts": [
                    0.0003631633589975536,
                    -0.005863395519554615,
                    0.009497164748609066,
                    -0.008179565891623497,
                    0.0014058187371119857,
                    0.003146021394059062,
                    -0.0063346377573907375,
                    0.004608953837305307,
                    -0.006613402161747217,
                    -0.0008552504004910588,
                    0.008729901164770126,
                    -0.009551052004098892,
                    0.008933112025260925,
                    -0.007189740892499685,
                    -0.0027942878659814596,
                    0.009882399812340736,
                    -0.008356291800737381,
                    0.0049281734973192215,
                    -0.006772518157958984,
                    -0.00024016923271119595
                ]
            },
            "optimizer_parameters": {
                "y_lr": 0.05,
                "t_lr": 0.05,
                "scheduler_step_size": 10,
                "scheduler_gamma": 0.99
            }
        },
        "thickness_spline": {
            "parameters": {
                "key_xs": [
                    0.0,
                    0.30000001192092896,
                    0.5,
                    0.699999988079071,
                    1.0
                ],
                "key_ys": [
                    0.0,
                    0.029999999329447746,
                    0.03999999910593033,
                    0.029999999329447746,
                    0.0
                ],
                "key_ts": [
                    0.05000000074505806,
                    0.009999999776482582,
                    0.0,
                    -0.009999999776482582,
                    -0.05000000074505806
                ]
            },
            "optimizer_parameters": {
                "y_lr": 0.05,
                "t_lr": 0.05,
                "scheduler_step_size": 10,
                "scheduler_gamma": 0.99
            }
        },
        "uv_reshape_bb": {
            "uv": [
                0.001953125,
                0.3352864583333333
            ],
            "size": [
                0.3138020833333333,
                0.3138020833333333
            ]
        }
    },
    "optimizer_parameters": {
        "uv_lr": 0.005,
        "dir_lr": 0.05,
        "scheduler_step_size": 10,
        "scheduler_gamma": 0.99
    }
}