{
    "parameters": {
        "grow_mode": "single_sided",
        "wave_angle": -1.0471975803375244,
        "start_uv": [
            -0.004423662554472685,
            0.12619855999946594
        ],
        "end_uv": [
            -0.007916541770100594,
            1.0000883340835571
        ],
        "start_dir": [
            0.3111501932144165
        ],
        "end_dir": [
            -1.9493464231491089
        ],
        "init_height": 0.2,
        "sil_spline": {
            "parameters": {
                "key_xs": [
                    0.0,
                    0.05263157933950424,
                    0.10526315867900848,
                    0.15789473056793213,
                    0.21052631735801697,
                    0.2631579041481018,
                    0.31578946113586426,
                    0.3684210479259491,
                    0.42105263471603394,
                    0.4736842215061188,
                    0.5263158082962036,
                    0.5789473652839661,
                    0.6315789222717285,
                    0.6842105388641357,
                    0.7368420958518982,
                    0.7894736528396606,
                    0.8421052694320679,
                    0.8947368264198303,
                    0.9473684430122375,
                    1.0
                ],
                "key_ys": [
                    0.5871850252151489,
                    0.6468077301979065,
                    0.6220614314079285,
                    0.6063563227653503,
                    0.5980826616287231,
                    0.5898580551147461,
                    0.5782512426376343,
                    0.5869166254997253,
                    0.6045681238174438,
                    0.634504497051239,
                    0.6674678921699524,
                    0.7548103928565979,
                    0.20752762258052826,
                    0.1361342966556549,
                    0.09224126487970352,
                    -0.03560074418783188,
                    -0.05416465550661087,
                    -0.04198916628956795,
                    -0.03437609598040581,
                    -0.019769534468650818
                ],
                "key_ts": [
                    0.00621325708925724,
                    -0.004362092819064856,
                    -0.003071264596655965,
                    -0.0010639999527484179,
                    -0.0010886694071814418,
                    0.003941217437386513,
                    -0.008310151286423206,
                    0.006994220893830061,
                    -0.002840041182935238,
                    0.00647922744974494,
                    -0.004684969317167997,
                    0.007323740515857935,
                    0.0004314161487855017,
                    -0.0014156561810523272,
                    -0.00023568102915305644,
                    -0.00014307434321381152,
                    -0.0001074464016710408,
                    -0.0001056780238286592,
                    -6.197590118972585e-05,
                    0.00025176865165121853
                ]
            },
            "optimizer_parameters": {
                "y_lr": 0.05,
                "t_lr": 0.05,
                "scheduler_step_size": 10,
                "scheduler_gamma": 0.99
            }
        },
        "thickness_spline": {
            "parameters": {
                "key_xs": [
                    0.0,
                    0.30000001192092896,
                    0.5,
                    0.699999988079071,
                    1.0
                ],
                "key_ys": [
                    0.0,
                    0.009999999776482582,
                    0.012000000104308128,
                    0.009999999776482582,
                    0.0
                ],
                "key_ts": [
                    0.009999999776482582,
                    0.0020000000949949026,
                    0.0,
                    -0.0020000000949949026,
                    -0.009999999776482582
                ]
            },
            "optimizer_parameters": {
                "y_lr": 0.05,
                "t_lr": 0.05,
                "scheduler_step_size": 10,
                "scheduler_gamma": 0.99
            }
        },
        "uv_reshape_bb": {
            "uv": [
                0.001953125,
                0.6686197916666666
            ],
            "size": [
                0.3138020833333333,
                0.3138020833333333
            ]
        }
    },
    "optimizer_parameters": {
        "uv_lr": 0.005,
        "dir_lr": 0.05,
        "scheduler_step_size": 10,
        "scheduler_gamma": 0.99
    }
}