{
    "parameters": {
        "grow_mode": "single_sided",
        "wave_angle": -1.0471975803375244,
        "start_uv": [
            0.04795987904071808,
            1.0038422346115112
        ],
        "end_uv": [
            0.7700098752975464,
            1.006116509437561
        ],
        "start_dir": [
            0.6284036636352539
        ],
        "end_dir": [
            -0.2584649622440338
        ],
        "init_height": 0.2,
        "sil_spline": {
            "parameters": {
                "key_xs": [
                    0.0,
                    0.05263157933950424,
                    0.10526315867900848,
                    0.15789473056793213,
                    0.21052631735801697,
                    0.2631579041481018,
                    0.31578946113586426,
                    0.3684210479259491,
                    0.42105263471603394,
                    0.4736842215061188,
                    0.5263158082962036,
                    0.5789473652839661,
                    0.6315789222717285,
                    0.6842105388641357,
                    0.7368420958518982,
                    0.7894736528396606,
                    0.8421052694320679,
                    0.8947368264198303,
                    0.9473684430122375,
                    1.0
                ],
                "key_ys": [
                    0.23038369417190552,
                    0.2554597854614258,
                    0.27901220321655273,
                    0.2937254011631012,
                    0.313347727060318,
                    0.3353557288646698,
                    0.37044015526771545,
                    0.3924567401409149,
                    0.4075166583061218,
                    0.4231201112270355,
                    0.434783011674881,
                    0.4340887665748596,
                    0.4476439654827118,
                    0.454674631357193,
                    0.46120813488960266,
                    0.44400647282600403,
                    0.4659223258495331,
                    0.3879321813583374,
                    0.38977953791618347,
                    0.03161897137761116
                ],
                "key_ts": [
                    0.002601208630949259,
                    -0.009845591150224209,
                    0.007123320363461971,
                    -0.006396975368261337,
                    0.0076286387629806995,
                    0.0034348894841969013,
                    -0.006122687831521034,
                    0.008934035897254944,
                    -0.0100482776761055,
                    0.0027269134297966957,
                    0.010487175546586514,
                    0.010688547976315022,
                    -0.008750423789024353,
                    -0.008546033874154091,
                    0.010048129595816135,
                    -0.008356348611414433,
                    0.006198277696967125,
                    0.0015771602047607303,
                    -0.0016522553050890565,
                    0.00423072325065732
                ]
            },
            "optimizer_parameters": {
                "y_lr": 0.05,
                "t_lr": 0.05,
                "scheduler_step_size": 10,
                "scheduler_gamma": 0.99
            }
        },
        "thickness_spline": {
            "parameters": {
                "key_xs": [
                    0.0,
                    0.10000000149011612,
                    0.5,
                    0.8999999761581421,
                    1.0
                ],
                "key_ys": [
                    0.0,
                    0.03999999910593033,
                    0.05000000074505806,
                    0.03999999910593033,
                    0.0
                ],
                "key_ts": [
                    0.07999999821186066,
                    0.019999999552965164,
                    0.0,
                    -0.019999999552965164,
                    -0.07999999821186066
                ]
            },
            "optimizer_parameters": {
                "y_lr": 0.05,
                "t_lr": 0.05,
                "scheduler_step_size": 10,
                "scheduler_gamma": 0.99
            }
        },
        "uv_reshape_bb": {
            "uv": [
                0.3352864583333333,
                0.001953125
            ],
            "size": [
                0.3138020833333333,
                0.3138020833333333
            ]
        }
    },
    "optimizer_parameters": {
        "uv_lr": 0.005,
        "dir_lr": 0.05,
        "scheduler_step_size": 10,
        "scheduler_gamma": 0.99
    }
}