{
    "parameters": {
        "origin_xy": [
            -1.2764003276824951,
            -0.010516398586332798
        ],
        "origin_z": 0.0,
        "length_x": 3.192760944366455,
        "length_y": 0.0,
        "length_z": 0.0,
        "uv_reshape_bb": {
            "uv": [
                0.001953125,
                0.001953125
            ],
            "size": [
                0.3138020833333333,
                0.3138020833333333
            ]
        },
        "top_spline": {
            "parameters": {
                "key_xs": [
                    0.0,
                    0.05263157933950424,
                    0.10526315867900848,
                    0.15789473056793213,
                    0.21052631735801697,
                    0.2631579041481018,
                    0.31578946113586426,
                    0.3684210479259491,
                    0.42105263471603394,
                    0.4736842215061188,
                    0.5263158082962036,
                    0.5789473652839661,
                    0.6315789222717285,
                    0.6842105388641357,
                    0.7368420958518982,
                    0.7894736528396606,
                    0.8421052694320679,
                    0.8947368264198303,
                    0.9473684430122375,
                    1.0
                ],
                "key_ys": [
                    0.21075037121772766,
                    0.21631282567977905,
                    0.38029658794403076,
                    0.4792213439941406,
                    0.5678142309188843,
                    0.6431235074996948,
                    0.6981746554374695,
                    0.7335901260375977,
                    0.7676692008972168,
                    0.7901806831359863,
                    0.8016402125358582,
                    0.8053348064422607,
                    0.8019299507141113,
                    0.8011453151702881,
                    0.7884047627449036,
                    0.6987082362174988,
                    0.5637024641036987,
                    0.4155416786670685,
                    0.17331594228744507,
                    -0.1553785502910614
                ],
                "key_ts": [
                    -0.24034778773784637,
                    0.36234524846076965,
                    -0.02345169149339199,
                    0.14806553721427917,
                    0.1232098713517189,
                    0.14015813171863556,
                    0.20929141342639923,
                    0.16275018453598022,
                    0.09602347016334534,
                    -0.18275243043899536,
                    0.268609881401062,
                    0.18993903696537018,
                    -0.28370511531829834,
                    0.08242889493703842,
                    0.0750146135687828,
                    -0.28115037083625793,
                    0.006861064583063126,
                    -0.21168576180934906,
                    -0.20033325254917145,
                    0.08855133503675461
                ]
            },
            "optimizer_parameters": {
                "y_lr": 0.05,
                "t_lr": 0.05,
                "scheduler_step_size": 10,
                "scheduler_gamma": 0.99
            }
        },
        "bottom_spline": {
            "parameters": {
                "key_xs": [
                    0.0,
                    0.05263157933950424,
                    0.10526315867900848,
                    0.15789473056793213,
                    0.21052631735801697,
                    0.2631579041481018,
                    0.31578946113586426,
                    0.3684210479259491,
                    0.42105263471603394,
                    0.4736842215061188,
                    0.5263158082962036,
                    0.5789473652839661,
                    0.6315789222717285,
                    0.6842105388641357,
                    0.7368420958518982,
                    0.7894736528396606,
                    0.8421052694320679,
                    0.8947368264198303,
                    0.9473684430122375,
                    1.0
                ],
                "key_ys": [
                    0.041578616946935654,
                    0.13233499228954315,
                    0.34696146845817566,
                    0.49613654613494873,
                    0.5854605436325073,
                    0.6723341941833496,
                    0.7354221940040588,
                    0.7822750210762024,
                    0.8223642706871033,
                    0.8443092703819275,
                    0.8415115475654602,
                    0.8422622680664062,
                    0.8363556861877441,
                    0.8201653361320496,
                    0.7707584500312805,
                    0.7095671892166138,
                    0.6322303414344788,
                    0.526566743850708,
                    0.3633233904838562,
                    0.17305296659469604
                ],
                "key_ts": [
                    -0.23223251104354858,
                    0.3382422626018524,
                    0.08653081208467484,
                    0.2301112711429596,
                    0.14863979816436768,
                    -0.03445034101605415,
                    0.19247771799564362,
                    0.09008628875017166,
                    0.1640128493309021,
                    -0.15412889420986176,
                    0.048672255128622055,
                    0.08089692145586014,
                    -0.08582334220409393,
                    -0.15211470425128937,
                    -0.12070369720458984,
                    -0.10400590300559998,
                    -0.10396473109722137,
                    -0.10918572545051575,
                    -0.04622117429971695,
                    -0.05749579891562462
                ]
            },
            "optimizer_parameters": {
                "y_lr": 0.05,
                "t_lr": 0.05,
                "scheduler_step_size": 10,
                "scheduler_gamma": 0.99
            }
        },
        "thickness_spline": {
            "parameters": {
                "key_xs": [
                    0.0,
                    0.10000000149011612,
                    0.20000000298023224,
                    0.30000001192092896,
                    0.4000000059604645,
                    0.6000000238418579,
                    0.699999988079071,
                    0.800000011920929,
                    0.8999999761581421,
                    1.0
                ],
                "key_ys": [
                    0.0,
                    0.6000000238418579,
                    0.75,
                    0.8299999833106995,
                    0.8999999761581421,
                    0.8500000238418579,
                    0.75,
                    0.6000000238418579,
                    0.4000000059604645,
                    0.0
                ],
                "key_ts": [
                    5.0,
                    4.0,
                    2.0,
                    1.0,
                    0.10000000149011612,
                    -0.10000000149011612,
                    -0.5,
                    -0.699999988079071,
                    -1.0,
                    -4.0
                ]
            },
            "optimizer_parameters": {
                "y_lr": 0.05,
                "t_lr": 0.05,
                "scheduler_step_size": 10,
                "scheduler_gamma": 0.99
            }
        },