{
    "parameters": {
        "grow_mode": "double_sided",
        "wave_angle": -1.399999976158142,
        "start_uv": [
            0.7088125348091125,
            0.28527307510375977
        ],
        "end_uv": [
            0.7463743686676025,
            0.34087803959846497
        ],
        "start_dir": [
            0.8222153186798096
        ],
        "end_dir": [
            -0.3158491551876068
        ],
        "init_height": 0.2,
        "sil_spline": {
            "parameters": {
                "key_xs": [
                    0.0,
                    0.05263157933950424,
                    0.10526315867900848,
                    0.15789473056793213,
                    0.21052631735801697,
                    0.2631579041481018,
                    0.31578946113586426,
                    0.3684210479259491,
                    0.42105263471603394,
                    0.4736842215061188,
                    0.5263158082962036,
                    0.5789473652839661,
                    0.6315789222717285,
                    0.6842105388641357,
                    0.7368420958518982,
                    0.7894736528396606,
                    0.8421052694320679,
                    0.8947368264198303,
                    0.9473684430122375,
                    1.0
                ],
                "key_ys": [
                    0.19385410845279694,
                    0.20309315621852875,
                    0.21394528448581696,
                    0.23495477437973022,
                    0.2447773665189743,
                    0.2604857087135315,
                    0.2662563920021057,
                    0.2802087068557739,
                    0.29589909315109253,
                    0.3065537214279175,
                    0.3195391297340393,
                    0.3341403901576996,
                    0.3510518968105316,
                    0.36980074644088745,
                    0.3921568989753723,
                    0.41431987285614014,
                    0.43884941935539246,
                    0.4652850031852722,
                    0.48784106969833374,
                    0.5076810717582703
                ],
                "key_ts": [
                    0.0011417039204388857,
                    -0.001060690265148878,
                    0.0036982628516852856,
                    -0.0019217418739572167,
                    0.0015813512727618217,
                    0.005964302457869053,
                    -0.00519907008856535,
                    0.0076935673132538795,
                    -0.007089653518050909,
                    0.006029451731592417,
                    0.008658569306135178,
                    0.007587905041873455,
                    0.005425256676971912,
                    0.0029211041983217,
                    0.006050656083971262,
                    0.002926643704995513,
                    0.006647350266575813,
                    -0.006439270451664925,
                    0.0060561057180166245,
                    -0.0026177566032856703
                ]
            },
            "optimizer_parameters": {
                "y_lr": 0.05,
                "t_lr": 0.05,
                "scheduler_step_size": 10,
                "scheduler_gamma": 0.99
            }
        },
        "thickness_spline": {
            "parameters": {
                "key_xs": [
                    0.0,
                    0.30000001192092896,
                    0.5,
                    0.699999988079071,
                    1.0
                ],
                "key_ys": [
                    0.0,
                    0.009999999776482582,
                    0.013000000268220901,
                    0.009999999776482582,
                    0.0
                ],
                "key_ts": [
                    0.009999999776482582,
                    0.0020000000949949026,
                    0.0,
                    -0.0020000000949949026,
                    -0.009999999776482582
                ]
            },
            "optimizer_parameters": {
                "y_lr": 0.05,
                "t_lr": 0.05,
                "scheduler_step_size": 10,
                "scheduler_gamma": 0.99
            }
        },
        "uv_reshape_bb": {
            "uv": [
                0.3352864583333333,
                0.3352864583333333
            ],
            "size": [
                0.3138020833333333,
                0.3138020833333333
            ]
        }
    },
    "optimizer_parameters": {
        "uv_lr": 0.005,
        "dir_lr": 0.05,
        "scheduler_step_size": 10,
        "scheduler_gamma": 0.99
    }
}