{
    "parameters": {
        "grow_mode": "single_sided",
        "wave_angle": -1.0471975803375244,
        "start_uv": [
            0.3068076968193054,
            -0.000710080552380532
        ],
        "end_uv": [
            0.1445256918668747,
            -0.0006069944938644767
        ],
        "start_dir": [
            -0.38589951395988464
        ],
        "end_dir": [
            -0.39688482880592346
        ],
        "init_height": 0.2,
        "sil_spline": {
            "parameters": {
                "key_xs": [
                    0.0,
                    0.05263157933950424,
                    0.10526315867900848,
                    0.15789473056793213,
                    0.21052631735801697,
                    0.2631579041481018,
                    0.31578946113586426,
                    0.3684210479259491,
                    0.42105263471603394,
                    0.4736842215061188,
                    0.5263158082962036,
                    0.5789473652839661,
                    0.6315789222717285,
                    0.6842105388641357,
                    0.7368420958518982,
                    0.7894736528396606,
                    0.8421052694320679,
                    0.8947368264198303,
                    0.9473684430122375,
                    1.0
                ],
                "key_ys": [
                    0.07027110457420349,
                    0.17248228192329407,
                    0.23854997754096985,
                    0.28999313712120056,
                    0.3244423568248749,
                    0.3354693353176117,
                    0.34474825859069824,
                    0.3435748517513275,
                    0.35038667917251587,
                    0.3336016535758972,
                    0.326215535402298,
                    0.30976244807243347,
                    0.27774518728256226,
                    0.24812817573547363,
                    0.21950455009937286,
                    0.17260146141052246,
                    0.14091771841049194,
                    0.059850916266441345,
                    0.04040905833244324,
                    0.02055523917078972
                ],
                "key_ts": [
                    0.002210293896496296,
                    -0.0005607042694464326,
                    -0.0021935277618467808,
                    -0.0035253779496997595,
                    0.003036532551050186,
                    0.0005236693541519344,
                    0.002181436400860548,
                    0.0017887204885482788,
                    -0.0012655820464715362,
                    -0.001963250804692507,
                    0.00032051169546321034,
                    -0.0012359258253127337,
                    0.000684557540807873,
                    -0.0015501297311857343,
                    -0.002972245682030916,
                    -0.004414675757288933,
                    -0.002068046946078539,
                    -0.0019010774558410048,
                    -0.0015188558027148247,
                    0.0005264037754386663
                ]
            },
            "optimizer_parameters": {
                "y_lr": 0.05,
                "t_lr": 0.05,
                "scheduler_step_size": 10,
                "scheduler_gamma": 0.99
            }
        },
        "thickness_spline": {
            "parameters": {
                "key_xs": [
                    0.0,
                    0.30000001192092896,
                    0.5,
                    0.699999988079071,
                    1.0
                ],
                "key_ys": [
                    0.0,
                    0.029999999329447746,
                    0.03999999910593033,
                    0.029999999329447746,
                    0.0
                ],
                "key_ts": [
                    0.05000000074505806,
                    0.009999999776482582,
                    0.0,
                    -0.009999999776482582,
                    -0.05000000074505806
                ]
            },
            "optimizer_parameters": {
                "y_lr": 0.05,
                "t_lr": 0.05,
                "scheduler_step_size": 10,
                "scheduler_gamma": 0.99
            }
        },
        "uv_reshape_bb": {
            "uv": [
                0.001953125,
                0.3352864583333333
            ],
            "size": [
                0.3138020833333333,
                0.3138020833333333
            ]
        }
    },
    "optimizer_parameters": {
        "uv_lr": 0.005,
        "dir_lr": 0.05,
        "scheduler_step_size": 10,
        "scheduler_gamma": 0.99
    }
}