{
    "parameters": {
        "grow_mode": "single_sided",
        "wave_angle": -1.0471975803375244,
        "start_uv": [
            -0.0075707752257585526,
            -0.0008708579116500914
        ],
        "end_uv": [
            -0.009797758422791958,
            1.0016412734985352
        ],
        "start_dir": [
            0.7460731863975525
        ],
        "end_dir": [
            -0.4781920909881592
        ],
        "init_height": 0.2,
        "sil_spline": {
            "parameters": {
                "key_xs": [
                    0.0,
                    0.05263157933950424,
                    0.10526315867900848,
                    0.15789473056793213,
                    0.21052631735801697,
                    0.2631579041481018,
                    0.31578946113586426,
                    0.3684210479259491,
                    0.42105263471603394,
                    0.4736842215061188,
                    0.5263158082962036,
                    0.5789473652839661,
                    0.6315789222717285,
                    0.6842105388641357,
                    0.7368420958518982,
                    0.7894736528396606,
                    0.8421052694320679,
                    0.8947368264198303,
                    0.9473684430122375,
                    1.0
                ],
                "key_ys": [
                    0.2761926054954529,
                    0.6022878289222717,
                    0.8377891182899475,
                    0.6177813410758972,
                    0.520319402217865,
                    0.47775110602378845,
                    0.4587582051753998,
                    0.4388997554779053,
                    0.4307888448238373,
                    0.4324057698249817,
                    0.43687963485717773,
                    0.4447981119155884,
                    0.46370118856430054,
                    0.4900011122226715,
                    0.5181813836097717,
                    0.5549516081809998,
                    0.6040270328521729,
                    0.7217780947685242,
                    0.8945297598838806,
                    0.4791700541973114
                ],
                "key_ts": [
                    0.0021007824689149857,
                    0.0009989974787458777,
                    -0.0037964654620736837,
                    -0.005968983750790358,
                    0.0011151264188811183,
                    -0.007078447844833136,
                    0.003338002599775791,
                    -0.00016506305837538093,
                    -0.010003277100622654,
                    0.008952242322266102,
                    0.009084015153348446,
                    0.0056157661601901054,
                    0.00675603374838829,
                    0.001844276674091816,
                    -0.0001027484904625453,
                    0.005100731272250414,
                    -0.002434592694044113,
                    0.010215363465249538,
                    -0.0079216742888093,
                    -0.0011972994543612003
                ]
            },
            "optimizer_parameters": {
                "y_lr": 0.05,
                "t_lr": 0.05,
                "scheduler_step_size": 10,
                "scheduler_gamma": 0.99
            }
        },
        "thickness_spline": {
            "parameters": {
                "key_xs": [
                    0.0,
                    0.30000001192092896,
                    0.5,
                    0.699999988079071,
                    1.0
                ],
                "key_ys": [
                    0.0,
                    0.009999999776482582,
                    0.012000000104308128,
                    0.009999999776482582,
                    0.0
                ],
                "key_ts": [
                    0.009999999776482582,
                    0.0020000000949949026,
                    0.0,
                    -0.0020000000949949026,
                    -0.009999999776482582
                ]
            },
            "optimizer_parameters": {
                "y_lr": 0.05,
                "t_lr": 0.05,
                "scheduler_step_size": 10,
                "scheduler_gamma": 0.99
            }
        },
        "uv_reshape_bb": {
            "uv": [
                0.001953125,
                0.6686197916666666
            ],
            "size": [
                0.3138020833333333,
                0.3138020833333333
            ]
        }
    },
    "optimizer_parameters": {
        "uv_lr": 0.005,
        "dir_lr": 0.05,
        "scheduler_step_size": 10,
        "scheduler_gamma": 0.99
    }
}