{
    "parameters": {
        "grow_mode": "single_sided",
        "wave_angle": -1.0471975803375244,
        "start_uv": [
            0.16766603291034698,
            1.000759482383728
        ],
        "end_uv": [
            0.4060267210006714,
            1.0016932487487793
        ],
        "start_dir": [
            0.3464471399784088
        ],
        "end_dir": [
            0.06812670826911926
        ],
        "init_height": 0.2,
        "sil_spline": {
            "parameters": {
                "key_xs": [
                    0.0,
                    0.05263157933950424,
                    0.10526315867900848,
                    0.15789473056793213,
                    0.21052631735801697,
                    0.2631579041481018,
                    0.31578946113586426,
                    0.3684210479259491,
                    0.42105263471603394,
                    0.4736842215061188,
                    0.5263158082962036,
                    0.5789473652839661,
                    0.6315789222717285,
                    0.6842105388641357,
                    0.7368420958518982,
                    0.7894736528396606,
                    0.8421052694320679,
                    0.8947368264198303,
                    0.9473684430122375,
                    1.0
                ],
                "key_ys": [
                    0.30594196915626526,
                    0.35497018694877625,
                    0.40108853578567505,
                    0.46093347668647766,
                    0.4987526535987854,
                    0.5382918119430542,
                    0.5608304738998413,
                    0.5647227168083191,
                    0.5643295645713806,
                    0.5818251967430115,
                    0.4873731732368469,
                    0.49409371614456177,
                    0.51216721534729,
                    0.524741530418396,
                    0.48954448103904724,
                    0.39456453919410706,
                    0.4209386110305786,
                    0.43268296122550964,
                    0.3375101387500763,
                    0.1482706218957901
                ],
                "key_ts": [
                    -0.0019402503967285156,
                    0.009415661916136742,
                    -0.001836482435464859,
                    -0.004617193713784218,
                    0.00901012122631073,
                    0.008310569450259209,
                    -0.007883401587605476,
                    -0.002813352271914482,
                    0.00015115519636310637,
                    0.005327676888555288,
                    -0.00909772701561451,
                    0.010002910159528255,
                    -0.006282381247729063,
                    0.008836440742015839,
                    -0.008443741127848625,
                    0.0009957222500815988,
                    0.00793260894715786,
                    -0.005722464062273502,
                    0.00024041006690822542,
                    -0.0026386703830212355
                ]
            },
            "optimizer_parameters": {
                "y_lr": 0.05,
                "t_lr": 0.05,
                "scheduler_step_size": 10,
                "scheduler_gamma": 0.99
            }
        },
        "thickness_spline": {
            "parameters": {
                "key_xs": [
                    0.0,
                    0.10000000149011612,
                    0.5,
                    0.8999999761581421,
                    1.0
                ],
                "key_ys": [
                    0.0,
                    0.03999999910593033,
                    0.05000000074505806,
                    0.03999999910593033,
                    0.0
                ],
                "key_ts": [
                    0.07999999821186066,
                    0.019999999552965164,
                    0.0,
                    -0.019999999552965164,
                    -0.07999999821186066
                ]
            },
            "optimizer_parameters": {
                "y_lr": 0.05,
                "t_lr": 0.05,
                "scheduler_step_size": 10,
                "scheduler_gamma": 0.99
            }
        },
        "uv_reshape_bb": {
            "uv": [
                0.3352864583333333,
                0.001953125
            ],
            "size": [
                0.3138020833333333,
                0.3138020833333333
            ]
        }
    },
    "optimizer_parameters": {
        "uv_lr": 0.005,
        "dir_lr": 0.05,
        "scheduler_step_size": 10,
        "scheduler_gamma": 0.99
    }
}