{
    "parameters": {
        "grow_mode": "single_sided",
        "wave_angle": -1.0471975803375244,
        "start_uv": [
            0.43067970871925354,
            1.0018939971923828
        ],
        "end_uv": [
            0.6940619945526123,
            1.0026495456695557
        ],
        "start_dir": [
            0.18054205179214478
        ],
        "end_dir": [
            0.0759696438908577
        ],
        "init_height": 0.2,
        "sil_spline": {
            "parameters": {
                "key_xs": [
                    0.0,
                    0.05263157933950424,
                    0.10526315867900848,
                    0.15789473056793213,
                    0.21052631735801697,
                    0.2631579041481018,
                    0.31578946113586426,
                    0.3684210479259491,
                    0.42105263471603394,
                    0.4736842215061188,
                    0.5263158082962036,
                    0.5789473652839661,
                    0.6315789222717285,
                    0.6842105388641357,
                    0.7368420958518982,
                    0.7894736528396606,
                    0.8421052694320679,
                    0.8947368264198303,
                    0.9473684430122375,
                    1.0
                ],
                "key_ys": [
                    0.5984147191047668,
                    0.5317595601081848,
                    0.47170963883399963,
                    0.45022591948509216,
                    0.4619872570037842,
                    0.4643813669681549,
                    0.40980494022369385,
                    0.38426873087882996,
                    0.41694530844688416,
                    0.40360113978385925,
                    0.3600785732269287,
                    0.3052191436290741,
                    0.24069680273532867,
                    0.1927213966846466,
                    0.1674194186925888,
                    0.21492701768875122,
                    0.2503458559513092,
                    0.18902751803398132,
                    0.10996917635202408,
                    0.021476609632372856
                ],
                "key_ts": [
                    0.0005539687117561698,
                    -0.0033539298456162214,
                    -0.007767368108034134,
                    0.004636702593415976,
                    -0.0009685565019026399,
                    0.005247818306088448,
                    -0.007538957521319389,
                    -0.004597444087266922,
                    0.0054815481416881084,
                    0.005255627911537886,
                    -0.006825004238635302,
                    -0.005033288616687059,
                    -0.0028516061138361692,
                    -0.002086796099320054,
                    -0.0004229523183312267,
                    -0.0007790040108375251,
                    0.006668500602245331,
                    -0.0015261790249496698,
                    -0.002052737632766366,
                    0.000524063769262284
                ]
            },
            "optimizer_parameters": {
                "y_lr": 0.05,
                "t_lr": 0.05,
                "scheduler_step_size": 10,
                "scheduler_gamma": 0.99
            }
        },
        "thickness_spline": {
            "parameters": {
                "key_xs": [
                    0.0,
                    0.10000000149011612,
                    0.5,
                    0.8999999761581421,
                    1.0
                ],
                "key_ys": [
                    0.0,
                    0.03999999910593033,
                    0.05000000074505806,
                    0.03999999910593033,
                    0.0
                ],
                "key_ts": [
                    0.07999999821186066,
                    0.019999999552965164,
                    0.0,
                    -0.019999999552965164,
                    -0.07999999821186066
                ]
            },
            "optimizer_parameters": {
                "y_lr": 0.05,
                "t_lr": 0.05,
                "scheduler_step_size": 10,
                "scheduler_gamma": 0.99
            }
        },
        "uv_reshape_bb": {
            "uv": [
                0.3352864583333333,
                0.3352864583333333
            ],
            "size": [
                0.3138020833333333,
                0.3138020833333333
            ]
        }
    },
    "optimizer_parameters": {
        "uv_lr": 0.005,
        "dir_lr": 0.05,
        "scheduler_step_size": 10,
        "scheduler_gamma": 0.99
    }
}