{
    "parameters": {
        "origin_xy": [
            -1.1253330707550049,
            0.11970337480306625
        ],
        "origin_z": 0.0,
        "length_x": 2.9154446125030518,
        "length_y": 0.0,
        "length_z": 0.0,
        "uv_reshape_bb": {
            "uv": [
                0.001953125,
                0.001953125
            ],
            "size": [
                0.3138020833333333,
                0.3138020833333333
            ]
        },
        "top_spline": {
            "parameters": {
                "key_xs": [
                    0.0,
                    0.05263157933950424,
                    0.10526315867900848,
                    0.15789473056793213,
                    0.21052631735801697,
                    0.2631579041481018,
                    0.31578946113586426,
                    0.3684210479259491,
                    0.42105263471603394,
                    0.4736842215061188,
                    0.5263158082962036,
                    0.5789473652839661,
                    0.6315789222717285,
                    0.6842105388641357,
                    0.7368420958518982,
                    0.7894736528396606,
                    0.8421052694320679,
                    0.8947368264198303,
                    0.9473684430122375,
                    1.0
                ],
                "key_ys": [
                    0.21407870948314667,
                    0.15889190137386322,
                    0.18460069596767426,
                    0.29921188950538635,
                    0.4328492283821106,
                    0.5215845108032227,
                    0.5929189920425415,
                    0.6383956074714661,
                    0.6866331696510315,
                    0.7201125621795654,
                    0.7363590002059937,
                    0.7493712306022644,
                    0.7464267611503601,
                    0.7246457934379578,
                    0.6606055498123169,
                    0.5960381627082825,
                    0.4104327857494354,
                    0.2271765023469925,
                    0.0809294655919075,
                    -0.008525349199771881
                ],
                "key_ts": [
                    -0.14535818994045258,
                    0.09080064296722412,
                    -0.022588327527046204,
                    0.33724480867385864,
                    0.07739929109811783,
                    0.1690523475408554,
                    0.13882745802402496,
                    0.15007229149341583,
                    0.16831424832344055,
                    -0.051702309399843216,
                    0.20967288315296173,
                    0.2017706334590912,
                    -0.17004190385341644,
                    -0.1262805461883545,
                    -0.17484065890312195,
                    0.060850564390420914,
                    -0.3394705057144165,
                    0.04573690518736839,
                    -0.3276483416557312,
                    0.19935959577560425
                ]
            },
            "optimizer_parameters": {
                "y_lr": 0.05,
                "t_lr": 0.05,
                "scheduler_step_size": 10,
                "scheduler_gamma": 0.99
            }
        },
        "bottom_spline": {
            "parameters": {
                "key_xs": [
                    0.0,
                    0.05263157933950424,
                    0.10526315867900848,
                    0.15789473056793213,
                    0.21052631735801697,
                    0.2631579041481018,
                    0.31578946113586426,
                    0.3684210479259491,
                    0.42105263471603394,
                    0.4736842215061188,
                    0.5263158082962036,
                    0.5789473652839661,
                    0.6315789222717285,
                    0.6842105388641357,
                    0.7368420958518982,
                    0.7894736528396606,
                    0.8421052694320679,
                    0.8947368264198303,
                    0.9473684430122375,
                    1.0
                ],
                "key_ys": [
                    0.1941320151090622,
                    0.12844865024089813,
                    0.11922577023506165,
                    0.19495797157287598,
                    0.3036228120326996,
                    0.4011339843273163,
                    0.49157005548477173,
                    0.5641149282455444,
                    0.638670027256012,
                    0.698623538017273,
                    0.7419852018356323,
                    0.7744009494781494,
                    0.784065306186676,
                    0.7775670289993286,
                    0.748586893081665,
                    0.7079576849937439,
                    0.6400596499443054,
                    0.5048937201499939,
                    0.3541297912597656,
                    0.008519362658262253
                ],
                "key_ts": [
                    -0.15966330468654633,
                    0.14311015605926514,
                    -0.06488074362277985,
                    0.3127517104148865,
                    0.12628091871738434,
                    0.18879756331443787,
                    0.1241365373134613,
                    0.14088422060012817,
                    0.2675773799419403,
                    0.031532786786556244,
                    -0.08741078525781631,
                    0.2225392609834671,
                    -0.1305365413427353,
                    -0.13271485269069672,
                    -0.04621923714876175,
                    -0.10522662103176117,
                    -0.012408040463924408,
                    -0.3088746964931488,
                    0.11813094466924667,
                    -0.004778000991791487
                ]
            },
            "optimizer_parameters": {
                "y_lr": 0.05,
                "t_lr": 0.05,
                "scheduler_step_size": 10,
                "scheduler_gamma": 0.99
            }
        },
        "thickness_spline": {
            "parameters": {
                "key_xs": [
                    0.0,
                    0.10000000149011612,
                    0.20000000298023224,
                    0.30000001192092896,
                    0.4000000059604645,
                    0.6000000238418579,
                    0.699999988079071,
                    0.800000011920929,
                    0.8999999761581421,
                    1.0
                ],
                "key_ys": [
                    0.0,
                    0.6000000238418579,
                    0.75,
                    0.8299999833106995,
                    0.8999999761581421,
                    0.8500000238418579,
                    0.75,
                    0.6000000238418579,
                    0.4000000059604645,
                    0.0
                ],
                "key_ts": [
                    5.0,
                    4.0,
                    2.0,
                    1.0,
                    0.10000000149011612,
                    -0.10000000149011612,
                    -0.5,
                    -0.699999988079071,
                    -1.0,
                    -4.0
                ]
            },
            "optimizer_parameters": {
                "y_lr": 0.05,
                "t_lr": 0.05,
                "scheduler_step_size": 10,
                "scheduler_gamma": 0.99
            }
        },