{
    "parameters": {
        "grow_mode": "double_sided",
        "wave_angle": -1.2000000476837158,
        "start_uv": [
            0.5813087821006775,
            0.2925860583782196
        ],
        "end_uv": [
            0.582594096660614,
            0.3861687481403351
        ],
        "start_dir": [
            0.8105360865592957
        ],
        "end_dir": [
            -0.5278266072273254
        ],
        "init_height": 0.2,
        "sil_spline": {
            "parameters": {
                "key_xs": [
                    0.0,
                    0.05263157933950424,
                    0.10526315867900848,
                    0.15789473056793213,
                    0.21052631735801697,
                    0.2631579041481018,
                    0.31578946113586426,
                    0.3684210479259491,
                    0.42105263471603394,
                    0.4736842215061188,
                    0.5263158082962036,
                    0.5789473652839661,
                    0.6315789222717285,
                    0.6842105388641357,
                    0.7368420958518982,
                    0.7894736528396606,
                    0.8421052694320679,
                    0.8947368264198303,
                    0.9473684430122375,
                    1.0
                ],
                "key_ys": [
                    0.019930332899093628,
                    0.22975791990756989,
                    0.23674963414669037,
                    0.24482180178165436,
                    0.2542806565761566,
                    0.25779518485069275,
                    0.2596598267555237,
                    0.26153725385665894,
                    0.266757607460022,
                    0.2693731486797333,
                    0.27614960074424744,
                    0.28514617681503296,
                    0.2977123260498047,
                    0.3071385324001312,
                    0.3254992663860321,
                    0.34981223940849304,
                    0.3798186182975769,
                    0.423672616481781,
                    0.45823225378990173,
                    0.21036867797374725
                ],
                "key_ts": [
                    0.0004587219445966184,
                    -0.0018357271328568459,
                    0.0025088076945394278,
                    0.00384764326736331,
                    -0.00342887663282454,
                    0.004929232411086559,
                    0.004532196093350649,
                    0.0033220036420971155,
                    0.008258039131760597,
                    -0.0032666553743183613,
                    0.0008906388538889587,
                    0.0002471446932759136,
                    0.0072082397527992725,
                    0.003507890272885561,
                    0.005774566903710365,
                    0.005517164710909128,
                    -0.004736732225865126,
                    0.00943830143660307,
                    -0.0057893479242920876,
                    -0.0006650025607086718
                ]
            },
            "optimizer_parameters": {
                "y_lr": 0.05,
                "t_lr": 0.05,
                "scheduler_step_size": 10,
                "scheduler_gamma": 0.99
            }
        },
        "thickness_spline": {
            "parameters": {
                "key_xs": [
                    0.0,
                    0.30000001192092896,
                    0.5,
                    0.699999988079071,
                    1.0
                ],
                "key_ys": [
                    0.0,
                    0.009999999776482582,
                    0.013000000268220901,
                    0.009999999776482582,
                    0.0
                ],
                "key_ts": [
                    0.009999999776482582,
                    0.0020000000949949026,
                    0.0,
                    -0.0020000000949949026,
                    -0.009999999776482582
                ]
            },
            "optimizer_parameters": {
                "y_lr": 0.05,
                "t_lr": 0.05,
                "scheduler_step_size": 10,
                "scheduler_gamma": 0.99
            }
        },
        "uv_reshape_bb": {
            "uv": [
                0.3352864583333333,
                0.6686197916666666
            ],
            "size": [
                0.3138020833333333,
                0.3138020833333333
            ]
        }
    },
    "optimizer_parameters": {
        "uv_lr": 0.005,
        "dir_lr": 0.05,
        "scheduler_step_size": 10,
        "scheduler_gamma": 0.99
    }
}