{
    "parameters": {
        "grow_mode": "single_sided",
        "wave_angle": -1.0471975803375244,
        "start_uv": [
            0.5280400514602661,
            -0.005136988591402769
        ],
        "end_uv": [
            0.40996572375297546,
            -0.0017947796732187271
        ],
        "start_dir": [
            -0.41526755690574646
        ],
        "end_dir": [
            -0.042382705956697464
        ],
        "init_height": 0.2,
        "sil_spline": {
            "parameters": {
                "key_xs": [
                    0.0,
                    0.05263157933950424,
                    0.10526315867900848,
                    0.15789473056793213,
                    0.21052631735801697,
                    0.2631579041481018,
                    0.31578946113586426,
                    0.3684210479259491,
                    0.42105263471603394,
                    0.4736842215061188,
                    0.5263158082962036,
                    0.5789473652839661,
                    0.6315789222717285,
                    0.6842105388641357,
                    0.7368420958518982,
                    0.7894736528396606,
                    0.8421052694320679,
                    0.8947368264198303,
                    0.9473684430122375,
                    1.0
                ],
                "key_ys": [
                    0.13923269510269165,
                    0.1851332038640976,
                    0.21007023751735687,
                    0.23312382400035858,
                    0.25627896189689636,
                    0.27643296122550964,
                    0.28785499930381775,
                    0.30580267310142517,
                    0.30647334456443787,
                    0.3186812698841095,
                    0.31468266248703003,
                    0.3318559527397156,
                    0.33590030670166016,
                    0.34737956523895264,
                    0.36388716101646423,
                    0.3646693825721741,
                    0.37371018528938293,
                    0.3848375678062439,
                    0.38283124566078186,
                    0.3989444077014923
                ],
                "key_ts": [
                    0.0018858283292502165,
                    -0.0003169916744809598,
                    -0.00024548519286327064,
                    0.0009118278394453228,
                    0.001923348754644394,
                    -0.0032854925375431776,
                    0.0027103645261377096,
                    -0.003801511600613594,
                    0.0034367688931524754,
                    -0.0056636449880898,
                    0.000569655210711062,
                    0.00017920805839821696,
                    -0.0004833968705497682,
                    0.004848808981478214,
                    -0.006219947710633278,
                    -0.00022008927771821618,
                    0.003279703436419368,
                    -0.00214533694088459,
                    -0.00026365916710346937,
                    -0.00024035313981585205
                ]
            },
            "optimizer_parameters": {
                "y_lr": 0.05,
                "t_lr": 0.05,
                "scheduler_step_size": 10,
                "scheduler_gamma": 0.99
            }
        },
        "thickness_spline": {
            "parameters": {
                "key_xs": [
                    0.0,
                    1.0
                ],
                "key_ys": [
                    0.0,
                    0.0
                ],
                "key_ts": [
                    0.0,
                    0.0
                ]
            },
            "optimizer_parameters": {
                "y_lr": 0,
                "t_lr": 0,
                "scheduler_step_size": 0,
                "scheduler_gamma": 0
            }
        },
        "uv_reshape_bb": {
            "uv": [
                0.6686197916666666,
                0.001953125
            ],
            "size": [
                0.3138020833333333,
                0.3138020833333333
            ]
        }
    },
    "optimizer_parameters": {
        "uv_lr": 0.005,
        "dir_lr": 0.05,
        "scheduler_step_size": 10,
        "scheduler_gamma": 0.99
    }
}