{
    "parameters": {
        "grow_mode": "single_sided",
        "wave_angle": -1.0471975803375244,
        "start_uv": [
            0.3498177230358124,
            -0.0007486515096388757
        ],
        "end_uv": [
            0.23639248311519623,
            -0.00033470799098722637
        ],
        "start_dir": [
            -0.11976855993270874
        ],
        "end_dir": [
            -0.8153448700904846
        ],
        "init_height": 0.2,
        "sil_spline": {
            "parameters": {
                "key_xs": [
                    0.0,
                    0.05263157933950424,
                    0.10526315867900848,
                    0.15789473056793213,
                    0.21052631735801697,
                    0.2631579041481018,
                    0.31578946113586426,
                    0.3684210479259491,
                    0.42105263471603394,
                    0.4736842215061188,
                    0.5263158082962036,
                    0.5789473652839661,
                    0.6315789222717285,
                    0.6842105388641357,
                    0.7368420958518982,
                    0.7894736528396606,
                    0.8421052694320679,
                    0.8947368264198303,
                    0.9473684430122375,
                    1.0
                ],
                "key_ys": [
                    0.023983972147107124,
                    0.5475749969482422,
                    0.5543293952941895,
                    0.5512377619743347,
                    0.5366426706314087,
                    0.5309681296348572,
                    0.5183066725730896,
                    0.5071564316749573,
                    0.5006498694419861,
                    0.49494194984436035,
                    0.4898057281970978,
                    0.48565471172332764,
                    0.4786706566810608,
                    0.4791099429130554,
                    0.4740801751613617,
                    0.4625813364982605,
                    0.455934077501297,
                    0.4427872598171234,
                    0.4249166250228882,
                    0.36631232500076294
                ],
                "key_ts": [
                    -0.0037758774124085903,
                    0.006093946285545826,
                    -0.00894778873771429,
                    0.0010406223591417074,
                    -0.006943891290575266,
                    -0.0018666691612452269,
                    -0.005860039498656988,
                    -0.006021026521921158,
                    -0.0036254823207855225,
                    -0.00468298327177763,
                    -0.004183570854365826,
                    -0.0008417534991167486,
                    -0.003988835960626602,
                    -0.0011939553078263998,
                    0.005625218152999878,
                    -0.004189846571534872,
                    -0.001035821158438921,
                    -0.0018610049737617373,
                    0.002215973101556301,
                    -0.001182238687761128
                ]
            },
            "optimizer_parameters": {
                "y_lr": 0.05,
                "t_lr": 0.05,
                "scheduler_step_size": 10,
                "scheduler_gamma": 0.99
            }
        },
        "thickness_spline": {
            "parameters": {
                "key_xs": [
                    0.0,
                    0.30000001192092896,
                    0.5,
                    0.699999988079071,
                    1.0
                ],
                "key_ys": [
                    0.0,
                    0.029999999329447746,
                    0.03999999910593033,
                    0.029999999329447746,
                    0.0
                ],
                "key_ts": [
                    0.05000000074505806,
                    0.009999999776482582,
                    0.0,
                    -0.009999999776482582,
                    -0.05000000074505806
                ]
            },
            "optimizer_parameters": {
                "y_lr": 0.05,
                "t_lr": 0.05,
                "scheduler_step_size": 10,
                "scheduler_gamma": 0.99
            }
        },
        "uv_reshape_bb": {
            "uv": [
                0.001953125,
                0.3352864583333333
            ],
            "size": [
                0.3138020833333333,
                0.3138020833333333
            ]
        }
    },
    "optimizer_parameters": {
        "uv_lr": 0.005,
        "dir_lr": 0.05,
        "scheduler_step_size": 10,
        "scheduler_gamma": 0.99
    }
}