{
    "parameters": {
        "grow_mode": "single_sided",
        "wave_angle": -1.0471975803375244,
        "start_uv": [
            -0.008400078862905502,
            -0.0006510777166113257
        ],
        "end_uv": [
            -0.0072824666276574135,
            1.0010789632797241
        ],
        "start_dir": [
            0.6064909100532532
        ],
        "end_dir": [
            -0.6058660745620728
        ],
        "init_height": 0.2,
        "sil_spline": {
            "parameters": {
                "key_xs": [
                    0.0,
                    0.05263157933950424,
                    0.10526315867900848,
                    0.15789473056793213,
                    0.21052631735801697,
                    0.2631579041481018,
                    0.31578946113586426,
                    0.3684210479259491,
                    0.42105263471603394,
                    0.4736842215061188,
                    0.5263158082962036,
                    0.5789473652839661,
                    0.6315789222717285,
                    0.6842105388641357,
                    0.7368420958518982,
                    0.7894736528396606,
                    0.8421052694320679,
                    0.8947368264198303,
                    0.9473684430122375,
                    1.0
                ],
                "key_ys": [
                    0.7135147452354431,
                    0.7989162802696228,
                    0.8034180402755737,
                    0.7529588341712952,
                    0.6854536533355713,
                    0.6283913254737854,
                    0.5824329853057861,
                    0.5479775667190552,
                    0.5301395654678345,
                    0.5296326279640198,
                    0.5282523036003113,
                    0.5471894145011902,
                    0.5890321135520935,
                    0.6502551436424255,
                    0.7589821815490723,
                    0.8670209646224976,
                    0.8567556142807007,
                    0.7828812003135681,
                    0.012314521707594395,
                    0.021423712372779846
                ],
                "key_ts": [
                    0.0027070275973528624,
                    0.0018791325856000185,
                    -0.0018899132264778018,
                    -0.005089065991342068,
                    -0.0036779146175831556,
                    -0.004472118336707354,
                    -0.0019125889521092176,
                    -0.0030574272386729717,
                    0.00018566864309832454,
                    0.0010262301657348871,
                    -0.001232692738994956,
                    0.0036468403413891792,
                    0.004139960277825594,
                    0.006232609506696463,
                    0.004757293965667486,
                    0.0025400754529982805,
                    -0.0009968114318326116,
                    -0.006461372599005699,
                    0.0008778272895142436,
                    0.000289760937448591
                ]
            },
            "optimizer_parameters": {
                "y_lr": 0.05,
                "t_lr": 0.05,
                "scheduler_step_size": 10,
                "scheduler_gamma": 0.99
            }
        },
        "thickness_spline": {
            "parameters": {
                "key_xs": [
                    0.0,
                    0.30000001192092896,
                    0.5,
                    0.699999988079071,
                    1.0
                ],
                "key_ys": [
                    0.0,
                    0.009999999776482582,
                    0.012000000104308128,
                    0.009999999776482582,
                    0.0
                ],
                "key_ts": [
                    0.009999999776482582,
                    0.0020000000949949026,
                    0.0,
                    -0.0020000000949949026,
                    -0.009999999776482582
                ]
            },
            "optimizer_parameters": {
                "y_lr": 0.05,
                "t_lr": 0.05,
                "scheduler_step_size": 10,
                "scheduler_gamma": 0.99
            }
        },
        "uv_reshape_bb": {
            "uv": [
                0.001953125,
                0.6686197916666666
            ],
            "size": [
                0.3138020833333333,
                0.3138020833333333
            ]
        }
    },
    "optimizer_parameters": {
        "uv_lr": 0.005,
        "dir_lr": 0.05,
        "scheduler_step_size": 10,
        "scheduler_gamma": 0.99
    }
}