{
    "parameters": {
        "grow_mode": "single_sided",
        "wave_angle": -1.0471975803375244,
        "start_uv": [
            0.3017062246799469,
            1.000005841255188
        ],
        "end_uv": [
            0.3945891261100769,
            1.0003044605255127
        ],
        "start_dir": [
            0.9819137454032898
        ],
        "end_dir": [
            -0.5295613408088684
        ],
        "init_height": 0.2,
        "sil_spline": {
            "parameters": {
                "key_xs": [
                    0.0,
                    0.05263157933950424,
                    0.10526315867900848,
                    0.15789473056793213,
                    0.21052631735801697,
                    0.2631579041481018,
                    0.31578946113586426,
                    0.3684210479259491,
                    0.42105263471603394,
                    0.4736842215061188,
                    0.5263158082962036,
                    0.5789473652839661,
                    0.6315789222717285,
                    0.6842105388641357,
                    0.7368420958518982,
                    0.7894736528396606,
                    0.8421052694320679,
                    0.8947368264198303,
                    0.9473684430122375,
                    1.0
                ],
                "key_ys": [
                    0.288826584815979,
                    0.31375205516815186,
                    0.3348000943660736,
                    0.35694190859794617,
                    0.3802989423274994,
                    0.40512266755104065,
                    0.43177559971809387,
                    0.4566698670387268,
                    0.4831846356391907,
                    0.5201922655105591,
                    0.559939444065094,
                    0.5860220789909363,
                    0.4500754177570343,
                    0.33655276894569397,
                    0.24336102604866028,
                    0.1730591207742691,
                    0.0936007872223854,
                    0.060106903314590454,
                    0.021655740216374397,
                    -0.00508423475548625
                ],
                "key_ts": [
                    0.000747294572647661,
                    -0.004893487319350243,
                    0.007798200007528067,
                    -0.002166066551581025,
                    0.0034396902192384005,
                    0.0006634575547650456,
                    0.005495843943208456,
                    0.0059004612267017365,
                    0.004702017176896334,
                    0.004512406419962645,
                    0.009326640516519547,
                    0.00420788861811161,
                    0.0049113864079117775,
                    0.0013190069003030658,
                    -0.004527110140770674,
                    -0.0016626103315502405,
                    -0.0023831925354897976,
                    -0.0007323200698010623,
                    -9.782683628145605e-05,
                    0.000264983216766268
                ]
            },
            "optimizer_parameters": {
                "y_lr": 0.05,
                "t_lr": 0.05,
                "scheduler_step_size": 10,
                "scheduler_gamma": 0.99
            }
        },
        "thickness_spline": {
            "parameters": {
                "key_xs": [
                    0.0,
                    0.10000000149011612,
                    0.5,
                    0.8999999761581421,
                    1.0
                ],
                "key_ys": [
                    0.0,
                    0.03999999910593033,
                    0.05000000074505806,
                    0.03999999910593033,
                    0.0
                ],
                "key_ts": [
                    0.07999999821186066,
                    0.019999999552965164,
                    0.0,
                    -0.019999999552965164,
                    -0.07999999821186066
                ]
            },
            "optimizer_parameters": {
                "y_lr": 0.05,
                "t_lr": 0.05,
                "scheduler_step_size": 10,
                "scheduler_gamma": 0.99
            }
        },
        "uv_reshape_bb": {
            "uv": [
                0.3352864583333333,
                0.001953125
            ],
            "size": [
                0.3138020833333333,
                0.3138020833333333
            ]
        }
    },
    "optimizer_parameters": {
        "uv_lr": 0.005,
        "dir_lr": 0.05,
        "scheduler_step_size": 10,
        "scheduler_gamma": 0.99
    }
}