{
    "parameters": {
        "origin_xy": [
            -1.215267539024353,
            0.09159047901630402
        ],
        "origin_z": 0.0,
        "length_x": 3.1859617233276367,
        "length_y": 0.0,
        "length_z": 0.0,
        "uv_reshape_bb": {
            "uv": [
                0.001953125,
                0.001953125
            ],
            "size": [
                0.3138020833333333,
                0.3138020833333333
            ]
        },
        "top_spline": {
            "parameters": {
                "key_xs": [
                    0.0,
                    0.05263157933950424,
                    0.10526315867900848,
                    0.15789473056793213,
                    0.21052631735801697,
                    0.2631579041481018,
                    0.31578946113586426,
                    0.3684210479259491,
                    0.42105263471603394,
                    0.4736842215061188,
                    0.5263158082962036,
                    0.5789473652839661,
                    0.6315789222717285,
                    0.6842105388641357,
                    0.7368420958518982,
                    0.7894736528396606,
                    0.8421052694320679,
                    0.8947368264198303,
                    0.9473684430122375,
                    1.0
                ],
                "key_ys": [
                    0.1646016389131546,
                    0.16565237939357758,
                    0.16586914658546448,
                    0.18685629963874817,
                    0.21780964732170105,
                    0.25690317153930664,
                    0.32589396834373474,
                    0.3807854652404785,
                    0.3818594217300415,
                    0.3823385238647461,
                    0.37545138597488403,
                    0.36064958572387695,
                    0.34594401717185974,
                    0.3233392536640167,
                    0.2929135262966156,
                    0.25469842553138733,
                    0.21671006083488464,
                    0.17325836420059204,
                    0.12980766594409943,
                    0.0286420751363039
                ],
                "key_ts": [
                    -0.0806555449962616,
                    0.00044907446135766804,
                    0.14931116998195648,
                    0.14355173707008362,
                    0.20472505688667297,
                    0.05206368863582611,
                    0.24073360860347748,
                    0.10661793500185013,
                    0.019809622317552567,
                    0.11967182904481888,
                    -0.17650458216667175,
                    -0.12600836157798767,
                    -0.16247756779193878,
                    -0.1311006247997284,
                    -0.20306067168712616,
                    -0.139247328042984,
                    -0.10615532100200653,
                    -0.2163243442773819,
                    0.04434245079755783,
                    0.007631522137671709
                ]
            },
            "optimizer_parameters": {
                "y_lr": 0.05,
                "t_lr": 0.05,
                "scheduler_step_size": 10,
                "scheduler_gamma": 0.99
            }
        },
        "bottom_spline": {
            "parameters": {
                "key_xs": [
                    0.0,
                    0.05263157933950424,
                    0.10526315867900848,
                    0.15789473056793213,
                    0.21052631735801697,
                    0.2631579041481018,
                    0.31578946113586426,
                    0.3684210479259491,
                    0.42105263471603394,
                    0.4736842215061188,
                    0.5263158082962036,
                    0.5789473652839661,
                    0.6315789222717285,
                    0.6842105388641357,
                    0.7368420958518982,
                    0.7894736528396606,
                    0.8421052694320679,
                    0.8947368264198303,
                    0.9473684430122375,
                    1.0
                ],
                "key_ys": [
                    0.20294852554798126,
                    0.17892242968082428,
                    0.1768464893102646,
                    0.1774560660123825,
                    0.18513472378253937,
                    0.25494295358657837,
                    0.3289243280887604,
                    0.3663087785243988,
                    0.3795628249645233,
                    0.4426155686378479,
                    0.4997120797634125,
                    0.5297375321388245,
                    0.5216720104217529,
                    0.500825047492981,
                    0.4616675078868866,
                    0.39984363317489624,
                    0.32746902108192444,
                    0.24665255844593048,
                    0.15481571853160858,
                    -0.008589356206357479
                ],
                "key_ts": [
                    -0.11955290287733078,
                    0.06111009418964386,
                    0.16950450837612152,
                    0.23935449123382568,
                    0.04043009877204895,
                    0.20934537053108215,
                    0.3184460997581482,
                    -0.15956413745880127,
                    0.2792825698852539,
                    0.2902432382106781,
                    -0.09401240944862366,
                    0.0970928743481636,
                    -0.16039736568927765,
                    -0.11028064787387848,
                    -0.15814535319805145,
                    -0.1551062911748886,
                    -0.14093831181526184,
                    -0.10696433484554291,
                    -0.13617154955863953,
                    0.03350978344678879
                ]
            },
            "optimizer_parameters": {
                "y_lr": 0.05,
                "t_lr": 0.05,
                "scheduler_step_size": 10,
                "scheduler_gamma": 0.99
            }
        },
        "thickness_spline": {
            "parameters": {
                "key_xs": [
                    0.0,
                    0.10000000149011612,
                    0.20000000298023224,
                    0.30000001192092896,
                    0.4000000059604645,
                    0.6000000238418579,
                    0.699999988079071,
                    0.800000011920929,
                    0.8999999761581421,
                    1.0
                ],
                "key_ys": [
                    0.0,
                    0.6000000238418579,
                    0.75,
                    0.8299999833106995,
                    0.8999999761581421,
                    0.8500000238418579,
                    0.75,
                    0.6000000238418579,
                    0.4000000059604645,
                    0.0
                ],
                "key_ts": [
                    5.0,
                    4.0,
                    2.0,
                    1.0,
                    0.10000000149011612,
                    -0.10000000149011612,
                    -0.5,
                    -0.699999988079071,
                    -1.0,
                    -4.0
                ]
            },
            "optimizer_parameters": {
                "y_lr": 0.05,
                "t_lr": 0.05,
                "scheduler_step_size": 10,
                "scheduler_gamma": 0.99
            }
        },