{
    "parameters": {
        "grow_mode": "double_sided",
        "wave_angle": -1.2999999523162842,
        "start_uv": [
            0.793114960193634,
            0.1808312088251114
        ],
        "end_uv": [
            0.7735353112220764,
            0.24886146187782288
        ],
        "start_dir": [
            -0.5717056393623352
        ],
        "end_dir": [
            -1.1172077655792236
        ],
        "init_height": 0.2,
        "sil_spline": {
            "parameters": {
                "key_xs": [
                    0.0,
                    0.05263157933950424,
                    0.10526315867900848,
                    0.15789473056793213,
                    0.21052631735801697,
                    0.2631579041481018,
                    0.31578946113586426,
                    0.3684210479259491,
                    0.42105263471603394,
                    0.4736842215061188,
                    0.5263158082962036,
                    0.5789473652839661,
                    0.6315789222717285,
                    0.6842105388641357,
                    0.7368420958518982,
                    0.7894736528396606,
                    0.8421052694320679,
                    0.8947368264198303,
                    0.9473684430122375,
                    1.0
                ],
                "key_ys": [
                    0.2859732508659363,
                    0.19596412777900696,
                    0.34751439094543457,
                    0.4014205038547516,
                    0.4261822998523712,
                    0.48429349064826965,
                    0.5159012079238892,
                    0.5392012000083923,
                    0.5611897110939026,
                    0.5848281979560852,
                    0.6081240177154541,
                    0.6235044598579407,
                    0.6318651437759399,
                    0.6425387859344482,
                    0.6322694420814514,
                    -0.09850360453128815,
                    0.12798930704593658,
                    0.045755963772535324,
                    0.04256962239742279,
                    0.0391179621219635
                ],
                "key_ts": [
                    -0.00019018056627828628,
                    0.0026971655897796154,
                    -0.004920512437820435,
                    0.0037224767729640007,
                    -0.0027740905061364174,
                    0.0026567340828478336,
                    -0.0011321466881781816,
                    0.0005857131909579039,
                    0.0016356491250917315,
                    0.0001185840810649097,
                    0.007611485663801432,
                    -0.0015746792778372765,
                    0.0026298777665942907,
                    -0.0006446196930482984,
                    -0.0028356832917779684,
                    0.00284409592859447,
                    -0.0004041528736706823,
                    -0.00026757322484627366,
                    -0.00011225404887227342,
                    0.00031638157088309526
                ]
            },
            "optimizer_parameters": {
                "y_lr": 0.05,
                "t_lr": 0.05,
                "scheduler_step_size": 10,
                "scheduler_gamma": 0.99
            }
        },
        "thickness_spline": {
            "parameters": {
                "key_xs": [
                    0.0,
                    0.30000001192092896,
                    0.5,
                    0.699999988079071,
                    1.0
                ],
                "key_ys": [
                    0.0,
                    0.009999999776482582,
                    0.013000000268220901,
                    0.009999999776482582,
                    0.0
                ],
                "key_ts": [
                    0.009999999776482582,
                    0.0020000000949949026,
                    0.0,
                    -0.0020000000949949026,
                    -0.009999999776482582
                ]
            },
            "optimizer_parameters": {
                "y_lr": 0.05,
                "t_lr": 0.05,
                "scheduler_step_size": 10,
                "scheduler_gamma": 0.99
            }
        },
        "uv_reshape_bb": {
            "uv": [
                0.3352864583333333,
                0.3352864583333333
            ],
            "size": [
                0.3138020833333333,
                0.3138020833333333
            ]
        }
    },
    "optimizer_parameters": {
        "uv_lr": 0.005,
        "dir_lr": 0.05,
        "scheduler_step_size": 10,
        "scheduler_gamma": 0.99
    }
}