{
    "parameters": {
        "grow_mode": "double_sided",
        "wave_angle": -0.5,
        "start_uv": [
            0.5229759216308594,
            0.004936573561280966
        ],
        "end_uv": [
            0.5015421509742737,
            -0.007970942184329033
        ],
        "start_dir": [
            -0.45734861493110657
        ],
        "end_dir": [
            -1.5227735042572021
        ],
        "init_height": 0.2,
        "sil_spline": {
            "parameters": {
                "key_xs": [
                    0.0,
                    0.05263157933950424,
                    0.10526315867900848,
                    0.15789473056793213,
                    0.21052631735801697,
                    0.2631579041481018,
                    0.31578946113586426,
                    0.3684210479259491,
                    0.42105263471603394,
                    0.4736842215061188,
                    0.5263158082962036,
                    0.5789473652839661,
                    0.6315789222717285,
                    0.6842105388641357,
                    0.7368420958518982,
                    0.7894736528396606,
                    0.8421052694320679,
                    0.8947368264198303,
                    0.9473684430122375,
                    1.0
                ],
                "key_ys": [
                    0.36701351404190063,
                    0.4520985186100006,
                    0.4489705264568329,
                    0.4427558183670044,
                    0.4335504472255707,
                    0.42371365427970886,
                    0.41456007957458496,
                    0.40290728211402893,
                    0.3923625349998474,
                    0.3841407895088196,
                    0.37654539942741394,
                    0.36966609954833984,
                    0.36126914620399475,
                    0.3491540253162384,
                    0.33998557925224304,
                    0.33220431208610535,
                    0.3263249695301056,
                    0.30064284801483154,
                    -0.017469728365540504,
                    0.059123311191797256
                ],
                "key_ts": [
                    0.0023684280458837748,
                    -0.002650623209774494,
                    -0.0019332491792738438,
                    -0.0049189175479114056,
                    0.002508966950699687,
                    -0.003990408033132553,
                    0.0032399811316281557,
                    0.00028457058942876756,
                    -0.0031106348615139723,
                    -0.005046408623456955,
                    -0.008811196312308311,
                    0.007754455786198378,
                    -0.005452961195260286,
                    9.223882079822943e-05,
                    -0.001611497369594872,
                    -0.0006735897623002529,
                    0.0004485192184802145,
                    -0.001609096652828157,
                    1.812009941204451e-05,
                    0.0002787092817015946
                ]
            },
            "optimizer_parameters": {
                "y_lr": 0.05,
                "t_lr": 0.05,
                "scheduler_step_size": 10,
                "scheduler_gamma": 0.99
            }
        },
        "thickness_spline": {
            "parameters": {
                "key_xs": [
                    0.0,
                    1.0
                ],
                "key_ys": [
                    0.0,
                    0.0
                ],
                "key_ts": [
                    0.0,
                    0.0
                ]
            },
            "optimizer_parameters": {
                "y_lr": 0,
                "t_lr": 0,
                "scheduler_step_size": 0,
                "scheduler_gamma": 0
            }
        },
        "uv_reshape_bb": {
            "uv": [
                0.3352864583333333,
                0.6686197916666666
            ],
            "size": [
                0.3138020833333333,
                0.3138020833333333
            ]
        }
    },
    "optimizer_parameters": {
        "uv_lr": 0.005,
        "dir_lr": 0.05,
        "scheduler_step_size": 10,
        "scheduler_gamma": 0.99
    }
}