{
    "parameters": {
        "start_uv": [
            0.18512137234210968,
            0.0
        ],
        "end_uv": [
            0.09853993356227875,
            0.0
        ],
        "start_dir": [
            -0.5116556286811829
        ],
        "end_dir": [
            -0.7262679934501648
        ],
        "init_height": 0.2,
        "sil_spline": {
            "parameters": {
                "key_xs": [
                    0.0,
                    0.05263157933950424,
                    0.10526315867900848,
                    0.15789473056793213,
                    0.21052631735801697,
                    0.2631579041481018,
                    0.31578946113586426,
                    0.3684210479259491,
                    0.42105263471603394,
                    0.4736842215061188,
                    0.5263158082962036,
                    0.5789473652839661,
                    0.6315789222717285,
                    0.6842105388641357,
                    0.7368420958518982,
                    0.7894736528396606,
                    0.8421052694320679,
                    0.8947368264198303,
                    0.9473684430122375,
                    1.0
                ],
                "key_ys": [
                    0.4079543650150299,
                    0.36937880516052246,
                    0.7627207636833191,
                    0.75242018699646,
                    0.7332308888435364,
                    0.7120603322982788,
                    0.6945196390151978,
                    0.6856579184532166,
                    0.6968615055084229,
                    0.6729546189308167,
                    0.6506102681159973,
                    0.6311357021331787,
                    0.6136094927787781,
                    0.6186386346817017,
                    0.6053828001022339,
                    0.5838974714279175,
                    0.5593995451927185,
                    0.5199594497680664,
                    0.4820924401283264,
                    0.3655308783054352
                ],
                "key_ts": [
                    -2.1057193279266357,
                    2.077239751815796,
                    0.15411461889743805,
                    -0.36355069279670715,
                    -0.4802177846431732,
                    -0.3715236186981201,
                    -0.07581857591867447,
                    1.6946158409118652,
                    -0.5547237396240234,
                    -0.4659811556339264,
                    -0.402346670627594,
                    -0.3889767527580261,
                    -0.5898426175117493,
                    0.40541136264801025,
                    -0.2750032842159271,
                    -0.4288509488105774,
                    -0.3134591281414032,
                    -0.23564282059669495,
                    -2.0106403827667236,
                    0.3326897919178009
                ]
            },
            "optimizer_parameters": {
                "y_lr": 0.05,
                "t_lr": 0.05,
                "scheduler_step_size": 20,
                "scheduler_gamma": 0.99
            }
        }
    },
    "optimizer_parameters": {
        "uv_lr": 0.005,
        "dir_lr": 0.05,
        "scheduler_step_size": 20,
        "scheduler_gamma": 0.99
    }
}