{
    "parameters": {
        "start_uv": [
            0.0,
            0.005199302453547716
        ],
        "end_uv": [
            0.0,
            0.7916589379310608
        ],
        "start_dir": [
            0.6966249346733093
        ],
        "end_dir": [
            -0.5625311136245728
        ],
        "init_height": 0.2,
        "sil_spline": {
            "parameters": {
                "key_xs": [
                    0.0,
                    0.05263157933950424,
                    0.10526315867900848,
                    0.15789473056793213,
                    0.21052631735801697,
                    0.2631579041481018,
                    0.31578946113586426,
                    0.3684210479259491,
                    0.42105263471603394,
                    0.4736842215061188,
                    0.5263158082962036,
                    0.5789473652839661,
                    0.6315789222717285,
                    0.6842105388641357,
                    0.7368420958518982,
                    0.7894736528396606,
                    0.8421052694320679,
                    0.8947368264198303,
                    0.9473684430122375,
                    1.0
                ],
                "key_ys": [
                    1.069629192352295,
                    1.3150914907455444,
                    1.4924932718276978,
                    1.683011531829834,
                    1.8510732650756836,
                    1.698965072631836,
                    1.4409606456756592,
                    1.141544222831726,
                    0.913498044013977,
                    0.7432200908660889,
                    0.6536142230033875,
                    0.44916456937789917,
                    1.2193197011947632,
                    1.5270575284957886,
                    1.7191232442855835,
                    1.921323537826538,
                    1.7527981996536255,
                    1.483468770980835,
                    1.0812995433807373,
                    0.5375843048095703
                ],
                "key_ts": [
                    0.21904942393302917,
                    2.3573532104492188,
                    1.592545986175537,
                    3.277726650238037,
                    0.7325807213783264,
                    -5.028039455413818,
                    -3.456890344619751,
                    -4.354961395263672,
                    -3.073054313659668,
                    -1.5950011014938354,
                    0.1887350082397461,
                    -3.7996647357940674,
                    7.38253927230835,
                    2.51670241355896,
                    3.289989471435547,
                    4.578833103179932,
                    -1.204092025756836,
                    -0.21630263328552246,
                    -4.046468734741211,
                    -0.8444057703018188
                ]
            },
            "optimizer_parameters": {
                "y_lr": 0.05,
                "t_lr": 0.05,
                "scheduler_step_size": 20,
                "scheduler_gamma": 0.99
            }
        }
    },
    "optimizer_parameters": {
        "uv_lr": 0.005,
        "dir_lr": 0.05,
        "scheduler_step_size": 20,
        "scheduler_gamma": 0.99
    }
}