{
    "parameters": {
        "start_uv": [
            0.06012165546417236,
            1.0
        ],
        "end_uv": [
            0.4647955000400543,
            1.0
        ],
        "start_dir": [
            0.08880869299173355
        ],
        "end_dir": [
            -0.2166338562965393
        ],
        "init_height": 0.2,
        "sil_spline": {
            "parameters": {
                "key_xs": [
                    0.0,
                    0.05263157933950424,
                    0.10526315867900848,
                    0.15789473056793213,
                    0.21052631735801697,
                    0.2631579041481018,
                    0.31578946113586426,
                    0.3684210479259491,
                    0.42105263471603394,
                    0.4736842215061188,
                    0.5263158082962036,
                    0.5789473652839661,
                    0.6315789222717285,
                    0.6842105388641357,
                    0.7368420958518982,
                    0.7894736528396606,
                    0.8421052694320679,
                    0.8947368264198303,
                    0.9473684430122375,
                    1.0
                ],
                "key_ys": [
                    0.38260921835899353,
                    0.23692543804645538,
                    0.32316115498542786,
                    0.3541949689388275,
                    0.38243570923805237,
                    0.40874868631362915,
                    0.34877872467041016,
                    0.692707896232605,
                    0.6439307332038879,
                    0.6407269835472107,
                    0.5615575313568115,
                    0.5445771217346191,
                    0.5050655007362366,
                    0.4624209702014923,
                    0.4359685778617859,
                    0.3929932415485382,
                    0.30010366439819336,
                    0.26603245735168457,
                    0.15926001965999603,
                    0.06869242340326309
                ],
                "key_ts": [
                    -1.2252447605133057,
                    2.6504952907562256,
                    -0.1622992306947708,
                    0.5541609525680542,
                    0.5958907008171082,
                    1.6956686973571777,
                    -5.192403316497803,
                    -2.502990245819092,
                    0.4187150001525879,
                    0.3028571307659149,
                    -0.8545501232147217,
                    -0.4174197018146515,
                    -1.3759987354278564,
                    0.37137070298194885,
                    -0.7230380773544312,
                    0.4179210960865021,
                    -0.8626348376274109,
                    0.7125320434570312,
                    -2.0513534545898438,
                    -0.16634000837802887
                ]
            },
            "optimizer_parameters": {
                "y_lr": 0.05,
                "t_lr": 0.05,
                "scheduler_step_size": 20,
                "scheduler_gamma": 0.99
            }
        }
    },
    "optimizer_parameters": {
        "uv_lr": 0.005,
        "dir_lr": 0.05,
        "scheduler_step_size": 20,
        "scheduler_gamma": 0.99
    }
}