{
    "parameters": {
        "start_uv": [
            0.46968209743499756,
            0.29959845542907715
        ],
        "end_uv": [
            0.5719736814498901,
            0.3675364851951599
        ],
        "start_dir": [
            0.6305606365203857
        ],
        "end_dir": [
            0.9480577111244202
        ],
        "init_height": 0.2,
        "sil_spline": {
            "parameters": {
                "key_xs": [
                    0.0,
                    0.05263157933950424,
                    0.10526315867900848,
                    0.15789473056793213,
                    0.21052631735801697,
                    0.2631579041481018,
                    0.31578946113586426,
                    0.3684210479259491,
                    0.42105263471603394,
                    0.4736842215061188,
                    0.5263158082962036,
                    0.5789473652839661,
                    0.6315789222717285,
                    0.6842105388641357,
                    0.7368420958518982,
                    0.7894736528396606,
                    0.8421052694320679,
                    0.8947368264198303,
                    0.9473684430122375,
                    1.0
                ],
                "key_ys": [
                    0.3925447463989258,
                    0.3144359290599823,
                    0.3494138717651367,
                    0.34377145767211914,
                    0.34830018877983093,
                    0.34378159046173096,
                    0.34501907229423523,
                    0.3582577109336853,
                    0.3526771366596222,
                    0.4044249355792999,
                    0.4068414568901062,
                    0.4148658215999603,
                    0.4326106011867523,
                    0.4509899318218231,
                    0.4737568497657776,
                    0.48427191376686096,
                    0.4909047782421112,
                    0.4936351776123047,
                    0.50995272397995,
                    0.5409907102584839
                ],
                "key_ts": [
                    -1.2530769109725952,
                    2.051671028137207,
                    0.8604743480682373,
                    0.9752063751220703,
                    0.03849285468459129,
                    0.13948100805282593,
                    0.13467927277088165,
                    0.10680830478668213,
                    0.615624725818634,
                    -0.10988446325063705,
                    0.08298145979642868,
                    0.1970866322517395,
                    0.12767066061496735,
                    0.2062569111585617,
                    0.12467808276414871,
                    0.24658767879009247,
                    0.06916237622499466,
                    -0.08682553470134735,
                    -0.2614532709121704,
                    0.06644735485315323
                ]
            },
            "optimizer_parameters": {
                "y_lr": 0.05,
                "t_lr": 0.05,
                "scheduler_step_size": 20,
                "scheduler_gamma": 0.99
            }
        }
    },
    "optimizer_parameters": {
        "uv_lr": 0.005,
        "dir_lr": 0.05,
        "scheduler_step_size": 20,
        "scheduler_gamma": 0.99
    }
}