{
    "parameters": {
        "start_uv": [
            0.5056586265563965,
            0.0
        ],
        "end_uv": [
            0.3676382899284363,
            0.0
        ],
        "start_dir": [
            -0.5512595772743225
        ],
        "end_dir": [
            -0.9769269824028015
        ],
        "init_height": 0.2,
        "sil_spline": {
            "parameters": {
                "key_xs": [
                    0.0,
                    0.05263157933950424,
                    0.10526315867900848,
                    0.15789473056793213,
                    0.21052631735801697,
                    0.2631579041481018,
                    0.31578946113586426,
                    0.3684210479259491,
                    0.42105263471603394,
                    0.4736842215061188,
                    0.5263158082962036,
                    0.5789473652839661,
                    0.6315789222717285,
                    0.6842105388641357,
                    0.7368420958518982,
                    0.7894736528396606,
                    0.8421052694320679,
                    0.8947368264198303,
                    0.9473684430122375,
                    1.0
                ],
                "key_ys": [
                    0.46834978461265564,
                    0.36916959285736084,
                    0.4509618878364563,
                    0.42514386773109436,
                    0.45722559094429016,
                    0.49156779050827026,
                    0.5198122262954712,
                    0.9678436517715454,
                    0.9390843510627747,
                    0.9224433898925781,
                    0.8936419486999512,
                    0.8536987900733948,
                    0.820265531539917,
                    0.791311502456665,
                    0.6930915713310242,
                    0.641869068145752,
                    0.5755492448806763,
                    0.503340482711792,
                    0.42775052785873413,
                    0.35062703490257263
                ],
                "key_ts": [
                    -2.858490228652954,
                    2.7153337001800537,
                    1.9304519891738892,
                    -0.728853166103363,
                    0.7119612693786621,
                    0.300822913646698,
                    -1.2263121604919434,
                    -2.235719919204712,
                    -0.0973496064543724,
                    -0.3358079791069031,
                    -1.0555293560028076,
                    -0.5327085852622986,
                    -0.9892468452453613,
                    -0.3377314805984497,
                    -0.6666231155395508,
                    -0.5355736613273621,
                    -0.698991060256958,
                    -2.2784969806671143,
                    -2.2211363315582275,
                    0.31835827231407166
                ]
            },
            "optimizer_parameters": {
                "y_lr": 0.05,
                "t_lr": 0.05,
                "scheduler_step_size": 20,
                "scheduler_gamma": 0.99
            }
        }
    },
    "optimizer_parameters": {
        "uv_lr": 0.005,
        "dir_lr": 0.05,
        "scheduler_step_size": 20,
        "scheduler_gamma": 0.99
    }
}